race_date,place_code,race_no,bet_type,bet_name,kumi_ban,payout,popularity
2026-03-26,42,1,SH2,二車複,1=2,160,1
2026-03-26,42,1,ST2,二車単,1-2,220,1
2026-03-26,42,1,RH3,三連複,1=2=4,470,2
2026-03-26,42,1,RT3,三連単,1-2-4,1060,3
2026-03-26,42,1,W,ワイド,1=2,110,1
2026-03-26,42,1,W,ワイド,1=4,210,4
2026-03-26,42,1,W,ワイド,2=4,420,6
2026-03-26,42,2,SH2,二車複,1=7,11210,10
2026-03-26,42,2,ST2,二車単,1-7,9320,8
2026-03-26,42,2,RH3,三連複,1=2=7,7900,11
2026-03-26,42,2,RT3,三連単,1-7-2,47470,32
2026-03-26,42,2,W,ワイド,1=7,4120,15
2026-03-26,42,2,W,ワイド,1=2,160,1
2026-03-26,42,2,W,ワイド,2=7,5850,17
2026-03-26,42,3,SH2,二車複,1=2,510,2
2026-03-26,42,3,ST2,二車単,1-2,760,1
2026-03-26,42,3,RH3,三連複,1=2=3,780,3
2026-03-26,42,3,RT3,三連単,1-2-3,3480,6
2026-03-26,42,3,W,ワイド,1=2,230,2
2026-03-26,42,3,W,ワイド,1=3,240,3
2026-03-26,42,3,W,ワイド,2=3,340,4
2026-03-26,42,4,SH2,二車複,1=6,3420,9
2026-03-26,42,4,ST2,二車単,1-6,4510,9
2026-03-26,42,4,RH3,三連複,1=3=6,3990,9
2026-03-26,42,4,RT3,三連単,1-6-3,25280,47
2026-03-26,42,4,W,ワイド,1=6,930,9
2026-03-26,42,4,W,ワイド,1=3,340,4
2026-03-26,42,4,W,ワイド,3=6,1210,10
2026-03-26,42,5,SH2,二車複,1=4,1260,5
2026-03-26,42,5,ST2,二車単,1-4,3020,8
2026-03-26,42,5,RH3,三連複,1=2=4,890,3
2026-03-26,42,5,RT3,三連単,1-4-2,7420,21
2026-03-26,42,5,W,ワイド,1=4,360,6
2026-03-26,42,5,W,ワイド,1=2,140,1
2026-03-26,42,5,W,ワイド,2=4,540,9
2026-03-26,42,6,SH2,二車複,2=4,320,1
2026-03-26,42,6,ST2,二車単,4-2,540,2
2026-03-26,42,6,RH3,三連複,2=4=6,510,2
2026-03-26,42,6,RT3,三連単,4-2-6,3370,10
2026-03-26,42,6,W,ワイド,2=4,180,1
2026-03-26,42,6,W,ワイド,4=6,360,8
2026-03-26,42,6,W,ワイド,2=6,190,2
2026-03-26,42,7,SH2,二車複,1=2,170,1
2026-03-26,42,7,ST2,二車単,1-2,240,1
2026-03-26,42,7,RH3,三連複,1=2=7,2390,6
2026-03-26,42,7,RT3,三連単,1-2-7,4860,16
2026-03-26,42,7,W,ワイド,1=2,130,1
2026-03-26,42,7,W,ワイド,1=7,680,9
2026-03-26,42,7,W,ワイド,2=7,1160,13
2026-03-26,44,1,SH2,二車複,3=4,460,2
2026-03-26,44,1,ST2,二車単,4-3,610,2
2026-03-26,44,1,RH3,三連複,2=3=4,1900,10
2026-03-26,44,1,RT3,三連単,4-3-2,3650,10
2026-03-26,44,1,W,ワイド,3=4,260,3
2026-03-26,44,1,W,ワイド,2=4,430,8
2026-03-26,44,1,W,ワイド,2=3,860,14
2026-03-26,44,2,SH2,二車複,2=5,290,2
2026-03-26,44,2,ST2,二車単,2-5,550,3
2026-03-26,44,2,RH3,三連複,2=3=5,140,1
2026-03-26,44,2,RT3,三連単,2-5-3,770,3
2026-03-26,44,2,W,ワイド,2=5,130,2
2026-03-26,44,2,W,ワイド,2=3,100,1
2026-03-26,44,2,W,ワイド,3=5,140,3
2026-03-26,44,3,SH2,二車複,1=4,150,1
2026-03-26,44,3,ST2,二車単,1-4,260,1
2026-03-26,44,3,RH3,三連複,1=4=7,320,1
2026-03-26,44,3,RT3,三連単,1-4-7,730,1
2026-03-26,44,3,W,ワイド,1=4,110,1
2026-03-26,44,3,W,ワイド,1=7,250,3
2026-03-26,44,3,W,ワイド,4=7,290,4
2026-03-26,44,4,SH2,二車複,1=7,520,3
2026-03-26,44,4,ST2,二車単,1-7,560,1
2026-03-26,44,4,RH3,三連複,1=2=7,2360,11
2026-03-26,44,4,RT3,三連単,1-7-2,5180,15
2026-03-26,44,4,W,ワイド,1=7,290,3
2026-03-26,44,4,W,ワイド,1=2,730,12
2026-03-26,44,4,W,ワイド,2=7,690,11
2026-03-26,44,5,SH2,二車複,3=7,3640,7
2026-03-26,44,5,ST2,二車単,3-7,7730,18
2026-03-26,44,5,RH3,三連複,1=3=7,1400,5
2026-03-26,44,5,RT3,三連単,3-7-1,35100,67
2026-03-26,44,5,W,ワイド,3=7,620,8
2026-03-26,44,5,W,ワイド,1=3,1180,14
2026-03-26,44,5,W,ワイド,1=7,140,1
2026-03-26,44,6,SH2,二車複,1=6,520,2
2026-03-26,44,6,ST2,二車単,1-6,920,2
2026-03-26,44,6,RH3,三連複,1=5=6,520,1
2026-03-26,44,6,RT3,三連単,1-6-5,2690,4
2026-03-26,44,6,W,ワイド,1=6,180,1
2026-03-26,44,6,W,ワイド,1=5,180,2
2026-03-26,44,6,W,ワイド,5=6,450,10
2026-03-26,44,7,SH2,二車複,2=4,420,2
2026-03-26,44,7,ST2,二車単,4-2,880,3
2026-03-26,44,7,RH3,三連複,2=4=6,1570,5
2026-03-26,44,7,RT3,三連単,4-2-6,4680,17
2026-03-26,44,7,W,ワイド,2=4,240,2
2026-03-26,44,7,W,ワイド,4=6,1180,16
2026-03-26,44,7,W,ワイド,2=6,730,9
2026-03-26,44,8,SH2,二車複,3=5,4410,12
2026-03-26,44,8,ST2,二車単,3-5,8720,20
2026-03-26,44,8,RH3,三連複,3=5=7,480,1
2026-03-26,44,8,RT3,三連単,3-5-7,7700,25
2026-03-26,44,8,W,ワイド,3=5,550,9
2026-03-26,44,8,W,ワイド,3=7,170,1
2026-03-26,44,8,W,ワイド,5=7,430,6
2026-03-26,44,9,SH2,二車複,1=6,2930,7
2026-03-26,44,9,ST2,二車単,6-1,6700,19
2026-03-26,44,9,RH3,三連複,1=6=7,4690,16
2026-03-26,44,9,RT3,三連単,6-1-7,23320,72
2026-03-26,44,9,W,ワイド,1=6,880,15
2026-03-26,44,9,W,ワイド,6=7,630,11
2026-03-26,44,9,W,ワイド,1=7,370,5
2026-03-26,44,10,SH2,二車複,2=5,160,1
2026-03-26,44,10,ST2,二車単,5-2,310,2
2026-03-26,44,10,RH3,三連複,1=2=5,450,2
2026-03-26,44,10,RT3,三連単,5-2-1,1190,3
2026-03-26,44,10,W,ワイド,2=5,140,1
2026-03-26,44,10,W,ワイド,1=5,300,4
2026-03-26,44,10,W,ワイド,1=2,320,5
2026-03-26,44,11,SH2,二車複,1=6,1300,6
2026-03-26,44,11,ST2,二車単,1-6,2620,10
2026-03-26,44,11,RH3,三連複,1=2=6,610,3
2026-03-26,44,11,RT3,三連単,1-6-2,5190,23
2026-03-26,44,11,W,ワイド,1=6,400,8
2026-03-26,44,11,W,ワイド,1=2,210,2
2026-03-26,44,11,W,ワイド,2=6,310,5
2026-03-26,44,12,SH2,二車複,1=7,130,1
2026-03-26,44,12,ST2,二車単,7-1,670,2
2026-03-26,44,12,RH3,三連複,1=6=7,580,3
2026-03-26,44,12,RT3,三連単,7-1-6,4500,12
2026-03-26,44,12,W,ワイド,1=7,130,1
2026-03-26,44,12,W,ワイド,6=7,380,8
2026-03-26,44,12,W,ワイド,1=6,240,3
2026-03-26,56,1,SH2,二車複,1=2,220,1
2026-03-26,56,1,ST2,二車単,1-2,350,1
2026-03-26,56,1,RH3,三連複,1=2=3,170,1
2026-03-26,56,1,RT3,三連単,1-2-3,580,1
2026-03-26,56,1,W,ワイド,1=2,110,1
2026-03-26,56,1,W,ワイド,1=3,180,2
2026-03-26,56,1,W,ワイド,2=3,180,3
2026-03-26,56,2,SH2,二車複,1=3,380,2
2026-03-26,56,2,ST2,二車単,1-3,480,2
2026-03-26,56,2,RH3,三連複,1=2=3,160,1
2026-03-26,56,2,RT3,三連単,1-3-2,640,2
2026-03-26,56,2,W,ワイド,1=3,130,2
2026-03-26,56,2,W,ワイド,1=2,100,1
2026-03-26,56,2,W,ワイド,2=3,150,4
2026-03-26,56,3,SH2,二車複,3=7,2320,13
2026-03-26,56,3,ST2,二車単,7-3,6870,24
2026-03-26,56,3,RH3,三連複,3=4=7,6480,20
2026-03-26,56,3,RT3,三連単,7-3-4,61730,137
2026-03-26,56,3,W,ワイド,3=7,600,7
2026-03-26,56,3,W,ワイド,4=7,2010,18
2026-03-26,56,3,W,ワイド,3=4,650,8
2026-03-26,56,4,SH2,二車複,3=4,3190,12
2026-03-26,56,4,ST2,二車単,3-4,4460,16
2026-03-26,56,4,RH3,三連複,2=3=4,2330,11
2026-03-26,56,4,RT3,三連単,3-4-2,21560,71
2026-03-26,56,4,W,ワイド,3=4,980,16
2026-03-26,56,4,W,ワイド,2=3,590,10
2026-03-26,56,4,W,ワイド,2=4,300,3
2026-03-26,56,5,SH2,二車複,1=6,670,3
2026-03-26,56,5,ST2,二車単,1-6,1630,7
2026-03-26,56,5,RH3,三連複,1=4=6,5610,17
2026-03-26,56,5,RT3,三連単,1-6-4,15520,45
2026-03-26,56,5,W,ワイド,1=6,610,9
2026-03-26,56,5,W,ワイド,1=4,720,11
2026-03-26,56,5,W,ワイド,4=6,1170,13
2026-03-26,56,6,SH2,二車複,1=4,120,1
2026-03-26,56,6,ST2,二車単,1-4,240,1
2026-03-26,56,6,RH3,三連複,1=3=4,600,2
2026-03-26,56,6,RT3,三連単,1-4-3,1040,3
2026-03-26,56,6,W,ワイド,1=4,150,1
2026-03-26,56,6,W,ワイド,1=3,330,4
2026-03-26,56,6,W,ワイド,3=4,500,8
2026-03-26,56,7,SH2,二車複,1=3,120,1
2026-03-26,56,7,ST2,二車単,1-3,130,1
2026-03-26,56,7,RH3,三連複,1=2=3,200,1
2026-03-26,56,7,RT3,三連単,1-3-2,310,1
2026-03-26,56,7,W,ワイド,1=3,110,1
2026-03-26,56,7,W,ワイド,1=2,130,2
2026-03-26,56,7,W,ワイド,2=3,190,3
2026-03-26,81,1,SH2,二車複,1=4,150,1
2026-03-26,81,1,ST2,二車単,1-4,160,1
2026-03-26,81,1,RH3,三連複,1=3=4,960,4
2026-03-26,81,1,RT3,三連単,1-4-3,1480,4
2026-03-26,81,1,W,ワイド,1=4,120,1
2026-03-26,81,1,W,ワイド,1=3,440,7
2026-03-26,81,1,W,ワイド,3=4,600,10
2026-03-26,81,2,SH2,二車複,1=3,230,1
2026-03-26,81,2,ST2,二車単,1-3,310,1
2026-03-26,81,2,RH3,三連複,1=3=4,410,1
2026-03-26,81,2,RT3,三連単,1-3-4,980,2
2026-03-26,81,2,W,ワイド,1=3,150,2
2026-03-26,81,2,W,ワイド,1=4,140,1
2026-03-26,81,2,W,ワイド,3=4,280,6
2026-03-26,81,3,SH2,二車複,2=7,1500,6
2026-03-26,81,3,ST2,二車単,7-2,5880,13
2026-03-26,81,3,RH3,三連複,1=2=7,230,1
2026-03-26,81,3,RT3,三連単,7-2-1,7940,19
2026-03-26,81,3,W,ワイド,2=7,230,5
2026-03-26,81,3,W,ワイド,1=7,220,4
2026-03-26,81,3,W,ワイド,1=2,140,1
2026-03-26,81,4,SH2,二車複,2=6,1180,4
2026-03-26,81,4,ST2,二車単,2-6,1550,4
2026-03-26,81,4,RH3,三連複,2=4=6,2390,6
2026-03-26,81,4,RT3,三連単,2-6-4,6980,16
2026-03-26,81,4,W,ワイド,2=6,610,7
2026-03-26,81,4,W,ワイド,2=4,330,4
2026-03-26,81,4,W,ワイド,4=6,2740,13
2026-03-26,81,5,SH2,二車複,4=5,330,1
2026-03-26,81,5,ST2,二車単,5-4,920,4
2026-03-26,81,5,RH3,三連複,4=5=7,4160,13
2026-03-26,81,5,RT3,三連単,5-4-7,10020,34
2026-03-26,81,5,W,ワイド,4=5,210,2
2026-03-26,81,5,W,ワイド,5=7,1980,18
2026-03-26,81,5,W,ワイド,4=7,1320,15
2026-03-26,81,6,SH2,二車複,1=2,260,1
2026-03-26,81,6,ST2,二車単,2-1,300,1
2026-03-26,81,6,RH3,三連複,1=2=4,1010,4
2026-03-26,81,6,RT3,三連単,2-1-4,1910,4
2026-03-26,81,6,W,ワイド,1=2,150,1
2026-03-26,81,6,W,ワイド,2=4,430,6
2026-03-26,81,6,W,ワイド,1=4,710,10
2026-03-26,81,7,SH2,二車複,2=6,290,2
2026-03-26,81,7,ST2,二車単,2-6,1600,6
2026-03-26,81,7,RH3,三連複,1=2=6,260,1
2026-03-26,81,7,RT3,三連単,2-6-1,2430,8
2026-03-26,81,7,W,ワイド,2=6,130,1
2026-03-26,81,7,W,ワイド,1=2,190,4
2026-03-26,81,7,W,ワイド,1=6,140,2
2026-03-26,81,8,SH2,二車複,1=2,140,1
2026-03-26,81,8,ST2,二車単,1-2,150,1
2026-03-26,81,8,RH3,三連複,1=2=4,120,1
2026-03-26,81,8,RT3,三連単,1-2-4,200,1
2026-03-26,81,8,W,ワイド,1=2,100,1
2026-03-26,81,8,W,ワイド,1=4,120,2
2026-03-26,81,8,W,ワイド,2=4,140,3
2026-03-26,81,9,SH2,二車複,1=2,290,1
2026-03-26,81,9,ST2,二車単,2-1,360,1
2026-03-26,81,9,RH3,三連複,1=2=6,890,3
2026-03-26,81,9,RT3,三連単,2-1-6,1620,2
2026-03-26,81,9,W,ワイド,1=2,150,1
2026-03-26,81,9,W,ワイド,2=6,380,4
2026-03-26,81,9,W,ワイド,1=6,830,14
2026-03-26,86,1,SH2,二車複,1=5,260,2
2026-03-26,86,1,ST2,二車単,5-1,3060,5
2026-03-26,86,1,RH3,三連複,1=5=7,120,1
2026-03-26,86,1,RT3,三連単,5-1-7,4260,9
2026-03-26,86,1,W,ワイド,1=5,100,1
2026-03-26,86,1,W,ワイド,5=7,150,3
2026-03-26,86,1,W,ワイド,1=7,120,2
2026-03-26,86,2,SH2,二車複,1=5,1020,5
2026-03-26,86,2,ST2,二車単,1-5,990,6
2026-03-26,86,2,RH3,三連複,1=3=5,2380,12
2026-03-26,86,2,RT3,三連単,1-5-3,8450,36
2026-03-26,86,2,W,ワイド,1=5,360,3
2026-03-26,86,2,W,ワイド,1=3,370,4
2026-03-26,86,2,W,ワイド,3=5,1200,16
2026-03-26,86,3,SH2,二車複,4=5,1480,5
2026-03-26,86,3,ST2,二車単,5-4,3230,10
2026-03-26,86,3,RH3,三連複,2=4=5,1000,4
2026-03-26,86,3,RT3,三連単,5-4-2,7950,25
2026-03-26,86,3,W,ワイド,4=5,270,4
2026-03-26,86,3,W,ワイド,2=5,270,5
2026-03-26,86,3,W,ワイド,2=4,260,3
2026-03-26,86,4,SH2,二車複,3=4,290,1
2026-03-26,86,4,ST2,二車単,3-4,550,1
2026-03-26,86,4,RH3,三連複,3=4=5,740,1
2026-03-26,86,4,RT3,三連単,3-4-5,2210,2
2026-03-26,86,4,W,ワイド,3=4,180,1
2026-03-26,86,4,W,ワイド,3=5,330,7
2026-03-26,86,4,W,ワイド,4=5,310,4
2026-03-26,86,5,SH2,二車複,1=4,1020,5
2026-03-26,86,5,ST2,二車単,1-4,1490,6
2026-03-26,86,5,RH3,三連複,1=2=4,580,3
2026-03-26,86,5,RT3,三連単,1-4-2,3440,12
2026-03-26,86,5,W,ワイド,1=4,360,8
2026-03-26,86,5,W,ワイド,1=2,160,2
2026-03-26,86,5,W,ワイド,2=4,300,5
2026-03-26,86,6,SH2,二車複,1=2,360,2
2026-03-26,86,6,ST2,二車単,1-2,440,2
2026-03-26,86,6,RH3,三連複,1=2=5,680,3
2026-03-26,86,6,RT3,三連単,1-2-5,1310,5
2026-03-26,86,6,W,ワイド,1=2,190,3
2026-03-26,86,6,W,ワイド,1=5,460,7
2026-03-26,86,6,W,ワイド,2=5,330,6
2026-03-26,86,7,SH2,二車複,1=4,990,4
2026-03-26,86,7,ST2,二車単,4-1,1840,6
2026-03-26,86,7,RH3,三連複,1=3=4,400,2
2026-03-26,86,7,RT3,三連単,4-1-3,3750,12
2026-03-26,86,7,W,ワイド,1=4,280,4
2026-03-26,86,7,W,ワイド,3=4,170,2
2026-03-26,86,7,W,ワイド,1=3,240,3
2026-03-26,86,8,SH2,二車複,4=5,240,1
2026-03-26,86,8,ST2,二車単,5-4,280,1
2026-03-26,86,8,RH3,三連複,2=4=5,330,1
2026-03-26,86,8,RT3,三連単,5-4-2,550,1
2026-03-26,86,8,W,ワイド,4=5,160,1
2026-03-26,86,8,W,ワイド,2=5,260,4
2026-03-26,86,8,W,ワイド,2=4,230,3
2026-03-26,86,9,SH2,二車複,3=5,690,3
2026-03-26,86,9,ST2,二車単,5-3,1020,4
2026-03-26,86,9,RH3,三連複,2=3=5,330,1
2026-03-26,86,9,RT3,三連単,5-3-2,1320,3
2026-03-26,86,9,W,ワイド,3=5,220,2
2026-03-26,86,9,W,ワイド,2=5,170,1
2026-03-26,86,9,W,ワイド,2=3,330,5
2026-03-26,86,10,SH2,二車複,1=5,650,3
2026-03-26,86,10,ST2,二車単,5-1,710,3
2026-03-26,86,10,RH3,三連複,1=5=6,8310,16
2026-03-26,86,10,RT3,三連単,5-1-6,13660,33
2026-03-26,86,10,W,ワイド,1=5,170,2
2026-03-26,86,10,W,ワイド,5=6,1030,13
2026-03-26,86,10,W,ワイド,1=6,2900,19
2026-03-26,86,11,SH2,二車複,4=6,260,1
2026-03-26,86,11,ST2,二車単,4-6,490,2
2026-03-26,86,11,RH3,三連複,4=5=6,1370,5
2026-03-26,86,11,RT3,三連単,4-6-5,4140,12
2026-03-26,86,11,W,ワイド,4=6,160,1
2026-03-26,86,11,W,ワイド,4=5,680,11
2026-03-26,86,11,W,ワイド,5=6,550,6
2026-03-26,86,12,SH2,二車複,3=7,220,1
2026-03-26,86,12,ST2,二車単,3-7,270,1
2026-03-26,86,12,RH3,三連複,2=3=7,290,1
2026-03-26,86,12,RT3,三連単,3-7-2,640,1
2026-03-26,86,12,W,ワイド,3=7,140,2
2026-03-26,86,12,W,ワイド,2=3,140,1
2026-03-26,86,12,W,ワイド,2=7,190,3
2026-03-27,31,1,SH2,二車複,1=7,530,2
2026-03-27,31,1,ST2,二車単,7-1,670,2
2026-03-27,31,1,RH3,三連複,1=6=7,1340,6
2026-03-27,31,1,RT3,三連単,7-1-6,4270,10
2026-03-27,31,1,W,ワイド,1=7,190,2
2026-03-27,31,1,W,ワイド,6=7,620,11
2026-03-27,31,1,W,ワイド,1=6,420,7
2026-03-27,31,2,SH2,二車複,1=5,230,1
2026-03-27,31,2,ST2,二車単,5-1,270,1
2026-03-27,31,2,RH3,三連複,1=4=5,390,1
2026-03-27,31,2,RT3,三連単,5-1-4,520,1
2026-03-27,31,2,W,ワイド,1=5,130,1
2026-03-27,31,2,W,ワイド,4=5,360,6
2026-03-27,31,2,W,ワイド,1=4,430,7
2026-03-27,31,3,SH2,二車複,2=7,1290,3
2026-03-27,31,3,ST2,二車単,2-7,1690,4
2026-03-27,31,3,RH3,三連複,1=2=7,1770,6
2026-03-27,31,3,RT3,三連単,2-7-1,6390,17
2026-03-27,31,3,W,ワイド,2=7,450,5
2026-03-27,31,3,W,ワイド,1=2,660,11
2026-03-27,31,3,W,ワイド,1=7,1060,13
2026-03-27,31,4,SH2,二車複,2=4,250,1
2026-03-27,31,4,ST2,二車単,2-4,1050,4
2026-03-27,31,4,RH3,三連複,2=4=6,790,4
2026-03-27,31,4,RT3,三連単,2-4-6,2630,8
2026-03-27,31,4,W,ワイド,2=4,170,2
2026-03-27,31,4,W,ワイド,2=6,680,9
2026-03-27,31,4,W,ワイド,4=6,670,8
2026-03-27,31,5,SH2,二車複,1=5,100,1
2026-03-27,31,5,ST2,二車単,1-5,130,1
2026-03-27,31,5,RH3,三連複,1=5=7,170,1
2026-03-27,31,5,RT3,三連単,1-5-7,210,1
2026-03-27,31,5,W,ワイド,1=5,100,1
2026-03-27,31,5,W,ワイド,1=7,140,2
2026-03-27,31,5,W,ワイド,5=7,150,3
2026-03-27,31,6,SH2,二車複,3=7,960,3
2026-03-27,31,6,ST2,二車単,7-3,1220,4
2026-03-27,31,6,RH3,三連複,1=3=7,890,3
2026-03-27,31,6,RT3,三連単,7-3-1,2890,9
2026-03-27,31,6,W,ワイド,3=7,310,3
2026-03-27,31,6,W,ワイド,1=7,180,2
2026-03-27,31,6,W,ワイド,1=3,670,5
2026-03-27,31,7,SH2,二車複,4=5,740,3
2026-03-27,31,7,ST2,二車単,5-4,710,3
2026-03-27,31,7,RH3,三連複,2=4=5,17160,18
2026-03-27,31,7,RT3,三連単,5-4-2,29790,37
2026-03-27,31,7,W,ワイド,4=5,330,4
2026-03-27,31,7,W,ワイド,2=5,2590,13
2026-03-27,31,7,W,ワイド,2=4,6110,20
2026-03-27,56,1,SH2,二車複,3=4,1460,5
2026-03-27,56,1,ST2,二車単,4-3,4400,14
2026-03-27,56,1,RH3,三連複,1=3=4,800,3
2026-03-27,56,1,RT3,三連単,4-3-1,13970,38
2026-03-27,56,1,W,ワイド,3=4,240,5
2026-03-27,56,1,W,ワイド,1=4,200,3
2026-03-27,56,1,W,ワイド,1=3,150,1
2026-03-27,56,2,SH2,二車複,3=4,5120,15
2026-03-27,56,2,ST2,二車単,3-4,7690,20
2026-03-27,56,2,RH3,三連複,3=4=7,6930,20
2026-03-27,56,2,RT3,三連単,3-4-7,63220,127
2026-03-27,56,2,W,ワイド,3=4,930,12
2026-03-27,56,2,W,ワイド,3=7,580,7
2026-03-27,56,2,W,ワイド,4=7,2740,19
2026-03-27,56,3,SH2,二車複,1=2,230,1
2026-03-27,56,3,ST2,二車単,2-1,360,1
2026-03-27,56,3,RH3,三連複,1=2=7,400,1
2026-03-27,56,3,RT3,三連単,2-1-7,790,1
2026-03-27,56,3,W,ワイド,1=2,170,1
2026-03-27,56,3,W,ワイド,2=7,330,5
2026-03-27,56,3,W,ワイド,1=7,400,7
2026-03-27,56,4,SH2,二車複,2=5,1480,5
2026-03-27,56,4,ST2,二車単,5-2,4350,14
2026-03-27,56,4,RH3,三連複,2=4=5,2760,9
2026-03-27,56,4,RT3,三連単,5-2-4,26050,89
2026-03-27,56,4,W,ワイド,2=5,420,6
2026-03-27,56,4,W,ワイド,4=5,1170,17
2026-03-27,56,4,W,ワイド,2=4,460,7
2026-03-27,56,5,SH2,二車複,1=5,1340,4
2026-03-27,56,5,ST2,二車単,5-1,2190,7
2026-03-27,56,5,RH3,三連複,1=2=5,1210,4
2026-03-27,56,5,RT3,三連単,5-1-2,5800,18
2026-03-27,56,5,W,ワイド,1=5,350,5
2026-03-27,56,5,W,ワイド,2=5,330,4
2026-03-27,56,5,W,ワイド,1=2,420,6
2026-03-27,56,6,SH2,二車複,1=3,440,2
2026-03-27,56,6,ST2,二車単,1-3,590,2
2026-03-27,56,6,RH3,三連複,1=2=3,330,1
2026-03-27,56,6,RT3,三連単,1-3-2,1110,2
2026-03-27,56,6,W,ワイド,1=3,190,2
2026-03-27,56,6,W,ワイド,1=2,120,1
2026-03-27,56,6,W,ワイド,2=3,300,6
2026-03-27,56,7,SH2,二車複,1=2,420,2
2026-03-27,56,7,ST2,二車単,2-1,410,2
2026-03-27,56,7,RH3,三連複,1=2=4,700,3
2026-03-27,56,7,RT3,三連単,2-1-4,1160,2
2026-03-27,56,7,W,ワイド,1=2,190,2
2026-03-27,56,7,W,ワイド,2=4,270,4
2026-03-27,56,7,W,ワイド,1=4,600,9
2026-03-27,83,1,SH2,二車複,2=7,2220,9
2026-03-27,83,1,ST2,二車単,7-2,2810,10
2026-03-27,83,1,RH3,三連複,2=5=7,3820,13
2026-03-27,83,1,RT3,三連単,7-2-5,15650,51
2026-03-27,83,1,W,ワイド,2=7,640,11
2026-03-27,83,1,W,ワイド,5=7,610,10
2026-03-27,83,1,W,ワイド,2=5,530,8
2026-03-27,83,2,SH2,二車複,3=6,7920,14
2026-03-27,83,2,ST2,二車単,3-6,7010,20
2026-03-27,83,2,RH3,三連複,2=3=6,14230,23
2026-03-27,83,2,RT3,三連単,3-6-2,51300,98
2026-03-27,83,2,W,ワイド,3=6,1770,13
2026-03-27,83,2,W,ワイド,2=3,1070,11
2026-03-27,83,2,W,ワイド,2=6,5390,20
2026-03-27,83,3,SH2,二車複,2=4,450,3
2026-03-27,83,3,ST2,二車単,4-2,800,3
2026-03-27,83,3,RH3,三連複,2=3=4,410,1
2026-03-27,83,3,RT3,三連単,4-2-3,2020,5
2026-03-27,83,3,W,ワイド,2=4,190,4
2026-03-27,83,3,W,ワイド,3=4,170,3
2026-03-27,83,3,W,ワイド,2=3,150,1
2026-03-27,83,4,SH2,二車複,4=5,1010,2
2026-03-27,83,4,ST2,二車単,4-5,1460,3
2026-03-27,83,4,RH3,三連複,2=4=5,5370,11
2026-03-27,83,4,RT3,三連単,4-5-2,11180,22
2026-03-27,83,4,W,ワイド,4=5,410,5
2026-03-27,83,4,W,ワイド,2=4,340,3
2026-03-27,83,4,W,ワイド,2=5,2000,14
2026-03-27,83,5,SH2,二車複,3=7,6040,15
2026-03-27,83,5,ST2,二車単,3-7,14370,36
2026-03-27,83,5,RH3,三連複,3=4=7,6500,24
2026-03-27,83,5,RT3,三連単,3-7-4,58450,131
2026-03-27,83,5,W,ワイド,3=7,1040,11
2026-03-27,83,5,W,ワイド,3=4,1550,20
2026-03-27,83,5,W,ワイド,4=7,240,2
2026-03-27,83,6,SH2,二車複,3=6,170,1
2026-03-27,83,6,ST2,二車単,6-3,220,1
2026-03-27,83,6,RH3,三連複,2=3=6,670,3
2026-03-27,83,6,RT3,三連単,6-3-2,1260,4
2026-03-27,83,6,W,ワイド,3=6,120,1
2026-03-27,83,6,W,ワイド,2=6,390,5
2026-03-27,83,6,W,ワイド,2=3,680,7
2026-03-27,83,7,SH2,二車複,1=7,140,1
2026-03-27,83,7,ST2,二車単,7-1,140,1
2026-03-27,83,7,RH3,三連複,1=2=7,440,3
2026-03-27,83,7,RT3,三連単,7-1-2,590,3
2026-03-27,83,7,W,ワイド,1=7,100,1
2026-03-27,83,7,W,ワイド,2=7,250,4
2026-03-27,83,7,W,ワイド,1=2,360,7
2026-03-27,83,8,SH2,二車複,4=7,270,1
2026-03-27,83,8,ST2,二車単,7-4,500,1
2026-03-27,83,8,RH3,三連複,2=4=7,480,1
2026-03-27,83,8,RT3,三連単,7-4-2,980,1
2026-03-27,83,8,W,ワイド,4=7,140,1
2026-03-27,83,8,W,ワイド,2=7,280,3
2026-03-27,83,8,W,ワイド,2=4,400,8
2026-03-27,83,9,SH2,二車複,2=4,730,3
2026-03-27,83,9,ST2,二車単,4-2,1870,7
2026-03-27,83,9,RH3,三連複,2=3=4,620,2
2026-03-27,83,9,RT3,三連単,4-2-3,3700,8
2026-03-27,83,9,W,ワイド,2=4,220,3
2026-03-27,83,9,W,ワイド,3=4,130,1
2026-03-27,83,9,W,ワイド,2=3,360,6
2026-03-27,83,10,SH2,二車複,3=5,280,1
2026-03-27,83,10,ST2,二車単,3-5,760,3
2026-03-27,83,10,RH3,三連複,1=3=5,570,2
2026-03-27,83,10,RT3,三連単,3-5-1,2880,7
2026-03-27,83,10,W,ワイド,3=5,150,1
2026-03-27,83,10,W,ワイド,1=3,390,7
2026-03-27,83,10,W,ワイド,1=5,290,4
2026-03-27,83,11,SH2,二車複,1=4,110,1
2026-03-27,83,11,ST2,二車単,1-4,140,1
2026-03-27,83,11,RH3,三連複,1=4=7,190,1
2026-03-27,83,11,RT3,三連単,1-4-7,280,1
2026-03-27,83,11,W,ワイド,1=4,100,1
2026-03-27,83,11,W,ワイド,1=7,170,2
2026-03-27,83,11,W,ワイド,4=7,210,4
2026-03-27,83,12,SH2,二車複,3=4,430,2
2026-03-27,83,12,ST2,二車単,4-3,1000,3
2026-03-27,83,12,RH3,三連複,3=4=6,1550,5
2026-03-27,83,12,RT3,三連単,4-3-6,4410,15
2026-03-27,83,12,W,ワイド,3=4,260,4
2026-03-27,83,12,W,ワイド,4=6,920,11
2026-03-27,83,12,W,ワイド,3=6,1080,14
2026-03-28,61,1,SH2,二車複,3=4,4140,10
2026-03-28,61,1,ST2,二車単,3-4,3480,14
2026-03-28,61,1,RH3,三連複,2=3=4,10050,24
2026-03-28,61,1,RT3,三連単,3-4-2,54030,93
2026-03-28,61,1,W,ワイド,3=4,1060,9
2026-03-28,61,1,W,ワイド,2=3,2240,14
2026-03-28,61,1,W,ワイド,2=4,2740,18
2026-03-28,61,2,SH2,二車複,1=4,130,1
2026-03-28,61,2,ST2,二車単,4-1,190,1
2026-03-28,61,2,RH3,三連複,1=4=6,160,1
2026-03-28,61,2,RT3,三連単,4-1-6,310,1
2026-03-28,61,2,W,ワイド,1=4,100,1
2026-03-28,61,2,W,ワイド,4=6,160,2
2026-03-28,61,2,W,ワイド,1=6,190,3
2026-03-28,61,3,SH2,二車複,1=7,170,1
2026-03-28,61,3,ST2,二車単,7-1,590,3
2026-03-28,61,3,RH3,三連複,1=4=7,120,1
2026-03-28,61,3,RT3,三連単,7-1-4,770,3
2026-03-28,61,3,W,ワイド,1=7,100,1
2026-03-28,61,3,W,ワイド,4=7,120,2
2026-03-28,61,3,W,ワイド,1=4,130,3
2026-03-28,61,4,SH2,二車複,1=7,270,2
2026-03-28,61,4,ST2,二車単,1-7,990,4
2026-03-28,61,4,RH3,三連複,1=3=7,690,3
2026-03-28,61,4,RT3,三連単,1-7-3,4540,17
2026-03-28,61,4,W,ワイド,1=7,170,2
2026-03-28,61,4,W,ワイド,1=3,300,6
2026-03-28,61,4,W,ワイド,3=7,210,4
2026-03-28,61,5,SH2,二車複,3=5,280,2
2026-03-28,61,5,ST2,二車単,5-3,520,3
2026-03-28,61,5,RH3,三連複,1=3=5,230,1
2026-03-28,61,5,RT3,三連単,5-3-1,2110,7
2026-03-28,61,5,W,ワイド,3=5,150,1
2026-03-28,61,5,W,ワイド,1=5,190,4
2026-03-28,61,5,W,ワイド,1=3,150,2
2026-03-28,61,6,SH2,二車複,3=7,360,2
2026-03-28,61,6,ST2,二車単,3-7,520,2
2026-03-28,61,6,RH3,三連複,2=3=7,1440,6
2026-03-28,61,6,RT3,三連単,3-7-2,2270,7
2026-03-28,61,6,W,ワイド,3=7,220,2
2026-03-28,61,6,W,ワイド,2=3,1280,14
2026-03-28,61,6,W,ワイド,2=7,1400,16
2026-03-28,61,7,SH2,二車複,2=7,230,1
2026-03-28,61,7,ST2,二車単,2-7,310,1
2026-03-28,61,7,RH3,三連複,2=3=7,560,1
2026-03-28,61,7,RT3,三連単,2-7-3,960,1
2026-03-28,61,7,W,ワイド,2=7,140,1
2026-03-28,61,7,W,ワイド,2=3,210,2
2026-03-28,61,7,W,ワイド,3=7,450,8
2026-03-28,61,8,SH2,二車複,2=6,1480,6
2026-03-28,61,8,ST2,二車単,6-2,4950,13
2026-03-28,61,8,RH3,三連複,2=6=7,2090,7
2026-03-28,61,8,RT3,三連単,6-2-7,20860,46
2026-03-28,61,8,W,ワイド,2=6,550,8
2026-03-28,61,8,W,ワイド,6=7,770,10
2026-03-28,61,8,W,ワイド,2=7,140,1
2026-03-28,61,9,SH2,二車複,1=7,1450,6
2026-03-28,61,9,ST2,二車単,1-7,2970,9
2026-03-28,61,9,RH3,三連複,1=2=7,850,4
2026-03-28,61,9,RT3,三連単,1-7-2,7270,22
2026-03-28,61,9,W,ワイド,1=7,380,6
2026-03-28,61,9,W,ワイド,1=2,180,3
2026-03-28,61,9,W,ワイド,2=7,280,4
2026-03-28,61,10,SH2,二車複,2=4,7200,12
2026-03-28,61,10,ST2,二車単,2-4,13230,19
2026-03-28,61,10,RH3,三連複,1=2=4,1560,7
2026-03-28,61,10,RT3,三連単,2-4-1,30670,57
2026-03-28,61,10,W,ワイド,2=4,1240,13
2026-03-28,61,10,W,ワイド,1=2,170,2
2026-03-28,61,10,W,ワイド,1=4,540,8
2026-03-28,61,11,SH2,二車複,1=3,320,1
2026-03-28,61,11,ST2,二車単,1-3,810,3
2026-03-28,61,11,RH3,三連複,1=2=3,380,1
2026-03-28,61,11,RT3,三連単,1-3-2,2070,4
2026-03-28,61,11,W,ワイド,1=3,170,2
2026-03-28,61,11,W,ワイド,1=2,160,1
2026-03-28,61,11,W,ワイド,2=3,190,3
2026-03-28,81,1,SH2,二車複,2=5,2340,7
2026-03-28,81,1,ST2,二車単,2-5,2270,6
2026-03-28,81,1,RH3,三連複,1=2=5,2510,8
2026-03-28,81,1,RT3,三連単,2-5-1,8170,23
2026-03-28,81,1,W,ワイド,2=5,560,7
2026-03-28,81,1,W,ワイド,1=2,180,2
2026-03-28,81,1,W,ワイド,1=5,960,13
2026-03-28,81,2,SH2,二車複,2=5,180,1
2026-03-28,81,2,ST2,二車単,5-2,480,2
2026-03-28,81,2,RH3,三連複,2=4=5,1150,6
2026-03-28,81,2,RT3,三連単,5-2-4,3960,13
2026-03-28,81,2,W,ワイド,2=5,120,1
2026-03-28,81,2,W,ワイド,4=5,530,9
2026-03-28,81,2,W,ワイド,2=4,330,5
2026-03-28,81,3,SH2,二車複,1=4,130,1
2026-03-28,81,3,ST2,二車単,1-4,170,1
2026-03-28,81,3,RH3,三連複,1=3=4,180,1
2026-03-28,81,3,RT3,三連単,1-4-3,300,1
2026-03-28,81,3,W,ワイド,1=4,110,1
2026-03-28,81,3,W,ワイド,1=3,140,2
2026-03-28,81,3,W,ワイド,3=4,150,3
2026-03-28,81,4,SH2,二車複,3=4,1070,4
2026-03-28,81,4,ST2,二車単,3-4,2660,9
2026-03-28,81,4,RH3,三連複,2=3=4,2450,10
2026-03-28,81,4,RT3,三連単,3-4-2,17590,51
2026-03-28,81,4,W,ワイド,3=4,330,4
2026-03-28,81,4,W,ワイド,2=3,580,11
2026-03-28,81,4,W,ワイド,2=4,350,5
2026-03-28,81,5,SH2,二車複,1=2,230,1
2026-03-28,81,5,ST2,二車単,2-1,910,3
2026-03-28,81,5,RH3,三連複,1=2=4,710,3
2026-03-28,81,5,RT3,三連単,2-1-4,3240,11
2026-03-28,81,5,W,ワイド,1=2,150,1
2026-03-28,81,5,W,ワイド,2=4,350,6
2026-03-28,81,5,W,ワイド,1=4,230,3
2026-03-28,81,6,SH2,二車複,1=4,260,1
2026-03-28,81,6,ST2,二車単,1-4,270,1
2026-03-28,81,6,RH3,三連複,1=3=4,510,2
2026-03-28,81,6,RT3,三連単,1-4-3,1070,2
2026-03-28,81,6,W,ワイド,1=4,140,2
2026-03-28,81,6,W,ワイド,1=3,140,1
2026-03-28,81,6,W,ワイド,3=4,230,4
2026-03-28,81,7,SH2,二車複,1=2,400,2
2026-03-28,81,7,ST2,二車単,1-2,510,2
2026-03-28,81,7,RH3,三連複,1=2=5,150,1
2026-03-28,81,7,RT3,三連単,1-2-5,820,3
2026-03-28,81,7,W,ワイド,1=2,130,3
2026-03-28,81,7,W,ワイド,1=5,120,1
2026-03-28,81,7,W,ワイド,2=5,130,2
2026-03-28,81,8,SH2,二車複,5=7,550,3
2026-03-28,81,8,ST2,二車単,7-5,630,2
2026-03-28,81,8,RH3,三連複,1=5=7,770,2
2026-03-28,81,8,RT3,三連単,7-5-1,2460,6
2026-03-28,81,8,W,ワイド,5=7,270,3
2026-03-28,81,8,W,ワイド,1=7,210,2
2026-03-28,81,8,W,ワイド,1=5,350,6
2026-03-28,81,9,SH2,二車複,5=7,2050,7
2026-03-28,81,9,ST2,二車単,7-5,3450,14
2026-03-28,81,9,RH3,三連複,2=5=7,2150,8
2026-03-28,81,9,RT3,三連単,7-5-2,8620,28
2026-03-28,81,9,W,ワイド,5=7,1190,15
2026-03-28,81,9,W,ワイド,2=7,410,5
2026-03-28,81,9,W,ワイド,2=5,940,14
2026-03-29,31,1,SH2,二車複,1=5,1130,4
2026-03-29,31,1,ST2,二車単,5-1,1210,7
2026-03-29,31,1,RH3,三連複,1=2=5,1390,8
2026-03-29,31,1,RT3,三連単,5-1-2,4320,15
2026-03-29,31,1,W,ワイド,1=5,400,5
2026-03-29,31,1,W,ワイド,2=5,210,3
2026-03-29,31,1,W,ワイド,1=2,760,12
2026-03-29,31,2,SH2,二車複,1=3,650,4
2026-03-29,31,2,ST2,二車単,3-1,480,1
2026-03-29,31,2,RH3,三連複,1=3=4,1050,5
2026-03-29,31,2,RT3,三連単,3-1-4,2340,6
2026-03-29,31,2,W,ワイド,1=3,200,2
2026-03-29,31,2,W,ワイド,3=4,270,4
2026-03-29,31,2,W,ワイド,1=4,300,5
2026-03-29,31,3,SH2,二車複,1=4,220,1
2026-03-29,31,3,ST2,二車単,4-1,320,1
2026-03-29,31,3,RH3,三連複,1=3=4,1110,6
2026-03-29,31,3,RT3,三連単,4-1-3,2240,5
2026-03-29,31,3,W,ワイド,1=4,140,1
2026-03-29,31,3,W,ワイド,3=4,480,11
2026-03-29,31,3,W,ワイド,1=3,320,5
2026-03-29,31,4,SH2,二車複,1=7,960,4
2026-03-29,31,4,ST2,二車単,1-7,3890,13
2026-03-29,31,4,RH3,三連複,1=3=7,280,1
2026-03-29,31,4,RT3,三連単,1-7-3,7170,21
2026-03-29,31,4,W,ワイド,1=7,150,2
2026-03-29,31,4,W,ワイド,1=3,230,5
2026-03-29,31,4,W,ワイド,3=7,100,1
2026-03-29,31,5,SH2,二車複,3=7,640,3
2026-03-29,31,5,ST2,二車単,3-7,980,4
2026-03-29,31,5,RH3,三連複,3=6=7,1760,7
2026-03-29,31,5,RT3,三連単,3-7-6,2990,11
2026-03-29,31,5,W,ワイド,3=7,320,4
2026-03-29,31,5,W,ワイド,3=6,580,8
2026-03-29,31,5,W,ワイド,6=7,1700,17
2026-03-29,31,6,SH2,二車複,1=2,3540,9
2026-03-29,31,6,ST2,二車単,2-1,3930,13
2026-03-29,31,6,RH3,三連複,1=2=5,2790,9
2026-03-29,31,6,RT3,三連単,2-1-5,14860,44
2026-03-29,31,6,W,ワイド,1=2,690,10
2026-03-29,31,6,W,ワイド,2=5,190,2
2026-03-29,31,6,W,ワイド,1=5,880,11
2026-03-29,31,7,SH2,二車複,4=7,540,2
2026-03-29,31,7,ST2,二車単,4-7,1140,3
2026-03-29,31,7,RH3,三連複,3=4=7,300,1
2026-03-29,31,7,RT3,三連単,4-7-3,2410,9
2026-03-29,31,7,W,ワイド,4=7,160,2
2026-03-29,31,7,W,ワイド,3=4,110,1
2026-03-29,31,7,W,ワイド,3=7,330,5
2026-03-29,83,1,SH2,二車複,1=4,5230,16
2026-03-29,83,1,ST2,二車単,1-4,19040,33
2026-03-29,83,1,RH3,三連複,1=4=5,4640,20
2026-03-29,83,1,RT3,三連単,1-4-5,48370,115
2026-03-29,83,1,W,ワイド,1=4,1440,16
2026-03-29,83,1,W,ワイド,1=5,800,11
2026-03-29,83,1,W,ワイド,4=5,670,10
2026-03-29,83,2,SH2,二車複,1=2,1430,5
2026-03-29,83,2,ST2,二車単,2-1,3220,10
2026-03-29,83,2,RH3,三連複,1=2=5,480,1
2026-03-29,83,2,RT3,三連単,2-1-5,6130,22
2026-03-29,83,2,W,ワイド,1=2,330,6
2026-03-29,83,2,W,ワイド,2=5,190,2
2026-03-29,83,2,W,ワイド,1=5,160,1
2026-03-29,83,3,SH2,二車複,4=7,470,2
2026-03-29,83,3,ST2,二車単,7-4,1130,3
2026-03-29,83,3,RH3,三連複,3=4=7,1410,5
2026-03-29,83,3,RT3,三連単,7-4-3,9830,36
2026-03-29,83,3,W,ワイド,4=7,200,1
2026-03-29,83,3,W,ワイド,3=7,930,15
2026-03-29,83,3,W,ワイド,3=4,360,6
2026-03-29,83,4,SH2,二車複,2=5,500,2
2026-03-29,83,4,ST2,二車単,5-2,990,3
2026-03-29,83,4,RH3,三連複,1=2=5,720,3
2026-03-29,83,4,RT3,三連単,5-2-1,3230,7
2026-03-29,83,4,W,ワイド,2=5,200,2
2026-03-29,83,4,W,ワイド,1=5,160,1
2026-03-29,83,4,W,ワイド,1=2,440,9
2026-03-29,83,5,SH2,二車複,2=4,1260,7
2026-03-29,83,5,ST2,二車単,4-2,2690,11
2026-03-29,83,5,RH3,三連複,2=4=6,2150,8
2026-03-29,83,5,RT3,三連単,4-2-6,10690,43
2026-03-29,83,5,W,ワイド,2=4,440,7
2026-03-29,83,5,W,ワイド,4=6,560,9
2026-03-29,83,5,W,ワイド,2=6,180,1
2026-03-29,83,6,SH2,二車複,2=5,1050,6
2026-03-29,83,6,ST2,二車単,5-2,3960,15
2026-03-29,83,6,RH3,三連複,2=4=5,1000,5
2026-03-29,83,6,RT3,三連単,5-2-4,11330,43
2026-03-29,83,6,W,ワイド,2=5,410,8
2026-03-29,83,6,W,ワイド,4=5,460,10
2026-03-29,83,6,W,ワイド,2=4,300,4
2026-03-29,83,7,SH2,二車複,1=7,290,1
2026-03-29,83,7,ST2,二車単,7-1,390,1
2026-03-29,83,7,RH3,三連複,1=3=7,910,4
2026-03-29,83,7,RT3,三連単,7-1-3,1960,3
2026-03-29,83,7,W,ワイド,1=7,150,1
2026-03-29,83,7,W,ワイド,3=7,430,6
2026-03-29,83,7,W,ワイド,1=3,600,13
2026-03-29,83,8,SH2,二車複,1=5,450,2
2026-03-29,83,8,ST2,二車単,1-5,1350,7
2026-03-29,83,8,RH3,三連複,1=3=5,550,2
2026-03-29,83,8,RT3,三連単,1-5-3,2920,9
2026-03-29,83,8,W,ワイド,1=5,210,2
2026-03-29,83,8,W,ワイド,1=3,420,9
2026-03-29,83,8,W,ワイド,3=5,210,3
2026-03-29,83,9,SH2,二車複,2=3,2460,11
2026-03-29,83,9,ST2,二車単,3-2,6900,21
2026-03-29,83,9,RH3,三連複,2=3=6,5350,17
2026-03-29,83,9,RT3,三連単,3-2-6,28720,91
2026-03-29,83,9,W,ワイド,2=3,730,10
2026-03-29,83,9,W,ワイド,3=6,1170,14
2026-03-29,83,9,W,ワイド,2=6,1890,19
2026-03-29,83,10,SH2,二車複,1=3,130,1
2026-03-29,83,10,ST2,二車単,3-1,1420,5
2026-03-29,83,10,RH3,三連複,1=2=3,200,1
2026-03-29,83,10,RT3,三連単,3-1-2,6080,15
2026-03-29,83,10,W,ワイド,1=3,100,1
2026-03-29,83,10,W,ワイド,2=3,220,4
2026-03-29,83,10,W,ワイド,1=2,140,2
2026-03-29,83,11,SH2,二車複,3=7,3900,13
2026-03-29,83,11,ST2,二車単,7-3,6010,22
2026-03-29,83,11,RH3,三連複,2=3=7,2340,9
2026-03-29,83,11,RT3,三連単,7-3-2,27660,100
2026-03-29,83,11,W,ワイド,3=7,710,11
2026-03-29,83,11,W,ワイド,2=7,370,5
2026-03-29,83,11,W,ワイド,2=3,730,12
2026-03-29,83,12,SH2,二車複,1=4,590,3
2026-03-29,83,12,ST2,二車単,1-4,840,3
2026-03-29,83,12,RH3,三連複,1=4=7,670,2
2026-03-29,83,12,RT3,三連単,1-4-7,2260,2
2026-03-29,83,12,W,ワイド,1=4,250,3
2026-03-29,83,12,W,ワイド,1=7,190,2
2026-03-29,83,12,W,ワイド,4=7,530,10
2026-03-29,87,1,SH2,二車複,3=4,1220,3
2026-03-29,87,1,ST2,二車単,3-4,1150,3
2026-03-29,87,1,RH3,三連複,1=3=4,990,5
2026-03-29,87,1,RT3,三連単,3-4-1,2090,7
2026-03-29,87,1,W,ワイド,3=4,360,7
2026-03-29,87,1,W,ワイド,1=3,220,3
2026-03-29,87,1,W,ワイド,1=4,210,2
2026-03-29,87,2,SH2,二車複,1=6,450,2
2026-03-29,87,2,ST2,二車単,1-6,560,2
2026-03-29,87,2,RH3,三連複,1=5=6,480,1
2026-03-29,87,2,RT3,三連単,1-6-5,850,1
2026-03-29,87,2,W,ワイド,1=6,210,4
2026-03-29,87,2,W,ワイド,1=5,200,3
2026-03-29,87,2,W,ワイド,5=6,470,6
2026-03-29,87,3,SH2,二車複,1=2,110,1
2026-03-29,87,3,ST2,二車単,2-1,1380,4
2026-03-29,87,3,RH3,三連複,1=2=5,160,1
2026-03-29,87,3,RT3,三連単,2-1-5,2890,6
2026-03-29,87,3,W,ワイド,1=2,100,1
2026-03-29,87,3,W,ワイド,2=5,160,3
2026-03-29,87,3,W,ワイド,1=5,120,2
2026-03-29,87,4,SH2,二車複,1=3,400,2
2026-03-29,87,4,ST2,二車単,1-3,370,2
2026-03-29,87,4,RH3,三連複,1=3=6,1460,6
2026-03-29,87,4,RT3,三連単,1-3-6,3560,12
2026-03-29,87,4,W,ワイド,1=3,180,2
2026-03-29,87,4,W,ワイド,1=6,400,7
2026-03-29,87,4,W,ワイド,3=6,1190,14
2026-03-29,87,5,SH2,二車複,2=3,260,1
2026-03-29,87,5,ST2,二車単,3-2,650,3
2026-03-29,87,5,RH3,三連複,2=3=7,2340,10
2026-03-29,87,5,RT3,三連単,3-2-7,5160,16
2026-03-29,87,5,W,ワイド,2=3,230,2
2026-03-29,87,5,W,ワイド,3=7,1120,14
2026-03-29,87,5,W,ワイド,2=7,1250,15
2026-03-29,87,6,SH2,二車複,1=2,190,1
2026-03-29,87,6,ST2,二車単,2-1,600,3
2026-03-29,87,6,RH3,三連複,1=2=5,3170,9
2026-03-29,87,6,RT3,三連単,2-1-5,7760,29
2026-03-29,87,6,W,ワイド,1=2,180,1
2026-03-29,87,6,W,ワイド,2=5,2250,14
2026-03-29,87,6,W,ワイド,1=5,1650,12
2026-03-29,87,7,SH2,二車複,2=6,3620,10
2026-03-29,87,7,ST2,二車単,2-6,4150,13
2026-03-29,87,7,RH3,三連複,2=3=6,1720,7
2026-03-29,87,7,RT3,三連単,2-6-3,10160,36
2026-03-29,87,7,W,ワイド,2=6,860,11
2026-03-29,87,7,W,ワイド,2=3,370,6
2026-03-29,87,7,W,ワイド,3=6,470,8
2026-03-29,87,8,SH2,二車複,1=2,140,1
2026-03-29,87,8,ST2,二車単,1-2,170,1
2026-03-29,87,8,RH3,三連複,1=2=4,160,1
2026-03-29,87,8,RT3,三連単,1-2-4,200,1
2026-03-29,87,8,W,ワイド,1=2,100,1
2026-03-29,87,8,W,ワイド,1=4,120,2
2026-03-29,87,8,W,ワイド,2=4,180,4
2026-03-29,87,9,SH2,二車複,1=7,4840,16
2026-03-29,87,9,ST2,二車単,7-1,11720,32
2026-03-29,87,9,RH3,三連複,1=3=7,1970,10
2026-03-29,87,9,RT3,三連単,7-1-3,32100,110
2026-03-29,87,9,W,ワイド,1=7,390,7
2026-03-29,87,9,W,ワイド,3=7,350,4
2026-03-29,87,9,W,ワイド,1=3,360,5
2026-03-30,62,1,SH2,二車複,1=5,180,1
2026-03-30,62,1,ST2,二車単,5-1,230,1
2026-03-30,62,1,RH3,三連複,1=3=5,290,1
2026-03-30,62,1,RT3,三連単,5-1-3,570,1
2026-03-30,62,1,W,ワイド,1=5,120,1
2026-03-30,62,1,W,ワイド,3=5,170,2
2026-03-30,62,1,W,ワイド,1=3,280,8
2026-03-30,62,2,SH2,二車複,3=5,200,1
2026-03-30,62,2,ST2,二車単,3-5,870,2
2026-03-30,62,2,RH3,三連複,3=5=6,590,2
2026-03-30,62,2,RT3,三連単,3-5-6,1830,5
2026-03-30,62,2,W,ワイド,3=5,160,1
2026-03-30,62,2,W,ワイド,3=6,640,13
2026-03-30,62,2,W,ワイド,5=6,550,10
2026-03-30,62,3,SH2,二車複,1=4,820,4
2026-03-30,62,3,ST2,二車単,1-4,1400,5
2026-03-30,62,3,RH3,三連複,1=4=5,890,3
2026-03-30,62,3,RT3,三連単,1-4-5,3740,11
2026-03-30,62,3,W,ワイド,1=4,230,3
2026-03-30,62,3,W,ワイド,1=5,140,1
2026-03-30,62,3,W,ワイド,4=5,560,10
2026-03-30,62,4,SH2,二車複,1=5,110,1
2026-03-30,62,4,ST2,二車単,1-5,620,2
2026-03-30,62,4,RH3,三連複,1=2=5,420,2
2026-03-30,62,4,RT3,三連単,1-5-2,1970,5
2026-03-30,62,4,W,ワイド,1=5,100,1
2026-03-30,62,4,W,ワイド,1=2,250,5
2026-03-30,62,4,W,ワイド,2=5,190,4
2026-03-30,62,5,SH2,二車複,2=5,230,1
2026-03-30,62,5,ST2,二車単,5-2,830,3
2026-03-30,62,5,RH3,三連複,1=2=5,450,2
2026-03-30,62,5,RT3,三連単,5-2-1,2170,7
2026-03-30,62,5,W,ワイド,2=5,120,1
2026-03-30,62,5,W,ワイド,1=5,410,7
2026-03-30,62,5,W,ワイド,1=2,290,3
2026-03-30,62,6,SH2,二車複,3=5,230,2
2026-03-30,62,6,ST2,二車単,5-3,240,1
2026-03-30,62,6,RH3,三連複,3=4=5,250,1
2026-03-30,62,6,RT3,三連単,5-3-4,620,1
2026-03-30,62,6,W,ワイド,3=5,120,2
2026-03-30,62,6,W,ワイド,4=5,110,1
2026-03-30,62,6,W,ワイド,3=4,240,3
2026-03-30,62,7,SH2,二車複,1=2,270,2
2026-03-30,62,7,ST2,二車単,2-1,1010,4
2026-03-30,62,7,RH3,三連複,1=2=5,420,1
2026-03-30,62,7,RT3,三連単,2-1-5,3940,16
2026-03-30,62,7,W,ワイド,1=2,170,2
2026-03-30,62,7,W,ワイド,2=5,300,7
2026-03-30,62,7,W,ワイド,1=5,120,1
2026-03-30,87,1,SH2,二車複,2=5,930,3
2026-03-30,87,1,ST2,二車単,5-2,3570,10
2026-03-30,87,1,RH3,三連複,1=2=5,610,3
2026-03-30,87,1,RT3,三連単,5-2-1,12540,33
2026-03-30,87,1,W,ワイド,2=5,220,3
2026-03-30,87,1,W,ワイド,1=5,400,8
2026-03-30,87,1,W,ワイド,1=2,160,2
2026-03-30,87,2,SH2,二車複,1=3,240,1
2026-03-30,87,2,ST2,二車単,3-1,540,2
2026-03-30,87,2,RH3,三連複,1=2=3,220,1
2026-03-30,87,2,RT3,三連単,3-1-2,830,2
2026-03-30,87,2,W,ワイド,1=3,140,1
2026-03-30,87,2,W,ワイド,2=3,150,2
2026-03-30,87,2,W,ワイド,1=2,180,3
2026-03-30,87,3,SH2,二車複,1=5,780,3
2026-03-30,87,3,ST2,二車単,1-5,860,3
2026-03-30,87,3,RH3,三連複,1=3=5,2760,7
2026-03-30,87,3,RT3,三連単,1-5-3,6490,16
2026-03-30,87,3,W,ワイド,1=5,180,2
2026-03-30,87,3,W,ワイド,1=3,230,4
2026-03-30,87,3,W,ワイド,3=5,660,10
2026-03-30,87,4,SH2,二車複,1=2,160,1
2026-03-30,87,4,ST2,二車単,1-2,150,1
2026-03-30,87,4,RH3,三連複,1=2=4,260,1
2026-03-30,87,4,RT3,三連単,1-2-4,340,1
2026-03-30,87,4,W,ワイド,1=2,100,1
2026-03-30,87,4,W,ワイド,1=4,140,2
2026-03-30,87,4,W,ワイド,2=4,240,4
2026-03-30,87,5,SH2,二車複,1=3,540,2
2026-03-30,87,5,ST2,二車単,3-1,630,3
2026-03-30,87,5,RH3,三連複,1=2=3,440,2
2026-03-30,87,5,RT3,三連単,3-1-2,2100,4
2026-03-30,87,5,W,ワイド,1=3,170,2
2026-03-30,87,5,W,ワイド,2=3,290,6
2026-03-30,87,5,W,ワイド,1=2,150,1
2026-03-30,87,6,SH2,二車複,1=2,370,2
2026-03-30,87,6,ST2,二車単,2-1,1410,6
2026-03-30,87,6,RH3,三連複,1=2=7,2400,9
2026-03-30,87,6,RT3,三連単,2-1-7,11310,41
2026-03-30,87,6,W,ワイド,1=2,220,2
2026-03-30,87,6,W,ワイド,2=7,3460,21
2026-03-30,87,6,W,ワイド,1=7,1010,14
2026-03-30,87,7,SH2,二車複,1=2,140,1
2026-03-30,87,7,ST2,二車単,2-1,170,1
2026-03-30,87,7,RH3,三連複,1=2=3,730,2
2026-03-30,87,7,RT3,三連単,2-1-3,1360,4
2026-03-30,87,7,W,ワイド,1=2,110,1
2026-03-30,87,7,W,ワイド,2=3,250,4
2026-03-30,87,7,W,ワイド,1=3,300,6
2026-03-30,87,8,SH2,二車複,1=3,150,1
2026-03-30,87,8,ST2,二車単,1-3,200,1
2026-03-30,87,8,RH3,三連複,1=2=3,300,2
2026-03-30,87,8,RT3,三連単,1-3-2,1070,3
2026-03-30,87,8,W,ワイド,1=3,100,1
2026-03-30,87,8,W,ワイド,1=2,220,5
2026-03-30,87,8,W,ワイド,2=3,180,2
2026-03-30,87,9,SH2,二車複,1=4,320,2
2026-03-30,87,9,ST2,二車単,1-4,450,1
2026-03-30,87,9,RH3,三連複,1=2=4,350,1
2026-03-30,87,9,RT3,三連単,1-4-2,890,1
2026-03-30,87,9,W,ワイド,1=4,170,3
2026-03-30,87,9,W,ワイド,1=2,140,1
2026-03-30,87,9,W,ワイド,2=4,280,5
2026-03-31,35,1,SH2,二車複,2=3,200,1
2026-03-31,35,1,ST2,二車単,3-2,430,1
2026-03-31,35,1,RH3,三連複,2=3=4,390,2
2026-03-31,35,1,RT3,三連単,3-2-4,1170,3
2026-03-31,35,1,W,ワイド,2=3,140,1
2026-03-31,35,1,W,ワイド,3=4,240,5
2026-03-31,35,1,W,ワイド,2=4,270,6
2026-03-31,35,2,SH2,二車複,3=4,1040,5
2026-03-31,35,2,ST2,二車単,4-3,1520,6
2026-03-31,35,2,RH3,三連複,3=4=6,5320,13
2026-03-31,35,2,RT3,三連単,4-3-6,13140,37
2026-03-31,35,2,W,ワイド,3=4,380,6
2026-03-31,35,2,W,ワイド,4=6,960,9
2026-03-31,35,2,W,ワイド,3=6,1750,14
2026-03-31,35,3,SH2,二車複,1=6,360,2
2026-03-31,35,3,ST2,二車単,6-1,720,3
2026-03-31,35,3,RH3,三連複,1=4=6,790,3
2026-03-31,35,3,RT3,三連単,6-1-4,2410,6
2026-03-31,35,3,W,ワイド,1=6,270,3
2026-03-31,35,3,W,ワイド,4=6,280,4
2026-03-31,35,3,W,ワイド,1=4,310,6
2026-03-31,35,4,SH2,二車複,3=5,950,4
2026-03-31,35,4,ST2,二車単,3-5,2480,8
2026-03-31,35,4,RH3,三連複,2=3=5,250,1
2026-03-31,35,4,RT3,三連単,3-5-2,3900,11
2026-03-31,35,4,W,ワイド,3=5,210,4
2026-03-31,35,4,W,ワイド,2=3,130,1
2026-03-31,35,4,W,ワイド,2=5,160,3
2026-03-31,35,5,SH2,二車複,1=4,240,1
2026-03-31,35,5,ST2,二車単,4-1,970,4
2026-03-31,35,5,RH3,三連複,1=3=4,550,3
2026-03-31,35,5,RT3,三連単,4-1-3,3220,13
2026-03-31,35,5,W,ワイド,1=4,180,2
2026-03-31,35,5,W,ワイド,3=4,260,4
2026-03-31,35,5,W,ワイド,1=3,280,5
2026-03-31,35,6,SH2,二車複,1=4,180,1
2026-03-31,35,6,ST2,二車単,4-1,520,2
2026-03-31,35,6,RH3,三連複,1=4=5,240,1
2026-03-31,35,6,RT3,三連単,4-1-5,970,2
2026-03-31,35,6,W,ワイド,1=4,140,1
2026-03-31,35,6,W,ワイド,4=5,230,2
2026-03-31,35,6,W,ワイド,1=5,270,5
2026-03-31,35,7,SH2,二車複,1=5,11210,20
2026-03-31,35,7,ST2,二車単,1-5,12710,35
2026-03-31,35,7,RH3,三連複,1=5=6,9020,25
2026-03-31,35,7,RT3,三連単,1-5-6,82370,151
2026-03-31,35,7,W,ワイド,1=5,1120,11
2026-03-31,35,7,W,ワイド,1=6,1030,9
2026-03-31,35,7,W,ワイド,5=6,1770,18
2026-03-31,35,8,SH2,二車複,1=6,3430,7
2026-03-31,35,8,ST2,二車単,1-6,3640,10
2026-03-31,35,8,RH3,三連複,1=2=6,1390,5
2026-03-31,35,8,RT3,三連単,1-6-2,9400,26
2026-03-31,35,8,W,ワイド,1=6,660,8
2026-03-31,35,8,W,ワイド,1=2,130,1
2026-03-31,35,8,W,ワイド,2=6,1140,11
2026-03-31,35,9,SH2,二車複,5=7,4830,11
2026-03-31,35,9,ST2,二車単,5-7,9420,21
2026-03-31,35,9,RH3,三連複,1=5=7,5670,13
2026-03-31,35,9,RT3,三連単,5-7-1,54870,94
2026-03-31,35,9,W,ワイド,5=7,1750,16
2026-03-31,35,9,W,ワイド,1=5,340,4
2026-03-31,35,9,W,ワイド,1=7,840,8
2026-03-31,87,1,SH2,二車複,4=5,2220,5
2026-03-31,87,1,ST2,二車単,5-4,4440,9
2026-03-31,87,1,RH3,三連複,1=4=5,1400,5
2026-03-31,87,1,RT3,三連単,5-4-1,8020,19
2026-03-31,87,1,W,ワイド,4=5,630,9
2026-03-31,87,1,W,ワイド,1=5,1260,13
2026-03-31,87,1,W,ワイド,1=4,440,6
2026-03-31,87,2,SH2,二車複,1=3,500,3
2026-03-31,87,2,ST2,二車単,1-3,600,3
2026-03-31,87,2,RH3,三連複,1=3=5,3840,10
2026-03-31,87,2,RT3,三連単,1-3-5,6910,26
2026-03-31,87,2,W,ワイド,1=3,250,3
2026-03-31,87,2,W,ワイド,1=5,1210,10
2026-03-31,87,2,W,ワイド,3=5,1550,12
2026-03-31,87,3,SH2,二車複,1=4,300,1
2026-03-31,87,3,ST2,二車単,1-4,480,1
2026-03-31,87,3,RH3,三連複,1=4=7,2280,8
2026-03-31,87,3,RT3,三連単,1-4-7,6600,21
2026-03-31,87,3,W,ワイド,1=4,170,1
2026-03-31,87,3,W,ワイド,1=7,600,7
2026-03-31,87,3,W,ワイド,4=7,1480,16
2026-03-31,87,4,SH2,二車複,3=5,680,4
2026-03-31,87,4,ST2,二車単,3-5,850,4
2026-03-31,87,4,RH3,三連複,3=4=5,580,2
2026-03-31,87,4,RT3,三連単,3-5-4,2080,5
2026-03-31,87,4,W,ワイド,3=5,280,4
2026-03-31,87,4,W,ワイド,3=4,220,2
2026-03-31,87,4,W,ワイド,4=5,400,9
2026-03-31,87,5,SH2,二車複,1=6,1830,5
2026-03-31,87,5,ST2,二車単,1-6,2400,6
2026-03-31,87,5,RH3,三連複,1=5=6,1950,7
2026-03-31,87,5,RT3,三連単,1-6-5,4930,16
2026-03-31,87,5,W,ワイド,1=6,700,9
2026-03-31,87,5,W,ワイド,1=5,700,8
2026-03-31,87,5,W,ワイド,5=6,1160,11
2026-03-31,87,6,SH2,二車複,1=5,270,1
2026-03-31,87,6,ST2,二車単,1-5,340,1
2026-03-31,87,6,RH3,三連複,1=5=6,300,1
2026-03-31,87,6,RT3,三連単,1-5-6,620,1
2026-03-31,87,6,W,ワイド,1=5,140,1
2026-03-31,87,6,W,ワイド,1=6,140,2
2026-03-31,87,6,W,ワイド,5=6,330,6
2026-03-31,87,7,SH2,二車複,1=3,150,1
2026-03-31,87,7,ST2,二車単,3-1,530,2
2026-03-31,87,7,RH3,三連複,1=2=3,480,2
2026-03-31,87,7,RT3,三連単,3-1-2,2760,7
2026-03-31,87,7,W,ワイド,1=3,130,1
2026-03-31,87,7,W,ワイド,2=3,320,6
2026-03-31,87,7,W,ワイド,1=2,210,3
2026-03-31,87,8,SH2,二車複,1=5,800,3
2026-03-31,87,8,ST2,二車単,1-5,1030,4
2026-03-31,87,8,RH3,三連複,1=2=5,770,4
2026-03-31,87,8,RT3,三連単,1-5-2,5430,18
2026-03-31,87,8,W,ワイド,1=5,240,3
2026-03-31,87,8,W,ワイド,1=2,110,1
2026-03-31,87,8,W,ワイド,2=5,580,8
2026-03-31,87,9,SH2,二車複,1=3,610,2
2026-03-31,87,9,ST2,二車単,1-3,1490,7
2026-03-31,87,9,RH3,三連複,1=3=6,1600,7
2026-03-31,87,9,RT3,三連単,1-3-6,8800,37
2026-03-31,87,9,W,ワイド,1=3,220,1
2026-03-31,87,9,W,ワイド,1=6,320,4
2026-03-31,87,9,W,ワイド,3=6,370,7
2026-04-01,24,1,SH2,二車複,1=2,170,1
2026-04-01,24,1,ST2,二車単,2-1,780,2
2026-04-01,24,1,RH3,三連複,1=2=4,340,1
2026-04-01,24,1,RT3,三連単,2-1-4,2100,4
2026-04-01,24,1,W,ワイド,1=2,140,1
2026-04-01,24,1,W,ワイド,2=4,250,4
2026-04-01,24,1,W,ワイド,1=4,230,3
2026-04-01,24,2,SH2,二車複,1=4,460,2
2026-04-01,24,2,ST2,二車単,4-1,1200,6
2026-04-01,24,2,RH3,三連複,1=3=4,340,1
2026-04-01,24,2,RT3,三連単,4-1-3,4010,16
2026-04-01,24,2,W,ワイド,1=4,170,2
2026-04-01,24,2,W,ワイド,3=4,190,3
2026-04-01,24,2,W,ワイド,1=3,130,1
2026-04-01,24,3,SH2,二車複,2=3,1050,4
2026-04-01,24,3,ST2,二車単,3-2,2060,5
2026-04-01,24,3,RH3,三連複,2=3=6,4820,13
2026-04-01,24,3,RT3,三連単,3-2-6,22780,58
2026-04-01,24,3,W,ワイド,2=3,210,3
2026-04-01,24,3,W,ワイド,3=6,690,9
2026-04-01,24,3,W,ワイド,2=6,750,11
2026-04-01,24,4,SH2,二車複,1=2,190,1
2026-04-01,24,4,ST2,二車単,1-2,280,1
2026-04-01,24,4,RH3,三連複,1=2=5,1360,3
2026-04-01,24,4,RT3,三連単,1-2-5,3020,7
2026-04-01,24,4,W,ワイド,1=2,120,1
2026-04-01,24,4,W,ワイド,1=5,340,5
2026-04-01,24,4,W,ワイド,2=5,540,8
2026-04-01,24,5,SH2,二車複,1=2,130,1
2026-04-01,24,5,ST2,二車単,1-2,220,1
2026-04-01,24,5,RH3,三連複,1=2=5,490,3
2026-04-01,24,5,RT3,三連単,1-2-5,1100,4
2026-04-01,24,5,W,ワイド,1=2,120,1
2026-04-01,24,5,W,ワイド,1=5,320,6
2026-04-01,24,5,W,ワイド,2=5,330,7
2026-04-01,24,6,SH2,二車複,1=2,110,1
2026-04-01,24,6,ST2,二車単,1-2,150,1
2026-04-01,24,6,RH3,三連複,1=2=5,210,1
2026-04-01,24,6,RT3,三連単,1-2-5,290,1
2026-04-01,24,6,W,ワイド,1=2,100,1
2026-04-01,24,6,W,ワイド,1=5,180,3
2026-04-01,24,6,W,ワイド,2=5,200,4
2026-04-01,24,7,SH2,二車複,2=4,420,2
2026-04-01,24,7,ST2,二車単,2-4,660,3
2026-04-01,24,7,RH3,三連複,1=2=4,1060,5
2026-04-01,24,7,RT3,三連単,2-4-1,3810,11
2026-04-01,24,7,W,ワイド,2=4,310,2
2026-04-01,24,7,W,ワイド,1=2,330,4
2026-04-01,24,7,W,ワイド,1=4,460,7
2026-04-01,42,1,SH2,二車複,1=4,610,3
2026-04-01,42,1,ST2,二車単,1-4,670,4
2026-04-01,42,1,RH3,三連複,1=2=4,230,2
2026-04-01,42,1,RT3,三連単,1-4-2,880,4
2026-04-01,42,1,W,ワイド,1=4,140,3
2026-04-01,42,1,W,ワイド,1=2,100,1
2026-04-01,42,1,W,ワイド,2=4,150,4
2026-04-01,42,2,SH2,二車複,1=3,350,2
2026-04-01,42,2,ST2,二車単,1-3,350,2
2026-04-01,42,2,RH3,三連複,1=2=3,150,1
2026-04-01,42,2,RT3,三連単,1-3-2,530,2
2026-04-01,42,2,W,ワイド,1=3,120,2
2026-04-01,42,2,W,ワイド,1=2,100,1
2026-04-01,42,2,W,ワイド,2=3,140,3
2026-04-01,42,3,SH2,二車複,1=3,150,1
2026-04-01,42,3,ST2,二車単,1-3,220,1
2026-04-01,42,3,RH3,三連複,1=3=7,340,2
2026-04-01,42,3,RT3,三連単,1-3-7,860,3
2026-04-01,42,3,W,ワイド,1=3,130,1
2026-04-01,42,3,W,ワイド,1=7,400,8
2026-04-01,42,3,W,ワイド,3=7,370,6
2026-04-01,42,4,SH2,二車複,2=3,590,2
2026-04-01,42,4,ST2,二車単,3-2,1400,5
2026-04-01,42,4,RH3,三連複,2=3=5,1210,4
2026-04-01,42,4,RT3,三連単,3-2-5,4910,16
2026-04-01,42,4,W,ワイド,2=3,250,2
2026-04-01,42,4,W,ワイド,3=5,310,5
2026-04-01,42,4,W,ワイド,2=5,410,7
2026-04-01,42,5,SH2,二車複,6=7,3930,10
2026-04-01,42,5,ST2,二車単,6-7,4840,15
2026-04-01,42,5,RH3,三連複,4=6=7,11950,26
2026-04-01,42,5,RT3,三連単,6-7-4,46180,93
2026-04-01,42,5,W,ワイド,6=7,1920,17
2026-04-01,42,5,W,ワイド,4=6,1320,12
2026-04-01,42,5,W,ワイド,4=7,3810,20
2026-04-01,42,6,SH2,二車複,1=5,1010,4
2026-04-01,42,6,ST2,二車単,1-5,1280,4
2026-04-01,42,6,RH3,三連複,1=3=5,2570,7
2026-04-01,42,6,RT3,三連単,1-5-3,8430,17
2026-04-01,42,6,W,ワイド,1=5,320,5
2026-04-01,42,6,W,ワイド,1=3,160,2
2026-04-01,42,6,W,ワイド,3=5,600,9
2026-04-01,42,7,SH2,二車複,1=3,880,3
2026-04-01,42,7,ST2,二車単,3-1,2270,7
2026-04-01,42,7,RH3,三連複,1=3=4,1620,6
2026-04-01,42,7,RT3,三連単,3-1-4,7840,30
2026-04-01,42,7,W,ワイド,1=3,270,3
2026-04-01,42,7,W,ワイド,3=4,680,9
2026-04-01,42,7,W,ワイド,1=4,640,8
2026-04-01,44,1,SH2,二車複,4=7,420,3
2026-04-01,44,1,ST2,二車単,7-4,500,1
2026-04-01,44,1,RH3,三連複,4=5=7,550,2
2026-04-01,44,1,RT3,三連単,7-4-5,1860,8
2026-04-01,44,1,W,ワイド,4=7,220,4
2026-04-01,44,1,W,ワイド,5=7,150,1
2026-04-01,44,1,W,ワイド,4=5,410,6
2026-04-01,44,2,SH2,二車複,3=5,480,2
2026-04-01,44,2,ST2,二車単,3-5,650,3
2026-04-01,44,2,RH3,三連複,3=4=5,220,1
2026-04-01,44,2,RT3,三連単,3-5-4,1050,3
2026-04-01,44,2,W,ワイド,3=5,140,2
2026-04-01,44,2,W,ワイド,3=4,100,1
2026-04-01,44,2,W,ワイド,4=5,190,3
2026-04-01,44,3,SH2,二車複,1=7,110,1
2026-04-01,44,3,ST2,二車単,1-7,150,1
2026-04-01,44,3,RH3,三連複,1=3=7,610,2
2026-04-01,44,3,RT3,三連単,1-7-3,790,3
2026-04-01,44,3,W,ワイド,1=7,100,1
2026-04-01,44,3,W,ワイド,1=3,330,5
2026-04-01,44,3,W,ワイド,3=7,410,7
2026-04-01,44,4,SH2,二車複,2=7,150,1
2026-04-01,44,4,ST2,二車単,2-7,150,1
2026-04-01,44,4,RH3,三連複,2=3=7,160,1
2026-04-01,44,4,RT3,三連単,2-7-3,210,1
2026-04-01,44,4,W,ワイド,2=7,100,1
2026-04-01,44,4,W,ワイド,2=3,130,2
2026-04-01,44,4,W,ワイド,3=7,150,4
2026-04-01,44,5,SH2,二車複,1=4,160,1
2026-04-01,44,5,ST2,二車単,1-4,200,1
2026-04-01,44,5,RH3,三連複,1=4=6,170,1
2026-04-01,44,5,RT3,三連単,1-4-6,340,1
2026-04-01,44,5,W,ワイド,1=4,100,1
2026-04-01,44,5,W,ワイド,1=6,110,2
2026-04-01,44,5,W,ワイド,4=6,150,3
2026-04-01,44,6,SH2,二車複,4=7,150,1
2026-04-01,44,6,ST2,二車単,7-4,150,1
2026-04-01,44,6,RH3,三連複,2=4=7,170,1
2026-04-01,44,6,RT3,三連単,7-4-2,270,1
2026-04-01,44,6,W,ワイド,4=7,100,1
2026-04-01,44,6,W,ワイド,2=7,120,2
2026-04-01,44,6,W,ワイド,2=4,190,4
2026-04-01,44,7,SH2,二車複,2=3,3720,9
2026-04-01,44,7,ST2,二車単,2-3,7170,16
2026-04-01,44,7,RH3,三連複,2=3=5,2610,11
2026-04-01,44,7,RT3,三連単,2-3-5,21010,54
2026-04-01,44,7,W,ワイド,2=3,1590,16
2026-04-01,44,7,W,ワイド,2=5,270,3
2026-04-01,44,7,W,ワイド,3=5,910,11
2026-04-01,44,8,SH2,二車複,1=3,1120,2
2026-04-01,44,8,ST2,二車単,1-3,1460,3
2026-04-01,44,8,RH3,三連複,1=3=5,2620,5
2026-04-01,44,8,RT3,三連単,1-3-5,8490,18
2026-04-01,44,8,W,ワイド,1=3,380,2
2026-04-01,44,8,W,ワイド,1=5,450,4
2026-04-01,44,8,W,ワイド,3=5,1200,11
2026-04-01,44,9,SH2,二車複,3=6,170,1
2026-04-01,44,9,ST2,二車単,6-3,190,1
2026-04-01,44,9,RH3,三連複,3=6=7,170,1
2026-04-01,44,9,RT3,三連単,6-3-7,280,1
2026-04-01,44,9,W,ワイド,3=6,100,1
2026-04-01,44,9,W,ワイド,6=7,130,2
2026-04-01,44,9,W,ワイド,3=7,200,4
2026-04-01,44,10,SH2,二車複,1=4,120,1
2026-04-01,44,10,ST2,二車単,1-4,150,1
2026-04-01,44,10,RH3,三連複,1=4=7,640,3
2026-04-01,44,10,RT3,三連単,1-4-7,1260,4
2026-04-01,44,10,W,ワイド,1=4,100,1
2026-04-01,44,10,W,ワイド,1=7,300,6
2026-04-01,44,10,W,ワイド,4=7,460,7
2026-04-01,44,11,SH2,二車複,2=5,160,1
2026-04-01,44,11,ST2,二車単,2-5,190,1
2026-04-01,44,11,RH3,三連複,2=5=6,370,1
2026-04-01,44,11,RT3,三連単,2-5-6,540,1
2026-04-01,44,11,W,ワイド,2=5,130,1
2026-04-01,44,11,W,ワイド,2=6,300,4
2026-04-01,44,11,W,ワイド,5=6,310,5
2026-04-01,56,1,SH2,二車複,3=7,3180,10
2026-04-01,56,1,ST2,二車単,3-7,7890,20
2026-04-01,56,1,RH3,三連複,3=5=7,6440,18
2026-04-01,56,1,RT3,三連単,3-7-5,60440,104
2026-04-01,56,1,W,ワイド,3=7,500,8
2026-04-01,56,1,W,ワイド,3=5,1270,14
2026-04-01,56,1,W,ワイド,5=7,370,6
2026-04-01,56,2,SH2,二車複,3=5,280,2
2026-04-01,56,2,ST2,二車単,3-5,440,2
2026-04-01,56,2,RH3,三連複,2=3=5,410,2
2026-04-01,56,2,RT3,三連単,3-5-2,1300,4
2026-04-01,56,2,W,ワイド,3=5,140,2
2026-04-01,56,2,W,ワイド,2=3,270,5
2026-04-01,56,2,W,ワイド,2=5,180,3
2026-04-01,56,3,SH2,二車複,3=4,130,1
2026-04-01,56,3,ST2,二車単,3-4,240,1
2026-04-01,56,3,RH3,三連複,3=4=5,370,1
2026-04-01,56,3,RT3,三連単,3-4-5,790,1
2026-04-01,56,3,W,ワイド,3=4,110,1
2026-04-01,56,3,W,ワイド,3=5,250,2
2026-04-01,56,3,W,ワイド,4=5,330,6
2026-04-01,56,4,SH2,二車複,3=4,770,4
2026-04-01,56,4,ST2,二車単,3-4,1920,9
2026-04-01,56,4,RH3,三連複,3=4=5,560,2
2026-04-01,56,4,RT3,三連単,3-4-5,4470,14
2026-04-01,56,4,W,ワイド,3=4,340,6
2026-04-01,56,4,W,ワイド,3=5,330,5
2026-04-01,56,4,W,ワイド,4=5,270,4
2026-04-01,56,5,SH2,二車複,4=6,10700,19
2026-04-01,56,5,ST2,二車単,4-6,38510,41
2026-04-01,56,5,RH3,三連複,4=6=7,1760,8
2026-04-01,56,5,RT3,三連単,4-6-7,130260,158
2026-04-01,56,5,W,ワイド,4=6,1550,16
2026-04-01,56,5,W,ワイド,4=7,170,1
2026-04-01,56,5,W,ワイド,6=7,520,8
2026-04-01,56,6,SH2,二車複,2=7,370,2
2026-04-01,56,6,ST2,二車単,7-2,450,2
2026-04-01,56,6,RH3,三連複,2=4=7,720,2
2026-04-01,56,6,RT3,三連単,7-2-4,1690,3
2026-04-01,56,6,W,ワイド,2=7,150,1
2026-04-01,56,6,W,ワイド,4=7,210,3
2026-04-01,56,6,W,ワイド,2=4,400,7
2026-04-01,56,7,SH2,二車複,2=5,820,4
2026-04-01,56,7,ST2,二車単,5-2,1700,6
2026-04-01,56,7,RH3,三連複,2=3=5,770,3
2026-04-01,56,7,RT3,三連単,5-2-3,4960,14
2026-04-01,56,7,W,ワイド,2=5,430,6
2026-04-01,56,7,W,ワイド,3=5,310,4
2026-04-01,56,7,W,ワイド,2=3,270,3
2026-04-01,56,8,SH2,二車複,3=4,160,1
2026-04-01,56,8,ST2,二車単,3-4,230,1
2026-04-01,56,8,RH3,三連複,3=4=7,390,1
2026-04-01,56,8,RT3,三連単,3-4-7,870,2
2026-04-01,56,8,W,ワイド,3=4,110,1
2026-04-01,56,8,W,ワイド,3=7,230,3
2026-04-01,56,8,W,ワイド,4=7,290,6
2026-04-01,56,9,SH2,二車複,2=7,130,1
2026-04-01,56,9,ST2,二車単,7-2,230,1
2026-04-01,56,9,RH3,三連複,2=3=7,170,1
2026-04-01,56,9,RT3,三連単,7-2-3,360,1
2026-04-01,56,9,W,ワイド,2=7,100,1
2026-04-01,56,9,W,ワイド,3=7,150,2
2026-04-01,56,9,W,ワイド,2=3,150,3
2026-04-01,56,10,SH2,二車複,1=4,200,1
2026-04-01,56,10,ST2,二車単,4-1,250,1
2026-04-01,56,10,RH3,三連複,1=4=7,500,2
2026-04-01,56,10,RT3,三連単,4-1-7,640,2
2026-04-01,56,10,W,ワイド,1=4,130,1
2026-04-01,56,10,W,ワイド,4=7,230,4
2026-04-01,56,10,W,ワイド,1=7,400,6
2026-04-01,56,11,SH2,二車複,1=5,100,1
2026-04-01,56,11,ST2,二車単,1-5,430,2
2026-04-01,56,11,RH3,三連複,1=5=6,1360,4
2026-04-01,56,11,RT3,三連単,1-5-6,4280,11
2026-04-01,56,11,W,ワイド,1=5,100,1
2026-04-01,56,11,W,ワイド,1=6,910,11
2026-04-01,56,11,W,ワイド,5=6,630,8
2026-04-01,56,12,SH2,二車複,1=5,800,4
2026-04-01,56,12,ST2,二車単,5-1,1360,5
2026-04-01,56,12,RH3,三連複,1=3=5,860,3
2026-04-01,56,12,RT3,三連単,5-1-3,4010,13
2026-04-01,56,12,W,ワイド,1=5,190,1
2026-04-01,56,12,W,ワイド,3=5,260,4
2026-04-01,56,12,W,ワイド,1=3,580,10
2026-04-01,81,1,SH2,二車複,4=5,2780,8
2026-04-01,81,1,ST2,二車単,5-4,9660,19
2026-04-01,81,1,RH3,三連複,1=4=5,3910,13
2026-04-01,81,1,RT3,三連単,5-4-1,43170,90
2026-04-01,81,1,W,ワイド,4=5,680,7
2026-04-01,81,1,W,ワイド,1=5,1050,13
2026-04-01,81,1,W,ワイド,1=4,800,9
2026-04-01,81,2,SH2,二車複,3=4,530,2
2026-04-01,81,2,ST2,二車単,4-3,1080,4
2026-04-01,81,2,RH3,三連複,2=3=4,890,4
2026-04-01,81,2,RT3,三連単,4-3-2,3950,13
2026-04-01,81,2,W,ワイド,3=4,280,4
2026-04-01,81,2,W,ワイド,2=4,280,5
2026-04-01,81,2,W,ワイド,2=3,180,2
2026-04-01,81,3,SH2,二車複,2=4,3290,8
2026-04-01,81,3,ST2,二車単,2-4,4660,13
2026-04-01,81,3,RH3,三連複,1=2=4,950,3
2026-04-01,81,3,RT3,三連単,2-4-1,11990,29
2026-04-01,81,3,W,ワイド,2=4,460,7
2026-04-01,81,3,W,ワイド,1=2,120,1
2026-04-01,81,3,W,ワイド,1=4,470,8
2026-04-01,81,4,SH2,二車複,1=2,110,1
2026-04-01,81,4,ST2,二車単,2-1,300,2
2026-04-01,81,4,RH3,三連複,1=2=5,140,1
2026-04-01,81,4,RT3,三連単,2-1-5,460,2
2026-04-01,81,4,W,ワイド,1=2,100,1
2026-04-01,81,4,W,ワイド,2=5,140,3
2026-04-01,81,4,W,ワイド,1=5,140,2
2026-04-01,81,5,SH2,二車複,1=4,130,1
2026-04-01,81,5,ST2,二車単,1-4,150,1
2026-04-01,81,5,RH3,三連複,1=4=5,130,1
2026-04-01,81,5,RT3,三連単,1-4-5,190,1
2026-04-01,81,5,W,ワイド,1=4,100,1
2026-04-01,81,5,W,ワイド,1=5,130,2
2026-04-01,81,5,W,ワイド,4=5,140,3
2026-04-01,81,6,SH2,二車複,1=2,120,1
2026-04-01,81,6,ST2,二車単,1-2,120,1
2026-04-01,81,6,RH3,三連複,1=2=5,140,1
2026-04-01,81,6,RT3,三連単,1-2-5,190,1
2026-04-01,81,6,W,ワイド,1=2,100,1
2026-04-01,81,6,W,ワイド,1=5,120,2
2026-04-01,81,6,W,ワイド,2=5,150,3
2026-04-01,81,7,SH2,二車複,1=2,110,1
2026-04-01,81,7,ST2,二車単,1-2,110,1
2026-04-01,81,7,RH3,三連複,1=2=3,120,1
2026-04-01,81,7,RT3,三連単,1-2-3,140,1
2026-04-01,81,7,W,ワイド,1=2,100,1
2026-04-01,81,7,W,ワイド,1=3,110,2
2026-04-01,81,7,W,ワイド,2=3,120,3
2026-04-02,24,1,SH2,二車複,1=2,130,1
2026-04-02,24,1,SH2,二車複,1=4,710,8
2026-04-02,24,1,ST2,二車単,1-2,270,2
2026-04-02,24,1,ST2,二車単,1-4,1700,13
2026-04-02,24,1,RH3,三連複,1=2=4,400,2
2026-04-02,24,1,RT3,三連単,1-2-4,780,4
2026-04-02,24,1,RT3,三連単,1-4-2,4250,30
2026-04-02,24,1,W,ワイド,1=2,140,1
2026-04-02,24,1,W,ワイド,1=4,350,7
2026-04-02,24,1,W,ワイド,2=4,260,3
2026-04-02,24,2,SH2,二車複,2=5,9770,13
2026-04-02,24,2,ST2,二車単,2-5,10130,15
2026-04-02,24,2,RH3,三連複,2=4=5,4270,8
2026-04-02,24,2,RT3,三連単,2-5-4,33270,47
2026-04-02,24,2,W,ワイド,2=5,690,6
2026-04-02,24,2,W,ワイド,2=4,210,2
2026-04-02,24,2,W,ワイド,4=5,1000,10
2026-04-02,24,3,SH2,二車複,4=7,480,2
2026-04-02,24,3,ST2,二車単,7-4,940,2
2026-04-02,24,3,RH3,三連複,3=4=7,600,1
2026-04-02,24,3,RT3,三連単,7-4-3,1860,2
2026-04-02,24,3,W,ワイド,4=7,300,3
2026-04-02,24,3,W,ワイド,3=7,370,4
2026-04-02,24,3,W,ワイド,3=4,470,8
2026-04-02,24,4,SH2,二車複,2=7,1310,5
2026-04-02,24,4,ST2,二車単,2-7,2190,9
2026-04-02,24,4,RH3,三連複,2=5=7,2480,13
2026-04-02,24,4,RT3,三連単,2-7-5,10460,39
2026-04-02,24,4,W,ワイド,2=7,480,8
2026-04-02,24,4,W,ワイド,2=5,250,2
2026-04-02,24,4,W,ワイド,5=7,900,15
2026-04-02,24,5,SH2,二車複,1=2,190,1
2026-04-02,24,5,ST2,二車単,1-2,230,1
2026-04-02,24,5,RH3,三連複,1=2=6,430,2
2026-04-02,24,5,RT3,三連単,1-2-6,650,1
2026-04-02,24,5,W,ワイド,1=2,140,1
2026-04-02,24,5,W,ワイド,1=6,400,9
2026-04-02,24,5,W,ワイド,2=6,380,6
2026-04-02,24,6,SH2,二車複,1=5,3710,8
2026-04-02,24,6,ST2,二車単,1-5,5130,14
2026-04-02,24,6,RH3,三連複,1=2=5,3920,11
2026-04-02,24,6,RT3,三連単,1-5-2,23130,54
2026-04-02,24,6,W,ワイド,1=5,590,10
2026-04-02,24,6,W,ワイド,1=2,210,1
2026-04-02,24,6,W,ワイド,2=5,1380,15
2026-04-02,24,7,SH2,二車複,2=6,4180,13
2026-04-02,24,7,ST2,二車単,2-6,7180,27
2026-04-02,24,7,RH3,三連複,2=3=6,5000,20
2026-04-02,24,7,RT3,三連単,2-6-3,38890,118
2026-04-02,24,7,W,ワイド,2=6,630,11
2026-04-02,24,7,W,ワイド,2=3,700,13
2026-04-02,24,7,W,ワイド,3=6,470,7
2026-04-02,27,1,SH2,二車複,2=4,870,3
2026-04-02,27,1,ST2,二車単,4-2,1840,7
2026-04-02,27,1,RH3,三連複,2=4=6,8560,22
2026-04-02,27,1,RT3,三連単,4-2-6,18900,53
2026-04-02,27,1,W,ワイド,2=4,260,3
2026-04-02,27,1,W,ワイド,4=6,2000,18
2026-04-02,27,1,W,ワイド,2=6,2780,20
2026-04-02,27,2,SH2,二車複,2=7,600,4
2026-04-02,27,2,ST2,二車単,2-7,700,4
2026-04-02,27,2,RH3,三連複,2=4=7,440,1
2026-04-02,27,2,RT3,三連単,2-7-4,1200,2
2026-04-02,27,2,W,ワイド,2=7,250,5
2026-04-02,27,2,W,ワイド,2=4,200,1
2026-04-02,27,2,W,ワイド,4=7,400,7
2026-04-02,27,3,SH2,二車複,2=3,800,4
2026-04-02,27,3,ST2,二車単,2-3,1410,7
2026-04-02,27,3,RH3,三連複,2=3=7,780,3
2026-04-02,27,3,RT3,三連単,2-3-7,4370,14
2026-04-02,27,3,W,ワイド,2=3,310,7
2026-04-02,27,3,W,ワイド,2=7,280,4
2026-04-02,27,3,W,ワイド,3=7,210,1
2026-04-02,27,4,SH2,二車複,1=5,260,1
2026-04-02,27,4,ST2,二車単,5-1,330,1
2026-04-02,27,4,RH3,三連複,1=5=7,610,2
2026-04-02,27,4,RT3,三連単,5-1-7,1630,2
2026-04-02,27,4,W,ワイド,1=5,150,1
2026-04-02,27,4,W,ワイド,5=7,380,9
2026-04-02,27,4,W,ワイド,1=7,250,4
2026-04-02,27,5,SH2,二車複,1=4,260,1
2026-04-02,27,5,ST2,二車単,1-4,250,1
2026-04-02,27,5,RH3,三連複,1=4=6,460,1
2026-04-02,27,5,RT3,三連単,1-4-6,840,1
2026-04-02,27,5,W,ワイド,1=4,130,1
2026-04-02,27,5,W,ワイド,1=6,230,4
2026-04-02,27,5,W,ワイド,4=6,350,6
2026-04-02,27,6,SH2,二車複,2=4,560,2
2026-04-02,27,6,ST2,二車単,2-4,930,3
2026-04-02,27,6,RH3,三連複,2=4=7,1150,4
2026-04-02,27,6,RT3,三連単,2-4-7,3910,14
2026-04-02,27,6,W,ワイド,2=4,250,3
2026-04-02,27,6,W,ワイド,2=7,510,7
2026-04-02,27,6,W,ワイド,4=7,250,2
2026-04-02,27,7,SH2,二車複,1=4,920,5
2026-04-02,27,7,ST2,二車単,4-1,1500,6
2026-04-02,27,7,RH3,三連複,1=4=5,9480,25
2026-04-02,27,7,RT3,三連単,4-1-5,24000,87
2026-04-02,27,7,W,ワイド,1=4,670,10
2026-04-02,27,7,W,ワイド,4=5,1590,16
2026-04-02,27,7,W,ワイド,1=5,3750,21
2026-04-02,27,8,SH2,二車複,3=7,750,4
2026-04-02,27,8,ST2,二車単,3-7,810,5
2026-04-02,27,8,RH3,三連複,2=3=7,640,3
2026-04-02,27,8,RT3,三連単,3-7-2,3200,12
2026-04-02,27,8,W,ワイド,3=7,230,3
2026-04-02,27,8,W,ワイド,2=3,130,1
2026-04-02,27,8,W,ワイド,2=7,360,7
2026-04-02,27,9,SH2,二車複,1=4,4810,13
2026-04-02,27,9,ST2,二車単,1-4,12840,26
2026-04-02,27,9,RH3,三連複,1=2=4,10790,23
2026-04-02,27,9,RT3,三連単,1-4-2,90460,134
2026-04-02,27,9,W,ワイド,1=4,1610,18
2026-04-02,27,9,W,ワイド,1=2,520,6
2026-04-02,27,9,W,ワイド,2=4,1420,15
2026-04-02,27,10,SH2,二車複,3=5,4960,16
2026-04-02,27,10,ST2,二車単,5-3,9940,30
2026-04-02,27,10,RH3,三連複,1=3=5,3940,18
2026-04-02,27,10,RT3,三連単,5-3-1,30750,103
2026-04-02,27,10,W,ワイド,3=5,860,14
2026-04-02,27,10,W,ワイド,1=5,230,3
2026-04-02,27,10,W,ワイド,1=3,550,9
2026-04-02,27,11,SH2,二車複,1=5,310,2
2026-04-02,27,11,ST2,二車単,5-1,1170,5
2026-04-02,27,11,RH3,三連複,1=3=5,230,1
2026-04-02,27,11,RT3,三連単,5-1-3,2760,7
2026-04-02,27,11,W,ワイド,1=5,140,2
2026-04-02,27,11,W,ワイド,3=5,200,3
2026-04-02,27,11,W,ワイド,1=3,120,1
2026-04-02,27,12,SH2,二車複,5=6,2650,5
2026-04-02,27,12,ST2,二車単,6-5,15860,24
2026-04-02,27,12,RH3,三連複,2=5=6,10360,19
2026-04-02,27,12,RT3,三連単,6-5-2,197800,157
2026-04-02,27,12,W,ワイド,5=6,730,9
2026-04-02,27,12,W,ワイド,2=6,3800,20
2026-04-02,27,12,W,ワイド,2=5,960,10
2026-04-02,42,1,SH2,二車複,1=4,450,2
2026-04-02,42,1,ST2,二車単,1-4,480,3
2026-04-02,42,1,RH3,三連複,1=3=4,870,3
2026-04-02,42,1,RT3,三連単,1-4-3,1860,6
2026-04-02,42,1,W,ワイド,1=4,310,2
2026-04-02,42,1,W,ワイド,1=3,310,3
2026-04-02,42,1,W,ワイド,3=4,880,6
2026-04-02,42,2,SH2,二車複,1=2,130,1
2026-04-02,42,2,ST2,二車単,1-2,160,1
2026-04-02,42,2,RH3,三連複,1=2=5,1540,4
2026-04-02,42,2,RT3,三連単,1-2-5,2230,6
2026-04-02,42,2,W,ワイド,1=2,100,1
2026-04-02,42,2,W,ワイド,1=5,570,7
2026-04-02,42,2,W,ワイド,2=5,840,10
2026-04-02,42,3,SH2,二車複,5=7,11950,19
2026-04-02,42,3,ST2,二車単,5-7,21230,35
2026-04-02,42,3,RH3,三連複,3=5=7,6180,18
2026-04-02,42,3,RT3,三連単,5-7-3,57660,115
2026-04-02,42,3,W,ワイド,5=7,2580,19
2026-04-02,42,3,W,ワイド,3=5,420,8
2026-04-02,42,3,W,ワイド,3=7,1530,16
2026-04-02,42,4,SH2,二車複,1=6,1330,2
2026-04-02,42,4,ST2,二車単,1-6,3230,5
2026-04-02,42,4,RH3,三連複,1=2=6,1240,5
2026-04-02,42,4,RT3,三連単,1-6-2,10580,19
2026-04-02,42,4,W,ワイド,1=6,370,6
2026-04-02,42,4,W,ワイド,1=2,100,1
2026-04-02,42,4,W,ワイド,2=6,580,12
2026-04-02,42,5,SH2,二車複,1=4,320,2
2026-04-02,42,5,ST2,二車単,1-4,360,1
2026-04-02,42,5,RH3,三連複,1=4=6,1330,5
2026-04-02,42,5,RT3,三連単,1-4-6,2710,7
2026-04-02,42,5,W,ワイド,1=4,180,2
2026-04-02,42,5,W,ワイド,1=6,320,6
2026-04-02,42,5,W,ワイド,4=6,920,12
2026-04-02,42,6,SH2,二車複,2=3,140,1
2026-04-02,42,6,ST2,二車単,3-2,640,2
2026-04-02,42,6,RH3,三連複,2=3=7,1290,5
2026-04-02,42,6,RT3,三連単,3-2-7,7010,17
2026-04-02,42,6,W,ワイド,2=3,130,1
2026-04-02,42,6,W,ワイド,3=7,1290,12
2026-04-02,42,6,W,ワイド,2=7,540,8
2026-04-02,42,7,SH2,二車複,1=2,190,1
2026-04-02,42,7,ST2,二車単,2-1,560,3
2026-04-02,42,7,RH3,三連複,1=2=3,210,1
2026-04-02,42,7,RT3,三連単,2-1-3,1190,4
2026-04-02,42,7,W,ワイド,1=2,110,1
2026-04-02,42,7,W,ワイド,2=3,180,3
2026-04-02,42,7,W,ワイド,1=3,130,2
2026-04-02,61,1,SH2,二車複,2=5,360,2
2026-04-02,61,1,ST2,二車単,5-2,470,2
2026-04-02,61,1,RH3,三連複,1=2=5,350,1
2026-04-02,61,1,RT3,三連単,5-2-1,1440,3
2026-04-02,61,1,W,ワイド,2=5,150,2
2026-04-02,61,1,W,ワイド,1=5,130,1
2026-04-02,61,1,W,ワイド,1=2,190,3
2026-04-02,61,2,SH2,二車複,1=4,180,1
2026-04-02,61,2,ST2,二車単,4-1,680,2
2026-04-02,61,2,RH3,三連複,1=3=4,460,2
2026-04-02,61,2,RT3,三連単,4-1-3,2130,7
2026-04-02,61,2,W,ワイド,1=4,110,1
2026-04-02,61,2,W,ワイド,3=4,280,6
2026-04-02,61,2,W,ワイド,1=3,250,4
2026-04-02,61,3,SH2,二車複,2=4,570,3
2026-04-02,61,3,ST2,二車単,4-2,1450,7
2026-04-02,61,3,RH3,三連複,2=4=5,880,3
2026-04-02,61,3,RT3,三連単,4-2-5,6220,21
2026-04-02,61,3,W,ワイド,2=4,170,2
2026-04-02,61,3,W,ワイド,4=5,370,8
2026-04-02,61,3,W,ワイド,2=5,230,4
2026-04-02,61,4,SH2,二車複,4=5,1270,4
2026-04-02,61,4,ST2,二車単,4-5,3430,9
2026-04-02,61,4,RH3,三連複,1=4=5,370,2
2026-04-02,61,4,RT3,三連単,4-5-1,6530,18
2026-04-02,61,4,W,ワイド,4=5,150,2
2026-04-02,61,4,W,ワイド,1=4,150,3
2026-04-02,61,4,W,ワイド,1=5,100,1
2026-04-02,61,5,SH2,二車複,2=4,170,1
2026-04-02,61,5,ST2,二車単,2-4,160,1
2026-04-02,61,5,RH3,三連複,2=4=5,240,1
2026-04-02,61,5,RT3,三連単,2-4-5,310,1
2026-04-02,61,5,W,ワイド,2=4,110,1
2026-04-02,61,5,W,ワイド,2=5,200,3
2026-04-02,61,5,W,ワイド,4=5,250,4
2026-04-02,61,6,SH2,二車複,5=7,4680,11
2026-04-02,61,6,ST2,二車単,7-5,8380,17
2026-04-02,61,6,RH3,三連複,1=5=7,1170,5
2026-04-02,61,6,RT3,三連単,7-5-1,20270,41
2026-04-02,61,6,W,ワイド,5=7,480,9
2026-04-02,61,6,W,ワイド,1=7,130,1
2026-04-02,61,6,W,ワイド,1=5,290,6
2026-04-02,61,7,SH2,二車複,1=4,170,1
2026-04-02,61,7,ST2,二車単,4-1,370,2
2026-04-02,61,7,RH3,三連複,1=3=4,720,2
2026-04-02,61,7,RT3,三連単,4-1-3,1920,4
2026-04-02,61,7,W,ワイド,1=4,160,1
2026-04-02,61,7,W,ワイド,3=4,490,9
2026-04-02,61,7,W,ワイド,1=3,390,6
2026-04-02,61,8,SH2,二車複,3=4,2540,9
2026-04-02,61,8,ST2,二車単,4-3,5560,17
2026-04-02,61,8,RH3,三連複,2=3=4,1280,7
2026-04-02,61,8,RT3,三連単,4-3-2,10460,33
2026-04-02,61,8,W,ワイド,3=4,490,8
2026-04-02,61,8,W,ワイド,2=4,200,2
2026-04-02,61,8,W,ワイド,2=3,680,9
2026-04-02,61,9,SH2,二車複,1=2,710,2
2026-04-02,61,9,ST2,二車単,2-1,1460,3
2026-04-02,61,9,RH3,三連複,1=2=7,350,2
2026-04-02,61,9,RT3,三連単,2-1-7,3010,9
2026-04-02,61,9,W,ワイド,1=2,200,3
2026-04-02,61,9,W,ワイド,2=7,130,1
2026-04-02,61,9,W,ワイド,1=7,250,5
2026-04-02,61,10,SH2,二車複,2=4,110,1
2026-04-02,61,10,ST2,二車単,2-4,190,1
2026-04-02,61,10,RH3,三連複,1=2=4,270,2
2026-04-02,61,10,RT3,三連単,2-4-1,510,2
2026-04-02,61,10,W,ワイド,2=4,100,1
2026-04-02,61,10,W,ワイド,1=2,160,3
2026-04-02,61,10,W,ワイド,1=4,220,4
2026-04-02,61,11,SH2,二車複,1=7,2040,4
2026-04-02,61,11,ST2,二車単,1-7,3100,5
2026-04-02,61,11,RH3,三連複,1=3=7,3490,6
2026-04-02,61,11,RT3,三連単,1-7-3,14210,23
2026-04-02,61,11,W,ワイド,1=7,600,8
2026-04-02,61,11,W,ワイド,1=3,340,2
2026-04-02,61,11,W,ワイド,3=7,2230,15
2026-04-02,61,12,SH2,二車複,1=2,800,3
2026-04-02,61,12,ST2,二車単,1-2,2090,9
2026-04-02,61,12,RH3,三連複,1=2=6,10420,24
2026-04-02,61,12,RT3,三連単,1-2-6,44160,100
2026-04-02,61,12,W,ワイド,1=2,280,3
2026-04-02,61,12,W,ワイド,1=6,2100,17
2026-04-02,61,12,W,ワイド,2=6,1480,13
2026-04-03,27,1,SH2,二車複,3=7,200,1
2026-04-03,27,1,ST2,二車単,3-7,370,2
2026-04-03,27,1,RH3,三連複,3=4=7,260,1
2026-04-03,27,1,RT3,三連単,3-7-4,620,1
2026-04-03,27,1,W,ワイド,3=7,150,1
2026-04-03,27,1,W,ワイド,3=4,260,5
2026-04-03,27,1,W,ワイド,4=7,240,4
2026-04-03,27,2,SH2,二車複,1=4,2040,9
2026-04-03,27,2,ST2,二車単,4-1,5240,19
2026-04-03,27,2,RH3,三連複,1=4=6,16420,29
2026-04-03,27,2,RT3,三連単,4-1-6,75310,133
2026-04-03,27,2,W,ワイド,1=4,490,9
2026-04-03,27,2,W,ワイド,4=6,2430,21
2026-04-03,27,2,W,ワイド,1=6,1660,16
2026-04-03,27,3,SH2,二車複,4=6,1030,4
2026-04-03,27,3,ST2,二車単,4-6,1450,4
2026-04-03,27,3,RH3,三連複,3=4=6,3850,17
2026-04-03,27,3,RT3,三連単,4-6-3,7420,21
2026-04-03,27,3,W,ワイド,4=6,470,6
2026-04-03,27,3,W,ワイド,3=4,630,10
2026-04-03,27,3,W,ワイド,3=6,1020,16
2026-04-03,27,4,SH2,二車複,1=4,870,4
2026-04-03,27,4,ST2,二車単,4-1,2260,9
2026-04-03,27,4,RH3,三連複,1=4=7,1170,4
2026-04-03,27,4,RT3,三連単,4-1-7,6360,23
2026-04-03,27,4,W,ワイド,1=4,290,4
2026-04-03,27,4,W,ワイド,4=7,670,12
2026-04-03,27,4,W,ワイド,1=7,210,2
2026-04-03,27,5,SH2,二車複,1=7,2680,10
2026-04-03,27,5,ST2,二車単,7-1,5300,16
2026-04-03,27,5,RH3,三連複,1=2=7,5920,16
2026-04-03,27,5,RT3,三連単,7-1-2,29770,82
2026-04-03,27,5,W,ワイド,1=7,580,8
2026-04-03,27,5,W,ワイド,2=7,650,10
2026-04-03,27,5,W,ワイド,1=2,940,12
2026-04-03,27,6,SH2,二車複,1=5,330,1
2026-04-03,27,6,ST2,二車単,1-5,440,1
2026-04-03,27,6,RH3,三連複,1=4=5,360,1
2026-04-03,27,6,RT3,三連単,1-5-4,780,1
2026-04-03,27,6,W,ワイド,1=5,150,1
2026-04-03,27,6,W,ワイド,1=4,170,2
2026-04-03,27,6,W,ワイド,4=5,330,6
2026-04-03,27,7,SH2,二車複,1=4,160,1
2026-04-03,27,7,ST2,二車単,4-1,180,1
2026-04-03,27,7,RH3,三連複,1=4=6,2670,9
2026-04-03,27,7,RT3,三連単,4-1-6,4650,10
2026-04-03,27,7,W,ワイド,1=4,120,1
2026-04-03,27,7,W,ワイド,4=6,850,13
2026-04-03,27,7,W,ワイド,1=6,650,10
2026-04-03,27,8,SH2,二車複,1=2,440,1
2026-04-03,27,8,ST2,二車単,1-2,480,1
2026-04-03,27,8,RH3,三連複,1=2=3,560,1
2026-04-03,27,8,RT3,三連単,1-2-3,1330,1
2026-04-03,27,8,W,ワイド,1=2,170,1
2026-04-03,27,8,W,ワイド,1=3,200,2
2026-04-03,27,8,W,ワイド,2=3,320,6
2026-04-03,27,9,SH2,二車複,4=7,3470,12
2026-04-03,27,9,ST2,二車単,4-7,7910,23
2026-04-03,27,9,RH3,三連複,2=4=7,1420,8
2026-04-03,27,9,RT3,三連単,4-7-2,17110,68
2026-04-03,27,9,W,ワイド,4=7,800,12
2026-04-03,27,9,W,ワイド,2=4,360,4
2026-04-03,27,9,W,ワイド,2=7,380,6
2026-04-03,27,10,SH2,二車複,2=7,220,1
2026-04-03,27,10,ST2,二車単,2-7,320,1
2026-04-03,27,10,RH3,三連複,2=4=7,530,1
2026-04-03,27,10,RT3,三連単,2-7-4,840,1
2026-04-03,27,10,W,ワイド,2=7,140,1
2026-04-03,27,10,W,ワイド,2=4,210,2
2026-04-03,27,10,W,ワイド,4=7,450,7
2026-04-03,27,11,SH2,二車複,1=7,200,1
2026-04-03,27,11,ST2,二車単,7-1,350,1
2026-04-03,27,11,RH3,三連複,1=3=7,540,2
2026-04-03,27,11,RT3,三連単,7-1-3,1320,2
2026-04-03,27,11,W,ワイド,1=7,160,1
2026-04-03,27,11,W,ワイド,3=7,250,2
2026-04-03,27,11,W,ワイド,1=3,330,5
2026-04-03,27,12,SH2,二車複,4=7,3010,9
2026-04-03,27,12,ST2,二車単,4-7,3050,11
2026-04-03,27,12,RH3,三連複,3=4=7,470,1
2026-04-03,27,12,RT3,三連単,4-7-3,8150,28
2026-04-03,27,12,W,ワイド,4=7,430,8
2026-04-03,27,12,W,ワイド,3=4,150,1
2026-04-03,27,12,W,ワイド,3=7,180,2
2026-04-03,36,1,SH2,二車複,1=5,140,1
2026-04-03,36,1,ST2,二車単,1-5,210,1
2026-04-03,36,1,RH3,三連複,1=2=5,130,1
2026-04-03,36,1,RT3,三連単,1-5-2,270,1
2026-04-03,36,1,W,ワイド,1=5,100,1
2026-04-03,36,1,W,ワイド,1=2,100,2
2026-04-03,36,1,W,ワイド,2=5,110,3
2026-04-03,36,2,SH2,二車複,1=4,200,1
2026-04-03,36,2,ST2,二車単,4-1,220,1
2026-04-03,36,2,RH3,三連複,1=3=4,160,1
2026-04-03,36,2,RT3,三連単,4-1-3,280,1
2026-04-03,36,2,W,ワイド,1=4,120,2
2026-04-03,36,2,W,ワイド,3=4,100,1
2026-04-03,36,2,W,ワイド,1=3,120,3
2026-04-03,36,3,SH2,二車複,1=7,100,1
2026-04-03,36,3,ST2,二車単,7-1,150,1
2026-04-03,36,3,RH3,三連複,1=4=7,440,2
2026-04-03,36,3,RT3,三連単,7-1-4,540,2
2026-04-03,36,3,W,ワイド,1=7,100,1
2026-04-03,36,3,W,ワイド,4=7,180,2
2026-04-03,36,3,W,ワイド,1=4,330,6
2026-04-03,36,4,SH2,二車複,3=7,200,1
2026-04-03,36,4,ST2,二車単,7-3,210,1
2026-04-03,36,4,RH3,三連複,3=5=7,540,4
2026-04-03,36,4,RT3,三連単,7-3-5,600,1
2026-04-03,36,4,W,ワイド,3=7,150,2
2026-04-03,36,4,W,ワイド,5=7,140,1
2026-04-03,36,4,W,ワイド,3=5,310,5
2026-04-03,36,5,SH2,二車複,2=7,290,2
2026-04-03,36,5,ST2,二車単,7-2,350,2
2026-04-03,36,5,RH3,三連複,1=2=7,170,1
2026-04-03,36,5,RT3,三連単,7-2-1,580,2
2026-04-03,36,5,W,ワイド,2=7,130,2
2026-04-03,36,5,W,ワイド,1=7,110,1
2026-04-03,36,5,W,ワイド,1=2,170,3
2026-04-03,36,6,SH2,二車複,1=2,5110,9
2026-04-03,36,6,ST2,二車単,1-2,20150,23
2026-04-03,36,6,RH3,三連複,1=2=4,1350,5
2026-04-03,36,6,RT3,三連単,1-2-4,36570,68
2026-04-03,36,6,W,ワイド,1=2,960,9
2026-04-03,36,6,W,ワイド,1=4,420,7
2026-04-03,36,6,W,ワイド,2=4,200,2
2026-04-03,36,7,SH2,二車複,3=5,150,1
2026-04-03,36,7,ST2,二車単,5-3,1710,5
2026-04-03,36,7,RH3,三連複,1=3=5,240,1
2026-04-03,36,7,RT3,三連単,5-3-1,4460,14
2026-04-03,36,7,W,ワイド,3=5,100,1
2026-04-03,36,7,W,ワイド,1=5,190,4
2026-04-03,36,7,W,ワイド,1=3,150,2
2026-04-03,37,1,WH2,枠複,4=5,260,1
2026-04-03,37,1,WT2,枠単,5-4,580,1
2026-04-03,37,1,SH2,二車複,4=5,330,1
2026-04-03,37,1,ST2,二車単,5-4,510,1
2026-04-03,37,1,RH3,三連複,4=5=7,950,4
2026-04-03,37,1,RT3,三連単,5-4-7,1930,2
2026-04-03,37,1,W,ワイド,4=5,180,1
2026-04-03,37,1,W,ワイド,5=7,340,5
2026-04-03,37,1,W,ワイド,4=7,300,4
2026-04-03,37,2,WH2,枠複,2=6,500,2
2026-04-03,37,2,WT2,枠単,2-6,590,1
2026-04-03,37,2,SH2,二車複,2=8,640,2
2026-04-03,37,2,ST2,二車単,2-8,1010,2
2026-04-03,37,2,RH3,三連複,2=6=8,4540,19
2026-04-03,37,2,RT3,三連単,2-8-6,10210,37
2026-04-03,37,2,W,ワイド,2=8,380,5
2026-04-03,37,2,W,ワイド,2=6,670,10
2026-04-03,37,2,W,ワイド,6=8,1520,21
2026-04-03,37,3,WH2,枠複,3=4,1830,8
2026-04-03,37,3,WT2,枠単,3-4,3750,16
2026-04-03,37,3,SH2,二車複,3=4,1590,6
2026-04-03,37,3,ST2,二車単,3-4,2410,9
2026-04-03,37,3,RH3,三連複,1=3=4,690,3
2026-04-03,37,3,RT3,三連単,3-4-1,8270,19
2026-04-03,37,3,W,ワイド,3=4,370,7
2026-04-03,37,3,W,ワイド,1=3,310,4
2026-04-03,37,3,W,ワイド,1=4,110,1
2026-04-03,37,4,WH2,枠複,1=5,720,2
2026-04-03,37,4,WT2,枠単,1-5,1000,3
2026-04-03,37,4,SH2,二車複,1=7,710,2
2026-04-03,37,4,ST2,二車単,1-7,1030,3
2026-04-03,37,4,RH3,三連複,1=7=9,7430,16
2026-04-03,37,4,RT3,三連単,1-7-9,18250,48
2026-04-03,37,4,W,ワイド,1=7,310,2
2026-04-03,37,4,W,ワイド,1=9,420,5
2026-04-03,37,4,W,ワイド,7=9,2620,22
2026-04-03,37,5,WH2,枠複,1=4,490,2
2026-04-03,37,5,WT2,枠単,1-4,1490,7
2026-04-03,37,5,SH2,二車複,1=4,5830,15
2026-04-03,37,5,ST2,二車単,1-4,11540,22
2026-04-03,37,5,RH3,三連複,1=4=5,2180,6
2026-04-03,37,5,RT3,三連単,1-4-5,41670,78
2026-04-03,37,5,W,ワイド,1=4,1470,16
2026-04-03,37,5,W,ワイド,1=5,200,2
2026-04-03,37,5,W,ワイド,4=5,290,4
2026-04-03,37,6,WH2,枠複,2=4,890,4
2026-04-03,37,6,WT2,枠単,4-2,1250,5
2026-04-03,37,6,SH2,二車複,2=5,880,4
2026-04-03,37,6,ST2,二車単,5-2,1240,4
2026-04-03,37,6,RH3,三連複,1=2=5,1110,5
2026-04-03,37,6,RT3,三連単,5-2-1,4620,13
2026-04-03,37,6,W,ワイド,2=5,320,4
2026-04-03,37,6,W,ワイド,1=5,200,2
2026-04-03,37,6,W,ワイド,1=2,890,12
2026-04-03,37,7,WH2,枠複,1=5,210,1
2026-04-03,37,7,WT2,枠単,1-5,230,1
2026-04-03,37,7,SH2,二車複,1=7,200,1
2026-04-03,37,7,ST2,二車単,1-7,240,1
2026-04-03,37,7,RH3,三連複,1=7=9,390,1
2026-04-03,37,7,RT3,三連単,1-7-9,740,1
2026-04-03,37,7,W,ワイド,1=7,140,1
2026-04-03,37,7,W,ワイド,1=9,160,2
2026-04-03,37,7,W,ワイド,7=9,330,4
2026-04-03,37,8,WH2,枠複,5=6,550,3
2026-04-03,37,8,WT2,枠単,6-5,1210,7
2026-04-03,37,8,SH2,二車複,7=8,1460,5
2026-04-03,37,8,ST2,二車単,8-7,3800,12
2026-04-03,37,8,RH3,三連複,6=7=8,7580,22
2026-04-03,37,8,RT3,三連単,8-7-6,28360,73
2026-04-03,37,8,W,ワイド,7=8,800,7
2026-04-03,37,8,W,ワイド,6=8,1500,14
2026-04-03,37,8,W,ワイド,6=7,3350,29
2026-04-03,37,9,WH2,枠複,2=4,1360,5
2026-04-03,37,9,WT2,枠単,2-4,2290,7
2026-04-03,37,9,SH2,二車複,2=5,1640,4
2026-04-03,37,9,ST2,二車単,2-5,2170,8
2026-04-03,37,9,RH3,三連複,2=5=7,1080,4
2026-04-03,37,9,RT3,三連単,2-5-7,7000,18
2026-04-03,37,9,W,ワイド,2=5,420,5
2026-04-03,37,9,W,ワイド,2=7,350,3
2026-04-03,37,9,W,ワイド,5=7,350,4
2026-04-03,37,10,WH2,枠複,2=5,140,1
2026-04-03,37,10,WT2,枠単,2-5,170,1
2026-04-03,37,10,SH2,二車複,2=7,150,1
2026-04-03,37,10,ST2,二車単,2-7,170,1
2026-04-03,37,10,RH3,三連複,2=4=7,910,4
2026-04-03,37,10,RT3,三連単,2-7-4,1240,4
2026-04-03,37,10,W,ワイド,2=7,130,1
2026-04-03,37,10,W,ワイド,2=4,840,13
2026-04-03,37,10,W,ワイド,4=7,810,11
2026-04-03,37,11,WH2,枠複,3=4,120,1
2026-04-03,37,11,WT2,枠単,4-3,130,1
2026-04-03,37,11,SH2,二車複,3=5,120,1
2026-04-03,37,11,ST2,二車単,5-3,140,1
2026-04-03,37,11,RH3,三連複,3=5=6,480,1
2026-04-03,37,11,RT3,三連単,5-3-6,600,1
2026-04-03,37,11,W,ワイド,3=5,100,1
2026-04-03,37,11,W,ワイド,5=6,490,10
2026-04-03,37,11,W,ワイド,3=6,480,8
2026-04-03,37,12,WH2,枠複,1=4,120,1
2026-04-03,37,12,WT2,枠単,4-1,210,1
2026-04-03,37,12,SH2,二車複,1=5,130,1
2026-04-03,37,12,ST2,二車単,5-1,200,1
2026-04-03,37,12,RH3,三連複,1=5=7,140,1
2026-04-03,37,12,RT3,三連単,5-1-7,280,1
2026-04-03,37,12,W,ワイド,1=5,100,1
2026-04-03,37,12,W,ワイド,5=7,130,2
2026-04-03,37,12,W,ワイド,1=7,130,3
2026-04-03,42,1,SH2,二車複,1=2,210,1
2026-04-03,42,1,ST2,二車単,2-1,2020,6
2026-04-03,42,1,RH3,三連複,1=2=3,270,1
2026-04-03,42,1,RT3,三連単,2-1-3,5950,19
2026-04-03,42,1,W,ワイド,1=2,110,1
2026-04-03,42,1,W,ワイド,2=3,200,4
2026-04-03,42,1,W,ワイド,1=3,120,2
2026-04-03,42,2,SH2,二車複,1=2,590,3
2026-04-03,42,2,ST2,二車単,2-1,1270,7
2026-04-03,42,2,RH3,三連複,1=2=4,210,1
2026-04-03,42,2,RT3,三連単,2-1-4,2030,6
2026-04-03,42,2,W,ワイド,1=2,160,2
2026-04-03,42,2,W,ワイド,2=4,160,3
2026-04-03,42,2,W,ワイド,1=4,130,1
2026-04-03,42,3,SH2,二車複,1=2,170,1
2026-04-03,42,3,ST2,二車単,2-1,310,2
2026-04-03,42,3,RH3,三連複,1=2=3,300,1
2026-04-03,42,3,RT3,三連単,2-1-3,940,2
2026-04-03,42,3,W,ワイド,1=2,120,1
2026-04-03,42,3,W,ワイド,2=3,180,2
2026-04-03,42,3,W,ワイド,1=3,230,5
2026-04-03,42,4,SH2,二車複,4=5,3510,11
2026-04-03,42,4,ST2,二車単,5-4,5210,20
2026-04-03,42,4,RH3,三連複,4=5=6,7930,21
2026-04-03,42,4,RT3,三連単,5-4-6,24440,74
2026-04-03,42,4,W,ワイド,4=5,730,11
2026-04-03,42,4,W,ワイド,5=6,310,3
2026-04-03,42,4,W,ワイド,4=6,2670,20
2026-04-03,42,5,SH2,二車複,1=5,380,2
2026-04-03,42,5,ST2,二車単,1-5,2200,4
2026-04-03,42,5,RH3,三連複,1=5=6,2480,7
2026-04-03,42,5,RT3,三連単,1-5-6,9710,20
2026-04-03,42,5,W,ワイド,1=5,420,4
2026-04-03,42,5,W,ワイド,1=6,1010,11
2026-04-03,42,5,W,ワイド,5=6,870,9
2026-04-03,42,6,SH2,二車複,2=4,2350,5
2026-04-03,42,6,ST2,二車単,2-4,2450,5
2026-04-03,42,6,RH3,三連複,1=2=4,510,2
2026-04-03,42,6,RT3,三連単,2-4-1,4500,13
2026-04-03,42,6,W,ワイド,2=4,290,4
2026-04-03,42,6,W,ワイド,1=2,100,1
2026-04-03,42,6,W,ワイド,1=4,290,5
2026-04-03,42,7,SH2,二車複,2=3,310,1
2026-04-03,42,7,ST2,二車単,2-3,490,1
2026-04-03,42,7,RH3,三連複,1=2=3,280,1
2026-04-03,42,7,RT3,三連単,2-3-1,1300,1
2026-04-03,42,7,W,ワイド,2=3,140,1
2026-04-03,42,7,W,ワイド,1=2,150,2
2026-04-03,42,7,W,ワイド,1=3,170,3
2026-04-03,81,1,SH2,二車複,1=5,540,2
2026-04-03,81,1,ST2,二車単,1-5,970,4
2026-04-03,81,1,RH3,三連複,1=4=5,1420,6
2026-04-03,81,1,RT3,三連単,1-5-4,4880,13
2026-04-03,81,1,W,ワイド,1=5,360,5
2026-04-03,81,1,W,ワイド,1=4,490,7
2026-04-03,81,1,W,ワイド,4=5,1000,12
2026-04-03,81,2,SH2,二車複,5=6,4440,10
2026-04-03,81,2,ST2,二車単,6-5,9690,26
2026-04-03,81,2,RH3,三連複,2=5=6,2480,8
2026-04-03,81,2,RT3,三連単,6-5-2,26470,70
2026-04-03,81,2,W,ワイド,5=6,850,12
2026-04-03,81,2,W,ワイド,2=6,720,10
2026-04-03,81,2,W,ワイド,2=5,510,5
2026-04-03,81,3,SH2,二車複,1=4,1270,6
2026-04-03,81,3,ST2,二車単,4-1,3110,12
2026-04-03,81,3,RH3,三連複,1=2=4,1330,7
2026-04-03,81,3,RT3,三連単,4-1-2,11740,43
2026-04-03,81,3,W,ワイド,1=4,270,6
2026-04-03,81,3,W,ワイド,2=4,530,10
2026-04-03,81,3,W,ワイド,1=2,220,2
2026-04-03,81,4,SH2,二車複,1=4,260,1
2026-04-03,81,4,ST2,二車単,4-1,660,3
2026-04-03,81,4,RH3,三連複,1=4=6,700,4
2026-04-03,81,4,RT3,三連単,4-1-6,1440,3
2026-04-03,81,4,W,ワイド,1=4,180,1
2026-04-03,81,4,W,ワイド,4=6,530,10
2026-04-03,81,4,W,ワイド,1=6,480,9
2026-04-03,81,5,SH2,二車複,1=3,230,1
2026-04-03,81,5,ST2,二車単,3-1,350,2
2026-04-03,81,5,RH3,三連複,1=3=5,240,1
2026-04-03,81,5,RT3,三連単,3-1-5,520,1
2026-04-03,81,5,W,ワイド,1=3,130,1
2026-04-03,81,5,W,ワイド,3=5,190,2
2026-04-03,81,5,W,ワイド,1=5,210,3
2026-04-03,81,6,SH2,二車複,4=6,1830,4
2026-04-03,81,6,ST2,二車単,4-6,4260,11
2026-04-03,81,6,RH3,三連複,2=4=6,3800,11
2026-04-03,81,6,RT3,三連単,4-6-2,14970,39
2026-04-03,81,6,W,ワイド,4=6,800,9
2026-04-03,81,6,W,ワイド,2=4,1010,11
2026-04-03,81,6,W,ワイド,2=6,1080,14
2026-04-03,81,7,SH2,二車複,1=3,580,2
2026-04-03,81,7,ST2,二車単,1-3,1090,3
2026-04-03,81,7,RH3,三連複,1=2=3,640,4
2026-04-03,81,7,RT3,三連単,1-3-2,3310,12
2026-04-03,81,7,W,ワイド,1=3,220,2
2026-04-03,81,7,W,ワイド,1=2,250,3
2026-04-03,81,7,W,ワイド,2=3,320,5
2026-04-04,45,1,SH2,二車複,5=6,590,2
2026-04-04,45,1,ST2,二車単,6-5,1890,5
2026-04-04,45,1,RH3,三連複,3=5=6,3550,15
2026-04-04,45,1,RT3,三連単,6-5-3,13230,43
2026-04-04,45,1,W,ワイド,5=6,470,7
2026-04-04,45,1,W,ワイド,3=6,1620,17
2026-04-04,45,1,W,ワイド,3=5,920,13
2026-04-04,45,2,SH2,二車複,1=5,240,1
2026-04-04,45,2,ST2,二車単,5-1,770,4
2026-04-04,45,2,RH3,三連複,1=2=5,660,3
2026-04-04,45,2,RT3,三連単,5-1-2,2050,5
2026-04-04,45,2,W,ワイド,1=5,160,1
2026-04-04,45,2,W,ワイド,2=5,260,3
2026-04-04,45,2,W,ワイド,1=2,500,9
2026-04-04,45,3,SH2,二車複,4=7,240,1
2026-04-04,45,3,ST2,二車単,7-4,260,1
2026-04-04,45,3,RH3,三連複,2=4=7,790,5
2026-04-04,45,3,RT3,三連単,7-4-2,1780,6
2026-04-04,45,3,W,ワイド,4=7,160,1
2026-04-04,45,3,W,ワイド,2=7,920,11
2026-04-04,45,3,W,ワイド,2=4,640,10
2026-04-04,45,4,SH2,二車複,4=7,110,1
2026-04-04,45,4,ST2,二車単,7-4,160,1
2026-04-04,45,4,RH3,三連複,2=4=7,170,1
2026-04-04,45,4,RT3,三連単,7-4-2,270,1
2026-04-04,45,4,W,ワイド,4=7,100,1
2026-04-04,45,4,W,ワイド,2=7,190,3
2026-04-04,45,4,W,ワイド,2=4,180,2
2026-04-04,45,5,SH2,二車複,3=7,510,2
2026-04-04,45,5,ST2,二車単,3-7,3830,7
2026-04-04,45,5,RH3,三連複,3=4=7,160,1
2026-04-04,45,5,RT3,三連単,3-7-4,7920,18
2026-04-04,45,5,W,ワイド,3=7,130,2
2026-04-04,45,5,W,ワイド,3=4,150,3
2026-04-04,45,5,W,ワイド,4=7,100,1
2026-04-04,45,6,SH2,二車複,6=7,670,3
2026-04-04,45,6,ST2,二車単,6-7,750,3
2026-04-04,45,6,RH3,三連複,1=6=7,880,4
2026-04-04,45,6,RT3,三連単,6-7-1,2550,8
2026-04-04,45,6,W,ワイド,6=7,300,3
2026-04-04,45,6,W,ワイド,1=6,210,2
2026-04-04,45,6,W,ワイド,1=7,810,7
2026-04-04,45,7,SH2,二車複,4=5,1380,5
2026-04-04,45,7,ST2,二車単,5-4,2910,10
2026-04-04,45,7,RH3,三連複,4=5=7,940,5
2026-04-04,45,7,RT3,三連単,5-4-7,7400,20
2026-04-04,45,7,W,ワイド,4=5,450,8
2026-04-04,45,7,W,ワイド,5=7,400,7
2026-04-04,45,7,W,ワイド,4=7,130,1
2026-04-04,45,8,SH2,二車複,2=5,140,1
2026-04-04,45,8,ST2,二車単,5-2,210,1
2026-04-04,45,8,RH3,三連複,2=3=5,380,2
2026-04-04,45,8,RT3,三連単,5-2-3,960,3
2026-04-04,45,8,W,ワイド,2=5,100,1
2026-04-04,45,8,W,ワイド,3=5,230,4
2026-04-04,45,8,W,ワイド,2=3,270,5
2026-04-04,45,9,SH2,二車複,1=5,150,1
2026-04-04,45,9,ST2,二車単,1-5,260,2
2026-04-04,45,9,RH3,三連複,1=2=5,760,2
2026-04-04,45,9,RT3,三連単,1-5-2,1760,4
2026-04-04,45,9,W,ワイド,1=5,100,1
2026-04-04,45,9,W,ワイド,1=2,510,5
2026-04-04,45,9,W,ワイド,2=5,530,6
2026-04-04,45,10,SH2,二車複,1=7,130,1
2026-04-04,45,10,ST2,二車単,1-7,130,1
2026-04-04,45,10,RH3,三連複,1=4=7,150,1
2026-04-04,45,10,RT3,三連単,1-7-4,190,1
2026-04-04,45,10,W,ワイド,1=7,100,1
2026-04-04,45,10,W,ワイド,1=4,130,2
2026-04-04,45,10,W,ワイド,4=7,150,3
2026-04-04,45,11,SH2,二車複,4=5,390,1
2026-04-04,45,11,ST2,二車単,5-4,620,2
2026-04-04,45,11,RH3,三連複,2=4=5,1000,4
2026-04-04,45,11,RT3,三連単,5-4-2,2120,3
2026-04-04,45,11,W,ワイド,4=5,170,1
2026-04-04,45,11,W,ワイド,2=5,390,7
2026-04-04,45,11,W,ワイド,2=4,430,8
2026-04-04,47,1,SH2,二車複,1=4,610,3
2026-04-04,47,1,ST2,二車単,1-4,690,4
2026-04-04,47,1,RH3,三連複,1=2=4,270,2
2026-04-04,47,1,RT3,三連単,1-4-2,1170,3
2026-04-04,47,1,W,ワイド,1=4,120,2
2026-04-04,47,1,W,ワイド,1=2,100,1
2026-04-04,47,1,W,ワイド,2=4,200,4
2026-04-04,47,2,SH2,二車複,1=3,220,2
2026-04-04,47,2,ST2,二車単,1-3,220,2
2026-04-04,47,2,RH3,三連複,1=2=3,160,1
2026-04-04,47,2,RT3,三連単,1-3-2,390,2
2026-04-04,47,2,W,ワイド,1=3,110,1
2026-04-04,47,2,W,ワイド,1=2,120,2
2026-04-04,47,2,W,ワイド,2=3,160,3
2026-04-04,47,3,SH2,二車複,1=3,260,1
2026-04-04,47,3,ST2,二車単,1-3,360,1
2026-04-04,47,3,RH3,三連複,1=3=4,460,2
2026-04-04,47,3,RT3,三連単,1-3-4,1260,2
2026-04-04,47,3,W,ワイド,1=3,190,2
2026-04-04,47,3,W,ワイド,1=4,210,4
2026-04-04,47,3,W,ワイド,3=4,340,6
2026-04-04,47,4,SH2,二車複,1=3,510,2
2026-04-04,47,4,ST2,二車単,1-3,630,2
2026-04-04,47,4,RH3,三連複,1=3=4,500,2
2026-04-04,47,4,RT3,三連単,1-3-4,2360,7
2026-04-04,47,4,W,ワイド,1=3,150,1
2026-04-04,47,4,W,ワイド,1=4,150,2
2026-04-04,47,4,W,ワイド,3=4,480,8
2026-04-04,47,5,SH2,二車複,1=2,280,2
2026-04-04,47,5,ST2,二車単,2-1,520,3
2026-04-04,47,5,RH3,三連複,1=2=4,350,2
2026-04-04,47,5,RT3,三連単,2-1-4,1540,5
2026-04-04,47,5,W,ワイド,1=2,150,2
2026-04-04,47,5,W,ワイド,2=4,310,5
2026-04-04,47,5,W,ワイド,1=4,220,3
2026-04-04,47,6,SH2,二車複,1=3,110,1
2026-04-04,47,6,ST2,二車単,1-3,420,2
2026-04-04,47,6,RH3,三連複,1=3=5,1460,5
2026-04-04,47,6,RT3,三連単,1-3-5,4810,13
2026-04-04,47,6,W,ワイド,1=3,100,1
2026-04-04,47,6,W,ワイド,1=5,630,9
2026-04-04,47,6,W,ワイド,3=5,420,8
2026-04-04,47,7,SH2,二車複,2=4,820,2
2026-04-04,47,7,ST2,二車単,2-4,750,3
2026-04-04,47,7,RH3,三連複,1=2=4,190,1
2026-04-04,47,7,RT3,三連単,2-4-1,1150,3
2026-04-04,47,7,W,ワイド,2=4,150,3
2026-04-04,47,7,W,ワイド,1=2,110,1
2026-04-04,47,7,W,ワイド,1=4,150,2
2026-04-04,84,1,SH2,二車複,3=4,1690,6
2026-04-04,84,1,ST2,二車単,3-4,2010,7
2026-04-04,84,1,RH3,三連複,2=3=4,720,3
2026-04-04,84,1,RT3,三連単,3-4-2,6190,19
2026-04-04,84,1,W,ワイド,3=4,350,6
2026-04-04,84,1,W,ワイド,2=3,120,1
2026-04-04,84,1,W,ワイド,2=4,460,7
2026-04-04,84,2,SH2,二車複,1=4,370,1
2026-04-04,84,2,ST2,二車単,1-4,1790,9
2026-04-04,84,2,RH3,三連複,1=2=4,480,2
2026-04-04,84,2,RT3,三連単,1-4-2,5850,27
2026-04-04,84,2,W,ワイド,1=4,250,4
2026-04-04,84,2,W,ワイド,1=2,440,8
2026-04-04,84,2,W,ワイド,2=4,160,1
2026-04-04,84,3,SH2,二車複,1=5,2710,9
2026-04-04,84,3,ST2,二車単,1-5,4400,17
2026-04-04,84,3,RH3,三連複,1=3=5,2550,8
2026-04-04,84,3,RT3,三連単,1-5-3,12950,40
2026-04-04,84,3,W,ワイド,1=5,750,12
2026-04-04,84,3,W,ワイド,1=3,330,5
2026-04-04,84,3,W,ワイド,3=5,1410,14
2026-04-04,84,4,SH2,二車複,2=7,1040,4
2026-04-04,84,4,ST2,二車単,2-7,1170,5
2026-04-04,84,4,RH3,三連複,1=2=7,2510,10
2026-04-04,84,4,RT3,三連単,2-7-1,4520,13
2026-04-04,84,4,W,ワイド,2=7,440,4
2026-04-04,84,4,W,ワイド,1=2,600,9
2026-04-04,84,4,W,ワイド,1=7,1390,17
2026-04-04,84,5,SH2,二車複,4=7,8990,19
2026-04-04,84,5,ST2,二車単,7-4,13810,33
2026-04-04,84,5,RH3,三連複,2=4=7,3450,14
2026-04-04,84,5,RT3,三連単,7-4-2,34800,103
2026-04-04,84,5,W,ワイド,4=7,1030,14
2026-04-04,84,5,W,ワイド,2=7,240,2
2026-04-04,84,5,W,ワイド,2=4,1150,16
2026-04-04,84,6,SH2,二車複,2=3,150,1
2026-04-04,84,6,ST2,二車単,2-3,230,1
2026-04-04,84,6,RH3,三連複,1=2=3,270,1
2026-04-04,84,6,RT3,三連単,2-3-1,660,1
2026-04-04,84,6,W,ワイド,2=3,100,1
2026-04-04,84,6,W,ワイド,1=2,190,2
2026-04-04,84,6,W,ワイド,1=3,200,3
2026-04-04,84,7,SH2,二車複,1=7,130,1
2026-04-04,84,7,ST2,二車単,7-1,220,1
2026-04-04,84,7,RH3,三連複,1=6=7,2190,6
2026-04-04,84,7,RT3,三連単,7-1-6,4180,10
2026-04-04,84,7,W,ワイド,1=7,110,1
2026-04-04,84,7,W,ワイド,6=7,1000,14
2026-04-04,84,7,W,ワイド,1=6,1510,17
2026-04-05,13,1,SH2,二車複,1=5,1240,4
2026-04-05,13,1,ST2,二車単,1-5,1450,4
2026-04-05,13,1,RH3,三連複,1=4=5,2170,7
2026-04-05,13,1,RT3,三連単,1-5-4,5600,16
2026-04-05,13,1,W,ワイド,1=5,510,7
2026-04-05,13,1,W,ワイド,1=4,220,3
2026-04-05,13,1,W,ワイド,4=5,1820,12
2026-04-05,13,2,SH2,二車複,1=6,2320,5
2026-04-05,13,2,ST2,二車単,1-6,3010,8
2026-04-05,13,2,RH3,三連複,1=5=6,6230,11
2026-04-05,13,2,RT3,三連単,1-6-5,20130,34
2026-04-05,13,2,W,ワイド,1=6,670,8
2026-04-05,13,2,W,ワイド,1=5,510,6
2026-04-05,13,2,W,ワイド,5=6,4460,15
2026-04-05,13,3,SH2,二車複,3=4,2040,9
2026-04-05,13,3,ST2,二車単,3-4,5210,23
2026-04-05,13,3,RH3,三連複,1=3=4,2520,11
2026-04-05,13,3,RT3,三連単,3-4-1,26550,95
2026-04-05,13,3,W,ワイド,3=4,760,12
2026-04-05,13,3,W,ワイド,1=3,640,9
2026-04-05,13,3,W,ワイド,1=4,330,3
2026-04-05,13,4,SH2,二車複,1=4,260,1
2026-04-05,13,4,ST2,二車単,4-1,300,1
2026-04-05,13,4,RH3,三連複,1=4=5,1460,4
2026-04-05,13,4,RT3,三連単,4-1-5,2660,3
2026-04-05,13,4,W,ワイド,1=4,170,1
2026-04-05,13,4,W,ワイド,4=5,350,5
2026-04-05,13,4,W,ワイド,1=5,600,11
2026-04-05,13,5,SH2,二車複,1=2,140,1
2026-04-05,13,5,ST2,二車単,1-2,230,1
2026-04-05,13,5,RH3,三連複,1=2=5,260,1
2026-04-05,13,5,RT3,三連単,1-2-5,520,1
2026-04-05,13,5,W,ワイド,1=2,120,1
2026-04-05,13,5,W,ワイド,1=5,280,7
2026-04-05,13,5,W,ワイド,2=5,210,2
2026-04-05,13,6,SH2,二車複,3=6,3630,10
2026-04-05,13,6,ST2,二車単,6-3,8880,23
2026-04-05,13,6,RH3,三連複,1=3=6,2300,7
2026-04-05,13,6,RT3,三連単,6-3-1,24750,56
2026-04-05,13,6,W,ワイド,3=6,1300,12
2026-04-05,13,6,W,ワイド,1=6,680,8
2026-04-05,13,6,W,ワイド,1=3,190,2
2026-04-05,13,7,SH2,二車複,1=7,2850,9
2026-04-05,13,7,ST2,二車単,1-7,4380,12
2026-04-05,13,7,RH3,三連複,1=2=7,2520,8
2026-04-05,13,7,RT3,三連単,1-7-2,16130,44
2026-04-05,13,7,W,ワイド,1=7,400,6
2026-04-05,13,7,W,ワイド,1=2,200,2
2026-04-05,13,7,W,ワイド,2=7,840,11
2026-04-05,22,1,SH2,二車複,2=5,530,2
2026-04-05,22,1,ST2,二車単,2-5,1390,4
2026-04-05,22,1,RH3,三連複,1=2=5,1180,5
2026-04-05,22,1,RT3,三連単,2-5-1,2940,10
2026-04-05,22,1,W,ワイド,2=5,300,4
2026-04-05,22,1,W,ワイド,1=2,510,5
2026-04-05,22,1,W,ワイド,1=5,240,2
2026-04-05,22,2,SH2,二車複,5=7,1600,6
2026-04-05,22,2,ST2,二車単,7-5,2430,8
2026-04-05,22,2,RH3,三連複,1=5=7,190,1
2026-04-05,22,2,RT3,三連単,7-5-1,5490,14
2026-04-05,22,2,W,ワイド,5=7,170,2
2026-04-05,22,2,W,ワイド,1=7,170,3
2026-04-05,22,2,W,ワイド,1=5,130,1
2026-04-05,22,3,SH2,二車複,1=4,1300,4
2026-04-05,22,3,ST2,二車単,4-1,1170,4
2026-04-05,22,3,RH3,三連複,1=4=6,7310,16
2026-04-05,22,3,RT3,三連単,4-1-6,20830,49
2026-04-05,22,3,W,ワイド,1=4,450,5
2026-04-05,22,3,W,ワイド,4=6,2410,17
2026-04-05,22,3,W,ワイド,1=6,5850,21
2026-04-05,22,4,SH2,二車複,2=4,830,3
2026-04-05,22,4,ST2,二車単,4-2,1130,4
2026-04-05,22,4,RH3,三連複,2=4=5,860,3
2026-04-05,22,4,RT3,三連単,4-2-5,2590,7
2026-04-05,22,4,W,ワイド,2=4,290,4
2026-04-05,22,4,W,ワイド,4=5,340,6
2026-04-05,22,4,W,ワイド,2=5,340,7
2026-04-05,22,5,SH2,二車複,4=7,6190,16
2026-04-05,22,5,ST2,二車単,4-7,13350,35
2026-04-05,22,5,RH3,三連複,3=4=7,2830,11
2026-04-05,22,5,RT3,三連単,4-7-3,46180,126
2026-04-05,22,5,W,ワイド,4=7,1090,17
2026-04-05,22,5,W,ワイド,3=4,940,15
2026-04-05,22,5,W,ワイド,3=7,580,8
2026-04-05,22,6,SH2,二車複,3=4,720,4
2026-04-05,22,6,ST2,二車単,3-4,1950,8
2026-04-05,22,6,RH3,三連複,3=4=5,260,1
2026-04-05,22,6,RT3,三連単,3-4-5,3120,12
2026-04-05,22,6,W,ワイド,3=4,160,3
2026-04-05,22,6,W,ワイド,3=5,110,1
2026-04-05,22,6,W,ワイド,4=5,150,2
2026-04-05,22,7,SH2,二車複,6=7,670,2
2026-04-05,22,7,ST2,二車単,6-7,860,3
2026-04-05,22,7,RH3,三連複,1=6=7,450,3
2026-04-05,22,7,RT3,三連単,6-7-1,2080,5
2026-04-05,22,7,W,ワイド,6=7,240,2
2026-04-05,22,7,W,ワイド,1=6,500,7
2026-04-05,22,7,W,ワイド,1=7,350,6
2026-04-05,22,8,SH2,二車複,6=7,2040,7
2026-04-05,22,8,ST2,二車単,7-6,2710,8
2026-04-05,22,8,RH3,三連複,3=6=7,1080,4
2026-04-05,22,8,RT3,三連単,7-6-3,5030,17
2026-04-05,22,8,W,ワイド,6=7,750,11
2026-04-05,22,8,W,ワイド,3=7,160,1
2026-04-05,22,8,W,ワイド,3=6,470,9
2026-04-05,22,9,SH2,二車複,1=5,720,4
2026-04-05,22,9,ST2,二車単,1-5,970,5
2026-04-05,22,9,RH3,三連複,1=4=5,340,1
2026-04-05,22,9,RT3,三連単,1-5-4,1590,5
2026-04-05,22,9,W,ワイド,1=5,230,4
2026-04-05,22,9,W,ワイド,1=4,170,2
2026-04-05,22,9,W,ワイド,4=5,320,6
2026-04-05,22,10,SH2,二車複,2=5,1100,3
2026-04-05,22,10,ST2,二車単,5-2,1700,3
2026-04-05,22,10,RH3,三連複,2=3=5,3590,13
2026-04-05,22,10,RT3,三連単,5-2-3,12030,30
2026-04-05,22,10,W,ワイド,2=5,210,2
2026-04-05,22,10,W,ワイド,3=5,560,8
2026-04-05,22,10,W,ワイド,2=3,840,15
2026-04-05,22,11,SH2,二車複,3=7,860,3
2026-04-05,22,11,ST2,二車単,3-7,1580,6
2026-04-05,22,11,RH3,三連複,1=3=7,370,1
2026-04-05,22,11,RT3,三連単,3-7-1,3270,9
2026-04-05,22,11,W,ワイド,3=7,200,2
2026-04-05,22,11,W,ワイド,1=3,220,4
2026-04-05,22,11,W,ワイド,1=7,120,1
2026-04-05,22,12,SH2,二車複,2=7,1750,9
2026-04-05,22,12,ST2,二車単,2-7,3350,14
2026-04-05,22,12,RH3,三連複,2=5=7,1580,8
2026-04-05,22,12,RT3,三連単,2-7-5,16200,64
2026-04-05,22,12,W,ワイド,2=7,480,9
2026-04-05,22,12,W,ワイド,2=5,630,10
2026-04-05,22,12,W,ワイド,5=7,450,8
2026-04-05,23,1,SH2,二車複,1=5,3130,11
2026-04-05,23,1,ST2,二車単,1-5,4400,12
2026-04-05,23,1,RH3,三連複,1=2=5,1310,4
2026-04-05,23,1,RT3,三連単,1-5-2,8300,20
2026-04-05,23,1,W,ワイド,1=5,830,9
2026-04-05,23,1,W,ワイド,1=2,310,4
2026-04-05,23,1,W,ワイド,2=5,890,10
2026-04-05,23,2,SH2,二車複,2=4,290,1
2026-04-05,23,2,ST2,二車単,2-4,390,1
2026-04-05,23,2,RH3,三連複,2=4=7,590,4
2026-04-05,23,2,RT3,三連単,2-4-7,970,1
2026-04-05,23,2,W,ワイド,2=4,170,1
2026-04-05,23,2,W,ワイド,2=7,380,7
2026-04-05,23,2,W,ワイド,4=7,550,10
2026-04-05,23,3,SH2,二車複,1=3,4120,9
2026-04-05,23,3,ST2,二車単,1-3,5260,12
2026-04-05,23,3,RH3,三連複,1=3=4,1170,4
2026-04-05,23,3,RT3,三連単,1-3-4,10010,18
2026-04-05,23,3,W,ワイド,1=3,500,6
2026-04-05,23,3,W,ワイド,1=4,100,1
2026-04-05,23,3,W,ワイド,3=4,840,10
2026-04-05,23,4,SH2,二車複,2=7,140,1
2026-04-05,23,4,ST2,二車単,2-7,270,1
2026-04-05,23,4,RH3,三連複,2=4=7,210,1
2026-04-05,23,4,RT3,三連単,2-7-4,450,1
2026-04-05,23,4,W,ワイド,2=7,100,1
2026-04-05,23,4,W,ワイド,2=4,200,3
2026-04-05,23,4,W,ワイド,4=7,220,5
2026-04-05,23,5,SH2,二車複,1=7,110,1
2026-04-05,23,5,ST2,二車単,7-1,130,1
2026-04-05,23,5,RH3,三連複,1=4=7,160,1
2026-04-05,23,5,RT3,三連単,7-1-4,270,1
2026-04-05,23,5,W,ワイド,1=7,100,1
2026-04-05,23,5,W,ワイド,4=7,170,2
2026-04-05,23,5,W,ワイド,1=4,170,3
2026-04-05,23,6,SH2,二車複,1=5,100,1
2026-04-05,23,6,ST2,二車単,1-5,120,1
2026-04-05,23,6,RH3,三連複,1=5=7,180,1
2026-04-05,23,6,RT3,三連単,1-5-7,220,1
2026-04-05,23,6,W,ワイド,1=5,100,1
2026-04-05,23,6,W,ワイド,1=7,170,2
2026-04-05,23,6,W,ワイド,5=7,180,3
2026-04-05,23,7,SH2,二車複,2=7,750,3
2026-04-05,23,7,ST2,二車単,2-7,2270,8
2026-04-05,23,7,RH3,三連複,2=4=7,1910,9
2026-04-05,23,7,RT3,三連単,2-7-4,11970,42
2026-04-05,23,7,W,ワイド,2=7,350,3
2026-04-05,23,7,W,ワイド,2=4,430,7
2026-04-05,23,7,W,ワイド,4=7,630,9
2026-04-05,37,1,WH2,枠複,3=6,270,1
2026-04-05,37,1,WT2,枠単,3-6,250,1
2026-04-05,37,1,SH2,二車複,3=7,250,1
2026-04-05,37,1,ST2,二車単,3-7,290,1
2026-04-05,37,1,RH3,三連複,3=5=7,600,1
2026-04-05,37,1,RT3,三連単,3-7-5,960,2
2026-04-05,37,1,W,ワイド,3=7,140,1
2026-04-05,37,1,W,ワイド,3=5,230,2
2026-04-05,37,1,W,ワイド,5=7,290,5
2026-04-05,37,2,WH2,枠複,3=4,670,3
2026-04-05,37,2,WT2,枠単,3-4,880,3
2026-04-05,37,2,SH2,二車複,3=4,830,3
2026-04-05,37,2,ST2,二車単,3-4,1080,2
2026-04-05,37,2,RH3,三連複,3=4=8,1840,7
2026-04-05,37,2,RT3,三連単,3-4-8,5550,13
2026-04-05,37,2,W,ワイド,3=4,450,5
2026-04-05,37,2,W,ワイド,3=8,460,6
2026-04-05,37,2,W,ワイド,4=8,770,11
2026-04-05,37,3,WH2,枠複,4=5,1880,6
2026-04-05,37,3,WT2,枠単,5-4,1810,8
2026-04-05,37,3,SH2,二車複,4=5,2090,6
2026-04-05,37,3,ST2,二車単,5-4,3210,10
2026-04-05,37,3,RH3,三連複,4=5=8,8400,27
2026-04-05,37,3,RT3,三連単,5-4-8,29780,80
2026-04-05,37,3,W,ワイド,4=5,610,5
2026-04-05,37,3,W,ワイド,5=8,660,7
2026-04-05,37,3,W,ワイド,4=8,1680,18
2026-04-05,37,4,WH2,枠複,2=6,1120,4
2026-04-05,37,4,WT2,枠単,2-6,1930,8
2026-04-05,37,4,SH2,二車複,2=9,1440,5
2026-04-05,37,4,ST2,二車単,2-9,3210,11
2026-04-05,37,4,RH3,三連複,1=2=9,2270,7
2026-04-05,37,4,RT3,三連単,2-9-1,26790,81
2026-04-05,37,4,W,ワイド,2=9,600,6
2026-04-05,37,4,W,ワイド,1=2,940,14
2026-04-05,37,4,W,ワイド,1=9,340,3
2026-04-05,37,5,WH2,枠複,4=5,310,1
2026-04-05,37,5,WT2,枠単,4-5,510,1
2026-04-05,37,5,SH2,二車複,5=7,290,1
2026-04-05,37,5,ST2,二車単,5-7,540,1
2026-04-05,37,5,RH3,三連複,3=5=7,810,1
2026-04-05,37,5,RT3,三連単,5-7-3,1380,1
2026-04-05,37,5,W,ワイド,5=7,160,1
2026-04-05,37,5,W,ワイド,3=5,610,11
2026-04-05,37,5,W,ワイド,3=7,650,12
2026-04-05,37,6,WH2,枠複,3=4,630,2
2026-04-05,37,6,WT2,枠単,4-3,1230,3
2026-04-05,37,6,SH2,二車複,3=5,640,1
2026-04-05,37,6,ST2,二車単,5-3,1020,3
2026-04-05,37,6,RH3,三連複,3=5=6,2340,9
2026-04-05,37,6,RT3,三連単,5-3-6,3360,5
2026-04-05,37,6,W,ワイド,3=5,260,1
2026-04-05,37,6,W,ワイド,5=6,1160,16
2026-04-05,37,6,W,ワイド,3=6,2280,27
2026-04-05,37,7,WH2,枠複,1=4,180,1
2026-04-05,37,7,WT2,枠単,4-1,250,1
2026-04-05,37,7,SH2,二車複,1=5,200,1
2026-04-05,37,7,ST2,二車単,5-1,250,1
2026-04-05,37,7,RH3,三連複,1=5=9,830,3
2026-04-05,37,7,RT3,三連単,5-1-9,1380,2
2026-04-05,37,7,W,ワイド,1=5,160,1
2026-04-05,37,7,W,ワイド,5=9,380,4
2026-04-05,37,7,W,ワイド,1=9,660,9
2026-04-05,37,8,WH2,枠複,5=6,190,1
2026-04-05,37,8,WT2,枠単,6-5,260,1
2026-04-05,37,8,SH2,二車複,7=9,170,1
2026-04-05,37,8,ST2,二車単,9-7,240,1
2026-04-05,37,8,RH3,三連複,1=7=9,460,1
2026-04-05,37,8,RT3,三連単,9-7-1,740,1
2026-04-05,37,8,W,ワイド,7=9,140,1
2026-04-05,37,8,W,ワイド,1=9,450,5
2026-04-05,37,8,W,ワイド,1=7,470,6
2026-04-05,37,9,WH2,枠複,3=5,530,3
2026-04-05,37,9,WT2,枠単,5-3,650,3
2026-04-05,37,9,SH2,二車複,3=7,490,3
2026-04-05,37,9,ST2,二車単,7-3,530,3
2026-04-05,37,9,RH3,三連複,3=6=7,4510,14
2026-04-05,37,9,RT3,三連単,7-3-6,4630,19
2026-04-05,37,9,W,ワイド,3=7,230,3
2026-04-05,37,9,W,ワイド,6=7,2430,19
2026-04-05,37,9,W,ワイド,3=6,3060,21
2026-04-05,37,10,WH2,枠複,1=4,210,1
2026-04-05,37,10,WT2,枠単,4-1,400,1
2026-04-05,37,10,SH2,二車複,1=5,200,1
2026-04-05,37,10,ST2,二車単,5-1,420,2
2026-04-05,37,10,RH3,三連複,1=5=7,340,1
2026-04-05,37,10,RT3,三連単,5-1-7,650,1
2026-04-05,37,10,W,ワイド,1=5,150,1
2026-04-05,37,10,W,ワイド,5=7,310,4
2026-04-05,37,10,W,ワイド,1=7,300,3
2026-04-05,37,11,WH2,枠複,5=5,10690,18
2026-04-05,37,11,WT2,枠単,5-5,16530,32
2026-04-05,37,11,SH2,二車複,6=7,23700,28
2026-04-05,37,11,ST2,二車単,7-6,48070,57
2026-04-05,37,11,RH3,三連複,6=7=9,82610,75
2026-04-05,37,11,RT3,三連単,7-6-9,488560,389
2026-04-05,37,11,W,ワイド,6=7,3630,28
2026-04-05,37,11,W,ワイド,7=9,1420,17
2026-04-05,37,11,W,ワイド,6=9,3930,29
2026-04-05,37,12,WH2,枠複,2=5,790,4
2026-04-05,37,12,WT2,枠単,2-5,970,4
2026-04-05,37,12,SH2,二車複,2=6,1180,5
2026-04-05,37,12,ST2,二車単,2-6,1680,5
2026-04-05,37,12,RH3,三連複,2=5=6,4360,18
2026-04-05,37,12,RT3,三連単,2-6-5,13530,49
2026-04-05,37,12,W,ワイド,2=6,310,2
2026-04-05,37,12,W,ワイド,2=5,520,8
2026-04-05,37,12,W,ワイド,5=6,1250,16
2026-04-05,47,1,SH2,二車複,1=4,720,3
2026-04-05,47,1,ST2,二車単,1-4,770,3
2026-04-05,47,1,RH3,三連複,1=2=4,680,3
2026-04-05,47,1,RT3,三連単,1-4-2,2120,6
2026-04-05,47,1,W,ワイド,1=4,180,3
2026-04-05,47,1,W,ワイド,1=2,100,1
2026-04-05,47,1,W,ワイド,2=4,520,6
2026-04-05,47,2,SH2,二車複,1=2,130,1
2026-04-05,47,2,ST2,二車単,1-2,170,1
2026-04-05,47,2,RH3,三連複,1=2=5,710,3
2026-04-05,47,2,RT3,三連単,1-2-5,1040,4
2026-04-05,47,2,W,ワイド,1=2,100,1
2026-04-05,47,2,W,ワイド,1=5,330,5
2026-04-05,47,2,W,ワイド,2=5,830,9
2026-04-05,47,3,SH2,二車複,2=4,2330,10
2026-04-05,47,3,ST2,二車単,2-4,2600,10
2026-04-05,47,3,RH3,三連複,2=4=7,11900,28
2026-04-05,47,3,RT3,三連単,2-4-7,72620,137
2026-04-05,47,3,W,ワイド,2=4,750,11
2026-04-05,47,3,W,ワイド,2=7,930,13
2026-04-05,47,3,W,ワイド,4=7,3630,20
2026-04-05,47,4,SH2,二車複,1=2,250,1
2026-04-05,47,4,ST2,二車単,1-2,320,1
2026-04-05,47,4,RH3,三連複,1=2=6,330,1
2026-04-05,47,4,RT3,三連単,1-2-6,580,1
2026-04-05,47,4,W,ワイド,1=2,150,1
2026-04-05,47,4,W,ワイド,1=6,320,6
2026-04-05,47,4,W,ワイド,2=6,300,5
2026-04-05,47,5,SH2,二車複,2=5,5440,10
2026-04-05,47,5,ST2,二車単,2-5,7990,15
2026-04-05,47,5,RH3,三連複,1=2=5,5770,13
2026-04-05,47,5,RT3,三連単,2-5-1,36180,66
2026-04-05,47,5,W,ワイド,2=5,400,6
2026-04-05,47,5,W,ワイド,1=2,300,4
2026-04-05,47,5,W,ワイド,1=5,1760,14
2026-04-05,47,6,SH2,二車複,1=5,180,1
2026-04-05,47,6,ST2,二車単,1-5,350,1
2026-04-05,47,6,RH3,三連複,1=3=5,540,1
2026-04-05,47,6,RT3,三連単,1-5-3,1070,2
2026-04-05,47,6,W,ワイド,1=5,120,1
2026-04-05,47,6,W,ワイド,1=3,220,2
2026-04-05,47,6,W,ワイド,3=5,290,5
2026-04-05,47,7,SH2,二車複,1=2,110,1
2026-04-05,47,7,ST2,二車単,2-1,160,1
2026-04-05,47,7,RH3,三連複,1=2=3,430,2
2026-04-05,47,7,RT3,三連単,2-1-3,940,3
2026-04-05,47,7,W,ワイド,1=2,100,1
2026-04-05,47,7,W,ワイド,2=3,240,4
2026-04-05,47,7,W,ワイド,1=3,290,6
2026-04-05,87,1,SH2,二車複,2=4,490,2
2026-04-05,87,1,ST2,二車単,4-2,1210,4
2026-04-05,87,1,RH3,三連複,2=3=4,190,1
2026-04-05,87,1,RT3,三連単,4-2-3,2090,6
2026-04-05,87,1,W,ワイド,2=4,150,3
2026-04-05,87,1,W,ワイド,3=4,180,4
2026-04-05,87,1,W,ワイド,2=3,140,1
2026-04-05,87,2,SH2,二車複,3=5,7800,10
2026-04-05,87,2,ST2,二車単,5-3,21300,21
2026-04-05,87,2,RH3,三連複,1=3=5,1900,4
2026-04-05,87,2,RT3,三連単,5-3-1,41740,46
2026-04-05,87,2,W,ワイド,3=5,790,9
2026-04-05,87,2,W,ワイド,1=5,440,6
2026-04-05,87,2,W,ワイド,1=3,110,1
2026-04-05,87,3,SH2,二車複,1=7,2330,8
2026-04-05,87,3,ST2,二車単,7-1,4930,15
2026-04-05,87,3,RH3,三連複,1=4=7,2150,6
2026-04-05,87,3,RT3,三連単,7-1-4,12690,30
2026-04-05,87,3,W,ワイド,1=7,610,8
2026-04-05,87,3,W,ワイド,4=7,1170,12
2026-04-05,87,3,W,ワイド,1=4,140,1
2026-04-05,87,4,SH2,二車複,4=6,330,1
2026-04-05,87,4,ST2,二車単,6-4,870,3
2026-04-05,87,4,RH3,三連複,4=6=7,750,3
2026-04-05,87,4,RT3,三連単,6-4-7,2610,6
2026-04-05,87,4,W,ワイド,4=6,230,2
2026-04-05,87,4,W,ワイド,6=7,730,10
2026-04-05,87,4,W,ワイド,4=7,470,8
2026-04-05,87,5,SH2,二車複,1=2,180,1
2026-04-05,87,5,ST2,二車単,1-2,340,1
2026-04-05,87,5,RH3,三連複,1=2=3,280,1
2026-04-05,87,5,RT3,三連単,1-2-3,580,1
2026-04-05,87,5,W,ワイド,1=2,120,1
2026-04-05,87,5,W,ワイド,1=3,170,4
2026-04-05,87,5,W,ワイド,2=3,160,3
2026-04-05,87,6,SH2,二車複,1=2,170,1
2026-04-05,87,6,ST2,二車単,1-2,250,2
2026-04-05,87,6,RH3,三連複,1=2=3,230,1
2026-04-05,87,6,RT3,三連単,1-2-3,640,2
2026-04-05,87,6,W,ワイド,1=2,110,1
2026-04-05,87,6,W,ワイド,1=3,130,2
2026-04-05,87,6,W,ワイド,2=3,210,5
2026-04-05,87,7,SH2,二車複,2=3,810,2
2026-04-05,87,7,ST2,二車単,3-2,1260,3
2026-04-05,87,7,RH3,三連複,2=3=5,3160,9
2026-04-05,87,7,RT3,三連単,3-2-5,9220,27
2026-04-05,87,7,W,ワイド,2=3,390,5
2026-04-05,87,7,W,ワイド,3=5,870,10
2026-04-05,87,7,W,ワイド,2=5,1000,11
2026-04-06,13,1,SH2,二車複,1=3,400,1
2026-04-06,13,1,ST2,二車単,1-3,690,2
2026-04-06,13,1,RH3,三連複,1=2=3,290,1
2026-04-06,13,1,RT3,三連単,1-3-2,1140,1
2026-04-06,13,1,W,ワイド,1=3,140,1
2026-04-06,13,1,W,ワイド,1=2,180,3
2026-04-06,13,1,W,ワイド,2=3,160,2
2026-04-06,13,2,SH2,二車複,1=3,310,1
2026-04-06,13,2,ST2,二車単,3-1,740,2
2026-04-06,13,2,RH3,三連複,1=2=3,270,1
2026-04-06,13,2,RT3,三連単,3-1-2,1440,3
2026-04-06,13,2,W,ワイド,1=3,160,2
2026-04-06,13,2,W,ワイド,2=3,190,3
2026-04-06,13,2,W,ワイド,1=2,120,1
2026-04-06,13,3,SH2,二車複,2=7,3010,7
2026-04-06,13,3,ST2,二車単,2-7,9020,24
2026-04-06,13,3,RH3,三連複,1=2=7,3670,13
2026-04-06,13,3,RT3,三連単,2-7-1,27930,68
2026-04-06,13,3,W,ワイド,2=7,1630,16
2026-04-06,13,3,W,ワイド,1=2,620,6
2026-04-06,13,3,W,ワイド,1=7,1190,14
2026-04-06,13,4,SH2,二車複,4=6,940,3
2026-04-06,13,4,ST2,二車単,4-6,2230,7
2026-04-06,13,4,RH3,三連複,1=4=6,1100,4
2026-04-06,13,4,RT3,三連単,4-6-1,5100,14
2026-04-06,13,4,W,ワイド,4=6,470,6
2026-04-06,13,4,W,ワイド,1=4,420,4
2026-04-06,13,4,W,ワイド,1=6,480,7
2026-04-06,13,5,SH2,二車複,2=3,320,2
2026-04-06,13,5,ST2,二車単,2-3,560,3
2026-04-06,13,5,RH3,三連複,2=3=4,180,1
2026-04-06,13,5,RT3,三連単,2-3-4,790,3
2026-04-06,13,5,W,ワイド,2=3,120,2
2026-04-06,13,5,W,ワイド,2=4,120,1
2026-04-06,13,5,W,ワイド,3=4,170,3
2026-04-06,13,6,SH2,二車複,1=2,110,1
2026-04-06,13,6,ST2,二車単,2-1,300,2
2026-04-06,13,6,RH3,三連複,1=2=3,230,1
2026-04-06,13,6,RT3,三連単,2-1-3,760,3
2026-04-06,13,6,W,ワイド,1=2,100,1
2026-04-06,13,6,W,ワイド,2=3,190,2
2026-04-06,13,6,W,ワイド,1=3,190,3
2026-04-06,13,7,SH2,二車複,2=6,3660,10
2026-04-06,13,7,ST2,二車単,2-6,4100,16
2026-04-06,13,7,RH3,三連複,1=2=6,740,3
2026-04-06,13,7,RT3,三連単,2-6-1,9390,30
2026-04-06,13,7,W,ワイド,2=6,440,8
2026-04-06,13,7,W,ワイド,1=2,150,1
2026-04-06,13,7,W,ワイド,1=6,260,4
2026-04-06,22,1,SH2,二車複,2=4,1040,5
2026-04-06,22,1,ST2,二車単,4-2,1090,4
2026-04-06,22,1,RH3,三連複,2=4=7,830,4
2026-04-06,22,1,RT3,三連単,4-2-7,4080,11
2026-04-06,22,1,W,ワイド,2=4,350,6
2026-04-06,22,1,W,ワイド,4=7,240,2
2026-04-06,22,1,W,ワイド,2=7,300,4
2026-04-06,22,2,SH2,二車複,3=7,2750,9
2026-04-06,22,2,ST2,二車単,3-7,5060,17
2026-04-06,22,2,RH3,三連複,2=3=7,4050,14
2026-04-06,22,2,RT3,三連単,3-7-2,26810,71
2026-04-06,22,2,W,ワイド,3=7,410,7
2026-04-06,22,2,W,ワイド,2=3,860,12
2026-04-06,22,2,W,ワイド,2=7,350,5
2026-04-06,22,3,SH2,二車複,2=5,960,4
2026-04-06,22,3,ST2,二車単,5-2,4150,17
2026-04-06,22,3,RH3,三連複,2=3=5,560,2
2026-04-06,22,3,RT3,三連単,5-2-3,6920,26
2026-04-06,22,3,W,ワイド,2=5,280,5
2026-04-06,22,3,W,ワイド,3=5,180,1
2026-04-06,22,3,W,ワイド,2=3,260,3
2026-04-06,22,4,SH2,二車複,2=4,200,1
2026-04-06,22,4,ST2,二車単,4-2,740,3
2026-04-06,22,4,RH3,三連複,2=4=6,860,5
2026-04-06,22,4,RT3,三連単,4-2-6,5070,19
2026-04-06,22,4,W,ワイド,2=4,110,1
2026-04-06,22,4,W,ワイド,4=6,460,8
2026-04-06,22,4,W,ワイド,2=6,390,7
2026-04-06,22,5,SH2,二車複,1=4,240,1
2026-04-06,22,5,ST2,二車単,1-4,330,1
2026-04-06,22,5,RH3,三連複,1=4=6,1880,7
2026-04-06,22,5,RT3,三連単,1-4-6,4880,18
2026-04-06,22,5,W,ワイド,1=4,170,2
2026-04-06,22,5,W,ワイド,1=6,630,9
2026-04-06,22,5,W,ワイド,4=6,1710,17
2026-04-06,22,6,SH2,二車複,1=4,350,1
2026-04-06,22,6,ST2,二車単,4-1,890,4
2026-04-06,22,6,RH3,三連複,1=3=4,290,1
2026-04-06,22,6,RT3,三連単,4-1-3,1490,3
2026-04-06,22,6,W,ワイド,1=4,180,1
2026-04-06,22,6,W,ワイド,3=4,180,2
2026-04-06,22,6,W,ワイド,1=3,290,4
2026-04-06,22,7,SH2,二車複,1=4,140,1
2026-04-06,22,7,ST2,二車単,1-4,320,2
2026-04-06,22,7,RH3,三連複,1=4=7,190,1
2026-04-06,22,7,RT3,三連単,1-4-7,480,2
2026-04-06,22,7,W,ワイド,1=4,110,1
2026-04-06,22,7,W,ワイド,1=7,200,3
2026-04-06,22,7,W,ワイド,4=7,150,2
2026-04-06,22,8,SH2,二車複,1=5,2350,9
2026-04-06,22,8,ST2,二車単,1-5,2620,10
2026-04-06,22,8,RH3,三連複,1=2=5,1710,7
2026-04-06,22,8,RT3,三連単,1-5-2,7480,26
2026-04-06,22,8,W,ワイド,1=5,730,12
2026-04-06,22,8,W,ワイド,1=2,240,3
2026-04-06,22,8,W,ワイド,2=5,640,10
2026-04-06,22,9,SH2,二車複,3=6,5800,20
2026-04-06,22,9,ST2,二車単,6-3,8780,27
2026-04-06,22,9,RH3,三連複,3=5=6,4370,14
2026-04-06,22,9,RT3,三連単,6-3-5,46180,121
2026-04-06,22,9,W,ワイド,3=6,1350,16
2026-04-06,22,9,W,ワイド,5=6,340,3
2026-04-06,22,9,W,ワイド,3=5,340,4
2026-04-06,22,10,SH2,二車複,3=7,200,1
2026-04-06,22,10,ST2,二車単,3-7,270,1
2026-04-06,22,10,RH3,三連複,1=3=7,460,1
2026-04-06,22,10,RT3,三連単,3-7-1,800,1
2026-04-06,22,10,W,ワイド,3=7,130,1
2026-04-06,22,10,W,ワイド,1=3,220,3
2026-04-06,22,10,W,ワイド,1=7,310,5
2026-04-06,22,11,SH2,二車複,2=6,250,1
2026-04-06,22,11,ST2,二車単,6-2,420,1
2026-04-06,22,11,RH3,三連複,2=4=6,460,1
2026-04-06,22,11,RT3,三連単,6-2-4,800,1
2026-04-06,22,11,W,ワイド,2=6,150,1
2026-04-06,22,11,W,ワイド,4=6,370,6
2026-04-06,22,11,W,ワイド,2=4,400,7
2026-04-06,22,12,SH2,二車複,4=7,500,2
2026-04-06,22,12,ST2,二車単,4-7,610,2
2026-04-06,22,12,RH3,三連複,2=4=7,740,2
2026-04-06,22,12,RT3,三連単,4-7-2,2030,4
2026-04-06,22,12,W,ワイド,4=7,230,3
2026-04-06,22,12,W,ワイド,2=4,180,2
2026-04-06,22,12,W,ワイド,2=7,580,9
2026-04-06,23,1,SH2,二車複,1=4,410,2
2026-04-06,23,1,ST2,二車単,1-4,610,2
2026-04-06,23,1,RH3,三連複,1=4=5,610,3
2026-04-06,23,1,RT3,三連単,1-4-5,1400,2
2026-04-06,23,1,W,ワイド,1=4,180,2
2026-04-06,23,1,W,ワイド,1=5,160,1
2026-04-06,23,1,W,ワイド,4=5,190,3
2026-04-06,23,2,SH2,二車複,2=6,830,3
2026-04-06,23,2,ST2,二車単,2-6,1070,4
2026-04-06,23,2,RH3,三連複,2=5=6,1630,8
2026-04-06,23,2,RT3,三連単,2-6-5,2650,6
2026-04-06,23,2,W,ワイド,2=6,350,5
2026-04-06,23,2,W,ワイド,2=5,310,4
2026-04-06,23,2,W,ワイド,5=6,760,12
2026-04-06,23,3,SH2,二車複,3=6,320,1
2026-04-06,23,3,ST2,二車単,6-3,570,2
2026-04-06,23,3,RH3,三連複,3=6=7,2320,9
2026-04-06,23,3,RT3,三連単,6-3-7,5920,17
2026-04-06,23,3,W,ワイド,3=6,210,1
2026-04-06,23,3,W,ワイド,6=7,690,11
2026-04-06,23,3,W,ワイド,3=7,810,12
2026-04-06,23,4,SH2,二車複,2=7,520,3
2026-04-06,23,4,ST2,二車単,2-7,560,3
2026-04-06,23,4,RH3,三連複,2=4=7,300,1
2026-04-06,23,4,RT3,三連単,2-7-4,1420,2
2026-04-06,23,4,W,ワイド,2=7,140,2
2026-04-06,23,4,W,ワイド,2=4,140,1
2026-04-06,23,4,W,ワイド,4=7,260,4
2026-04-06,23,5,SH2,二車複,1=5,360,2
2026-04-06,23,5,ST2,二車単,5-1,470,1
2026-04-06,23,5,RH3,三連複,1=3=5,1130,5
2026-04-06,23,5,RT3,三連単,5-1-3,1860,4
2026-04-06,23,5,W,ワイド,1=5,290,3
2026-04-06,23,5,W,ワイド,3=5,580,9
2026-04-06,23,5,W,ワイド,1=3,610,11
2026-04-06,23,6,SH2,二車複,1=4,2230,8
2026-04-06,23,6,ST2,二車単,4-1,5110,14
2026-04-06,23,6,RH3,三連複,1=2=4,1640,7
2026-04-06,23,6,RT3,三連単,4-1-2,19490,49
2026-04-06,23,6,W,ワイド,1=4,810,12
2026-04-06,23,6,W,ワイド,2=4,130,1
2026-04-06,23,6,W,ワイド,1=2,860,13
2026-04-06,23,7,SH2,二車複,2=4,13230,17
2026-04-06,23,7,ST2,二車単,2-4,19460,27
2026-04-06,23,7,RH3,三連複,2=3=4,17480,26
2026-04-06,23,7,RT3,三連単,2-4-3,105510,127
2026-04-06,23,7,W,ワイド,2=4,2550,17
2026-04-06,23,7,W,ワイド,2=3,1090,11
2026-04-06,23,7,W,ワイド,3=4,2130,15
2026-04-06,42,1,SH2,二車複,4=5,210,1
2026-04-06,42,1,ST2,二車単,4-5,250,1
2026-04-06,42,1,RH3,三連複,3=4=5,630,3
2026-04-06,42,1,RT3,三連単,4-5-3,930,1
2026-04-06,42,1,W,ワイド,4=5,180,1
2026-04-06,42,1,W,ワイド,3=4,490,7
2026-04-06,42,1,W,ワイド,3=5,530,8
2026-04-06,42,2,SH2,二車複,3=4,730,4
2026-04-06,42,2,ST2,二車単,3-4,1130,4
2026-04-06,42,2,RH3,三連複,3=4=7,5550,18
2026-04-06,42,2,RT3,三連単,3-4-7,17620,58
2026-04-06,42,2,W,ワイド,3=4,270,3
2026-04-06,42,2,W,ワイド,3=7,880,12
2026-04-06,42,2,W,ワイド,4=7,1230,16
2026-04-06,42,3,SH2,二車複,3=4,160,1
2026-04-06,42,3,ST2,二車単,4-3,290,1
2026-04-06,42,3,RH3,三連複,3=4=7,490,2
2026-04-06,42,3,RT3,三連単,4-3-7,1390,3
2026-04-06,42,3,W,ワイド,3=4,110,1
2026-04-06,42,3,W,ワイド,4=7,280,5
2026-04-06,42,3,W,ワイド,3=7,260,4
2026-04-06,42,4,SH2,二車複,4=7,160,1
2026-04-06,42,4,ST2,二車単,4-7,240,1
2026-04-06,42,4,RH3,三連複,4=5=7,300,1
2026-04-06,42,4,RT3,三連単,4-7-5,660,1
2026-04-06,42,4,W,ワイド,4=7,110,1
2026-04-06,42,4,W,ワイド,4=5,210,2
2026-04-06,42,4,W,ワイド,5=7,260,4
2026-04-06,42,5,SH2,二車複,4=6,2720,11
2026-04-06,42,5,ST2,二車単,4-6,3830,16
2026-04-06,42,5,RH3,三連複,3=4=6,3810,16
2026-04-06,42,5,RT3,三連単,4-6-3,15880,59
2026-04-06,42,5,W,ワイド,4=6,630,10
2026-04-06,42,5,W,ワイド,3=4,390,5
2026-04-06,42,5,W,ワイド,3=6,1360,16
2026-04-06,42,6,SH2,二車複,2=7,3200,8
2026-04-06,42,6,ST2,二車単,7-2,4340,10
2026-04-06,42,6,RH3,三連複,2=5=7,13480,23
2026-04-06,42,6,RT3,三連単,7-2-5,35850,60
2026-04-06,42,6,W,ワイド,2=7,1660,14
2026-04-06,42,6,W,ワイド,5=7,330,4
2026-04-06,42,6,W,ワイド,2=5,4940,20
2026-04-06,42,7,SH2,二車複,1=5,130,1
2026-04-06,42,7,ST2,二車単,1-5,630,3
2026-04-06,42,7,RH3,三連複,1=5=7,150,1
2026-04-06,42,7,RT3,三連単,1-5-7,780,3
2026-04-06,42,7,W,ワイド,1=5,100,1
2026-04-06,42,7,W,ワイド,1=7,120,3
2026-04-06,42,7,W,ワイド,5=7,100,2
2026-04-06,42,8,SH2,二車複,3=4,250,1
2026-04-06,42,8,ST2,二車単,3-4,340,1
2026-04-06,42,8,RH3,三連複,1=3=4,1730,7
2026-04-06,42,8,RT3,三連単,3-4-1,3130,10
2026-04-06,42,8,W,ワイド,3=4,160,1
2026-04-06,42,8,W,ワイド,1=3,390,6
2026-04-06,42,8,W,ワイド,1=4,1090,13
2026-04-06,42,9,SH2,二車複,1=5,340,1
2026-04-06,42,9,ST2,二車単,5-1,450,1
2026-04-06,42,9,RH3,三連複,1=3=5,2610,14
2026-04-06,42,9,RT3,三連単,5-1-3,5640,21
2026-04-06,42,9,W,ワイド,1=5,210,1
2026-04-06,42,9,W,ワイド,3=5,700,11
2026-04-06,42,9,W,ワイド,1=3,910,14
2026-04-06,42,10,SH2,二車複,1=6,2980,6
2026-04-06,42,10,ST2,二車単,6-1,4710,7
2026-04-06,42,10,RH3,三連複,1=5=6,4400,9
2026-04-06,42,10,RT3,三連単,6-1-5,31210,55
2026-04-06,42,10,W,ワイド,1=6,1580,9
2026-04-06,42,10,W,ワイド,5=6,1610,11
2026-04-06,42,10,W,ワイド,1=5,860,5
2026-04-06,42,11,SH2,二車複,4=7,1970,5
2026-04-06,42,11,ST2,二車単,7-4,2670,7
2026-04-06,42,11,RH3,三連複,2=4=7,1170,4
2026-04-06,42,11,RT3,三連単,7-4-2,9440,22
2026-04-06,42,11,W,ワイド,4=7,360,6
2026-04-06,42,11,W,ワイド,2=7,110,1
2026-04-06,42,11,W,ワイド,2=4,360,5
2026-04-06,42,12,SH2,二車複,1=3,4150,19
2026-04-06,42,12,ST2,二車単,1-3,5330,29
2026-04-06,42,12,RH3,三連複,1=3=7,5390,28
2026-04-06,42,12,RT3,三連単,1-3-7,31420,129
2026-04-06,42,12,W,ワイド,1=3,1130,18
2026-04-06,42,12,W,ワイド,1=7,1110,16
2026-04-06,42,12,W,ワイド,3=7,1120,17
2026-04-06,45,1,SH2,二車複,1=6,860,5
2026-04-06,45,1,ST2,二車単,6-1,1710,10
2026-04-06,45,1,RH3,三連複,1=3=6,2130,8
2026-04-06,45,1,RT3,三連単,6-1-3,5510,24
2026-04-06,45,1,W,ワイド,1=6,310,5
2026-04-06,45,1,W,ワイド,3=6,1130,14
2026-04-06,45,1,W,ワイド,1=3,400,7
2026-04-06,45,2,SH2,二車複,2=7,920,5
2026-04-06,45,2,ST2,二車単,2-7,1380,6
2026-04-06,45,2,RH3,三連複,1=2=7,460,1
2026-04-06,45,2,RT3,三連単,2-7-1,1250,2
2026-04-06,45,2,W,ワイド,2=7,390,6
2026-04-06,45,2,W,ワイド,1=2,220,3
2026-04-06,45,2,W,ワイド,1=7,310,5
2026-04-06,45,3,SH2,二車複,2=7,390,1
2026-04-06,45,3,ST2,二車単,7-2,840,3
2026-04-06,45,3,RH3,三連複,2=5=7,670,3
2026-04-06,45,3,RT3,三連単,7-2-5,1730,3
2026-04-06,45,3,W,ワイド,2=7,170,1
2026-04-06,45,3,W,ワイド,5=7,580,8
2026-04-06,45,3,W,ワイド,2=5,420,6
2026-04-06,45,4,SH2,二車複,1=2,180,1
2026-04-06,45,4,ST2,二車単,1-2,560,2
2026-04-06,45,4,RH3,三連複,1=2=4,250,1
2026-04-06,45,4,RT3,三連単,1-2-4,1300,3
2026-04-06,45,4,W,ワイド,1=2,120,1
2026-04-06,45,4,W,ワイド,1=4,180,4
2026-04-06,45,4,W,ワイド,2=4,140,2
2026-04-06,45,5,SH2,二車複,3=5,320,1
2026-04-06,45,5,ST2,二車単,5-3,390,1
2026-04-06,45,5,RH3,三連複,3=4=5,490,2
2026-04-06,45,5,RT3,三連単,5-3-4,1180,1
2026-04-06,45,5,W,ワイド,3=5,200,3
2026-04-06,45,5,W,ワイド,4=5,130,1
2026-04-06,45,5,W,ワイド,3=4,250,5
2026-04-06,45,6,SH2,二車複,3=7,340,1
2026-04-06,45,6,ST2,二車単,3-7,430,1
2026-04-06,45,6,RH3,三連複,1=3=7,1480,8
2026-04-06,45,6,RT3,三連単,3-7-1,2710,8
2026-04-06,45,6,W,ワイド,3=7,150,1
2026-04-06,45,6,W,ワイド,1=3,380,5
2026-04-06,45,6,W,ワイド,1=7,790,13
2026-04-06,45,7,SH2,二車複,2=5,660,3
2026-04-06,45,7,ST2,二車単,5-2,1610,7
2026-04-06,45,7,RH3,三連複,1=2=5,520,1
2026-04-06,45,7,RT3,三連単,5-2-1,2180,5
2026-04-06,45,7,W,ワイド,2=5,300,5
2026-04-06,45,7,W,ワイド,1=5,120,1
2026-04-06,45,7,W,ワイド,1=2,450,8
2026-04-06,45,8,SH2,二車複,1=4,260,1
2026-04-06,45,8,ST2,二車単,4-1,460,1
2026-04-06,45,8,RH3,三連複,1=4=6,4990,17
2026-04-06,45,8,RT3,三連単,4-1-6,13070,44
2026-04-06,45,8,W,ワイド,1=4,130,1
2026-04-06,45,8,W,ワイド,4=6,1030,13
2026-04-06,45,8,W,ワイド,1=6,2190,18
2026-04-06,45,9,SH2,二車複,2=3,3290,11
2026-04-06,45,9,ST2,二車単,2-3,10260,25
2026-04-06,45,9,RH3,三連複,2=3=6,9680,23
2026-04-06,45,9,RT3,三連単,2-3-6,139250,162
2026-04-06,45,9,W,ワイド,2=3,880,11
2026-04-06,45,9,W,ワイド,2=6,3030,21
2026-04-06,45,9,W,ワイド,3=6,710,9
2026-04-06,45,10,SH2,二車複,1=5,190,1
2026-04-06,45,10,ST2,二車単,5-1,380,1
2026-04-06,45,10,RH3,三連複,1=5=6,630,2
2026-04-06,45,10,RT3,三連単,5-1-6,1790,5
2026-04-06,45,10,W,ワイド,1=5,120,1
2026-04-06,45,10,W,ワイド,5=6,260,4
2026-04-06,45,10,W,ワイド,1=6,350,5
2026-04-06,45,11,SH2,二車複,4=7,280,1
2026-04-06,45,11,ST2,二車単,4-7,420,1
2026-04-06,45,11,RH3,三連複,4=6=7,600,2
2026-04-06,45,11,RT3,三連単,4-7-6,1270,1
2026-04-06,45,11,W,ワイド,4=7,160,1
2026-04-06,45,11,W,ワイド,4=6,210,3
2026-04-06,45,11,W,ワイド,6=7,470,7
2026-04-06,47,1,SH2,二車複,2=4,1070,4
2026-04-06,47,1,ST2,二車単,4-2,3520,10
2026-04-06,47,1,RH3,三連複,1=2=4,270,1
2026-04-06,47,1,RT3,三連単,4-2-1,5780,24
2026-04-06,47,1,W,ワイド,2=4,240,5
2026-04-06,47,1,W,ワイド,1=4,140,2
2026-04-06,47,1,W,ワイド,1=2,110,1
2026-04-06,47,2,SH2,二車複,1=4,690,3
2026-04-06,47,2,ST2,二車単,4-1,1780,7
2026-04-06,47,2,RH3,三連複,1=2=4,920,3
2026-04-06,47,2,RT3,三連単,4-1-2,6860,24
2026-04-06,47,2,W,ワイド,1=4,200,3
2026-04-06,47,2,W,ワイド,2=4,400,7
2026-04-06,47,2,W,ワイド,1=2,160,1
2026-04-06,47,3,SH2,二車複,2=3,140,1
2026-04-06,47,3,ST2,二車単,2-3,160,1
2026-04-06,47,3,RH3,三連複,2=3=6,1200,5
2026-04-06,47,3,RT3,三連単,2-3-6,1940,4
2026-04-06,47,3,W,ワイド,2=3,120,1
2026-04-06,47,3,W,ワイド,2=6,280,5
2026-04-06,47,3,W,ワイド,3=6,630,10
2026-04-06,47,4,SH2,二車複,1=2,460,2
2026-04-06,47,4,ST2,二車単,1-2,1140,6
2026-04-06,47,4,RH3,三連複,1=2=3,350,1
2026-04-06,47,4,RT3,三連単,1-2-3,2360,7
2026-04-06,47,4,W,ワイド,1=2,200,3
2026-04-06,47,4,W,ワイド,1=3,150,1
2026-04-06,47,4,W,ワイド,2=3,240,4
2026-04-06,47,5,SH2,二車複,1=2,160,1
2026-04-06,47,5,ST2,二車単,1-2,390,2
2026-04-06,47,5,RH3,三連複,1=2=4,510,3
2026-04-06,47,5,RT3,三連単,1-2-4,1970,6
2026-04-06,47,5,W,ワイド,1=2,120,1
2026-04-06,47,5,W,ワイド,1=4,270,4
2026-04-06,47,5,W,ワイド,2=4,270,5
2026-04-06,47,6,SH2,二車複,1=3,510,2
2026-04-06,47,6,ST2,二車単,1-3,430,2
2026-04-06,47,6,RH3,三連複,1=2=3,180,1
2026-04-06,47,6,RT3,三連単,1-3-2,760,3
2026-04-06,47,6,W,ワイド,1=3,130,2
2026-04-06,47,6,W,ワイド,1=2,100,1
2026-04-06,47,6,W,ワイド,2=3,160,3
2026-04-06,47,7,SH2,二車複,1=5,2760,8
2026-04-06,47,7,ST2,二車単,1-5,4450,12
2026-04-06,47,7,RH3,三連複,1=2=5,630,4
2026-04-06,47,7,RT3,三連単,1-5-2,11780,34
2026-04-06,47,7,W,ワイド,1=5,520,9
2026-04-06,47,7,W,ワイド,1=2,110,1
2026-04-06,47,7,W,ワイド,2=5,350,5
2026-04-06,74,1,SH2,二車複,1=7,1400,4
2026-04-06,74,1,ST2,二車単,7-1,2890,9
2026-04-06,74,1,RH3,三連複,1=3=7,4070,9
2026-04-06,74,1,RT3,三連単,7-1-3,14350,33
2026-04-06,74,1,W,ワイド,1=7,720,8
2026-04-06,74,1,W,ワイド,3=7,1170,10
2026-04-06,74,1,W,ワイド,1=3,240,3
2026-04-06,74,2,SH2,二車複,4=6,3940,15
2026-04-06,74,2,ST2,二車単,6-4,13340,30
2026-04-06,74,2,RH3,三連複,2=4=6,4490,20
2026-04-06,74,2,RT3,三連単,6-4-2,61450,137
2026-04-06,74,2,W,ワイド,4=6,960,13
2026-04-06,74,2,W,ワイド,2=6,1980,18
2026-04-06,74,2,W,ワイド,2=4,210,2
2026-04-06,74,3,SH2,二車複,2=5,390,1
2026-04-06,74,3,ST2,二車単,5-2,1180,4
2026-04-06,74,3,RH3,三連複,2=5=7,560,2
2026-04-06,74,3,RT3,三連単,5-2-7,3870,11
2026-04-06,74,3,W,ワイド,2=5,180,2
2026-04-06,74,3,W,ワイド,5=7,430,8
2026-04-06,74,3,W,ワイド,2=7,170,1
2026-04-06,74,4,SH2,二車複,1=7,150,1
2026-04-06,74,4,ST2,二車単,1-7,270,1
2026-04-06,74,4,RH3,三連複,1=3=7,420,2
2026-04-06,74,4,RT3,三連単,1-7-3,1210,3
2026-04-06,74,4,W,ワイド,1=7,120,1
2026-04-06,74,4,W,ワイド,1=3,280,6
2026-04-06,74,4,W,ワイド,3=7,260,4
2026-04-06,74,5,SH2,二車複,1=2,1490,5
2026-04-06,74,5,ST2,二車単,1-2,1850,6
2026-04-06,74,5,RH3,三連複,1=2=4,1720,7
2026-04-06,74,5,RT3,三連単,1-2-4,6900,24
2026-04-06,74,5,W,ワイド,1=2,390,4
2026-04-06,74,5,W,ワイド,1=4,170,1
2026-04-06,74,5,W,ワイド,2=4,700,13
2026-04-06,74,6,SH2,二車複,1=6,3180,10
2026-04-06,74,6,ST2,二車単,6-1,13070,23
2026-04-06,74,6,RH3,三連複,1=3=6,1620,7
2026-04-06,74,6,RT3,三連単,6-1-3,33560,73
2026-04-06,74,6,W,ワイド,1=6,580,9
2026-04-06,74,6,W,ワイド,3=6,620,10
2026-04-06,74,6,W,ワイド,1=3,160,1
2026-04-06,74,7,SH2,二車複,1=7,550,2
2026-04-06,74,7,ST2,二車単,7-1,1400,7
2026-04-06,74,7,RH3,三連複,1=3=7,1890,10
2026-04-06,74,7,RT3,三連単,7-1-3,6610,21
2026-04-06,74,7,W,ワイド,1=7,330,3
2026-04-06,74,7,W,ワイド,3=7,660,12
2026-04-06,74,7,W,ワイド,1=3,330,4
2026-04-06,74,8,SH2,二車複,1=7,2210,7
2026-04-06,74,8,ST2,二車単,1-7,5020,12
2026-04-06,74,8,RH3,三連複,1=2=7,1360,5
2026-04-06,74,8,RT3,三連単,1-7-2,20100,43
2026-04-06,74,8,W,ワイド,1=7,740,8
2026-04-06,74,8,W,ワイド,1=2,430,6
2026-04-06,74,8,W,ワイド,2=7,420,5
2026-04-06,74,9,SH2,二車複,1=2,930,5
2026-04-06,74,9,ST2,二車単,2-1,2220,10
2026-04-06,74,9,RH3,三連複,1=2=6,2800,11
2026-04-06,74,9,RT3,三連単,2-1-6,8260,33
2026-04-06,74,9,W,ワイド,1=2,360,4
2026-04-06,74,9,W,ワイド,2=6,610,7
2026-04-06,74,9,W,ワイド,1=6,1710,17
2026-04-06,74,10,SH2,二車複,1=2,150,1
2026-04-06,74,10,ST2,二車単,1-2,230,1
2026-04-06,74,10,RH3,三連複,1=2=5,290,1
2026-04-06,74,10,RT3,三連単,1-2-5,570,1
2026-04-06,74,10,W,ワイド,1=2,120,1
2026-04-06,74,10,W,ワイド,1=5,260,3
2026-04-06,74,10,W,ワイド,2=5,270,5
2026-04-06,74,11,SH2,二車複,6=7,1310,5
2026-04-06,74,11,ST2,二車単,6-7,4680,11
2026-04-06,74,11,RH3,三連複,2=6=7,2800,9
2026-04-06,74,11,RT3,三連単,6-7-2,21660,56
2026-04-06,74,11,W,ワイド,6=7,430,5
2026-04-06,74,11,W,ワイド,2=6,1230,15
2026-04-06,74,11,W,ワイド,2=7,220,3
2026-04-06,87,1,SH2,二車複,1=4,860,4
2026-04-06,87,1,ST2,二車単,4-1,1560,7
2026-04-06,87,1,RH3,三連複,1=2=4,1250,5
2026-04-06,87,1,RT3,三連単,4-1-2,4660,15
2026-04-06,87,1,W,ワイド,1=4,230,4
2026-04-06,87,1,W,ワイド,2=4,360,5
2026-04-06,87,1,W,ワイド,1=2,170,2
2026-04-06,87,2,SH2,二車複,2=3,580,3
2026-04-06,87,2,ST2,二車単,3-2,680,1
2026-04-06,87,2,RH3,三連複,1=2=3,850,5
2026-04-06,87,2,RT3,三連単,3-2-1,2490,5
2026-04-06,87,2,W,ワイド,2=3,160,1
2026-04-06,87,2,W,ワイド,1=3,160,2
2026-04-06,87,2,W,ワイド,1=2,420,9
2026-04-06,87,3,SH2,二車複,1=3,120,1
2026-04-06,87,3,ST2,二車単,1-3,240,1
2026-04-06,87,3,RH3,三連複,1=2=3,130,1
2026-04-06,87,3,RT3,三連単,1-3-2,270,1
2026-04-06,87,3,W,ワイド,1=3,100,1
2026-04-06,87,3,W,ワイド,1=2,110,2
2026-04-06,87,3,W,ワイド,2=3,120,3
2026-04-06,87,4,SH2,二車複,6=7,2310,12
2026-04-06,87,4,ST2,二車単,6-7,3550,18
2026-04-06,87,4,RH3,三連複,4=6=7,5330,23
2026-04-06,87,4,RT3,三連単,6-7-4,22700,103
2026-04-06,87,4,W,ワイド,6=7,1040,16
2026-04-06,87,4,W,ワイド,4=6,1120,19
2026-04-06,87,4,W,ワイド,4=7,200,1
2026-04-06,87,5,SH2,二車複,1=3,460,3
2026-04-06,87,5,ST2,二車単,3-1,670,3
2026-04-06,87,5,RH3,三連複,1=3=4,640,2
2026-04-06,87,5,RT3,三連単,3-1-4,2200,8
2026-04-06,87,5,W,ワイド,1=3,210,3
2026-04-06,87,5,W,ワイド,3=4,240,5
2026-04-06,87,5,W,ワイド,1=4,180,2
2026-04-06,87,6,SH2,二車複,1=5,2100,5
2026-04-06,87,6,ST2,二車単,1-5,2130,7
2026-04-06,87,6,RH3,三連複,1=5=6,5150,11
2026-04-06,87,6,RT3,三連単,1-5-6,13900,32
2026-04-06,87,6,W,ワイド,1=5,630,5
2026-04-06,87,6,W,ワイド,1=6,900,8
2026-04-06,87,6,W,ワイド,5=6,4590,21
2026-04-06,87,7,SH2,二車複,3=4,1050,5
2026-04-06,87,7,ST2,二車単,3-4,1340,5
2026-04-06,87,7,RH3,三連複,2=3=4,2670,10
2026-04-06,87,7,RT3,三連単,3-4-2,7890,26
2026-04-06,87,7,W,ワイド,3=4,540,6
2026-04-06,87,7,W,ワイド,2=3,560,7
2026-04-06,87,7,W,ワイド,2=4,670,9
2026-04-07,22,1,SH2,二車複,3=5,390,2
2026-04-07,22,1,ST2,二車単,3-5,1230,4
2026-04-07,22,1,RH3,三連複,1=3=5,210,1
2026-04-07,22,1,RT3,三連単,3-5-1,2100,5
2026-04-07,22,1,W,ワイド,3=5,150,1
2026-04-07,22,1,W,ワイド,1=3,190,4
2026-04-07,22,1,W,ワイド,1=5,180,3
2026-04-07,22,2,SH2,二車複,1=3,890,4
2026-04-07,22,2,ST2,二車単,1-3,1090,4
2026-04-07,22,2,RH3,三連複,1=3=7,930,4
2026-04-07,22,2,RT3,三連単,1-3-7,2320,7
2026-04-07,22,2,W,ワイド,1=3,320,4
2026-04-07,22,2,W,ワイド,1=7,160,2
2026-04-07,22,2,W,ワイド,3=7,380,5
2026-04-07,22,3,SH2,二車複,1=2,550,2
2026-04-07,22,3,ST2,二車単,1-2,1610,5
2026-04-07,22,3,RH3,三連複,1=2=4,930,4
2026-04-07,22,3,RT3,三連単,1-2-4,7740,24
2026-04-07,22,3,W,ワイド,1=2,230,2
2026-04-07,22,3,W,ワイド,1=4,440,7
2026-04-07,22,3,W,ワイド,2=4,490,8
2026-04-07,22,4,SH2,二車複,3=5,1420,8
2026-04-07,22,4,ST2,二車単,3-5,2000,9
2026-04-07,22,4,RH3,三連複,2=3=5,3790,15
2026-04-07,22,4,RT3,三連単,3-5-2,15410,49
2026-04-07,22,4,W,ワイド,3=5,300,4
2026-04-07,22,4,W,ワイド,2=3,520,8
2026-04-07,22,4,W,ワイド,2=5,620,9
2026-04-07,22,5,SH2,二車複,1=3,290,1
2026-04-07,22,5,ST2,二車単,3-1,560,1
2026-04-07,22,5,RH3,三連複,1=3=4,1190,5
2026-04-07,22,5,RT3,三連単,3-1-4,4360,14
2026-04-07,22,5,W,ワイド,1=3,150,1
2026-04-07,22,5,W,ワイド,3=4,340,5
2026-04-07,22,5,W,ワイド,1=4,730,10
2026-04-07,22,6,SH2,二車複,2=5,680,4
2026-04-07,22,6,ST2,二車単,5-2,1230,7
2026-04-07,22,6,RH3,三連複,1=2=5,1030,6
2026-04-07,22,6,RT3,三連単,5-2-1,3110,10
2026-04-07,22,6,W,ワイド,2=5,260,3
2026-04-07,22,6,W,ワイド,1=5,420,7
2026-04-07,22,6,W,ワイド,1=2,610,10
2026-04-07,22,7,SH2,二車複,3=7,210,1
2026-04-07,22,7,ST2,二車単,3-7,430,1
2026-04-07,22,7,RH3,三連複,2=3=7,220,1
2026-04-07,22,7,RT3,三連単,3-7-2,540,1
2026-04-07,22,7,W,ワイド,3=7,120,1
2026-04-07,22,7,W,ワイド,2=3,150,2
2026-04-07,22,7,W,ワイド,2=7,160,3
2026-04-07,22,8,SH2,二車複,1=5,390,2
2026-04-07,22,8,ST2,二車単,5-1,640,2
2026-04-07,22,8,RH3,三連複,1=4=5,480,1
2026-04-07,22,8,RT3,三連単,5-1-4,1500,1
2026-04-07,22,8,W,ワイド,1=5,140,1
2026-04-07,22,8,W,ワイド,4=5,270,4
2026-04-07,22,8,W,ワイド,1=4,220,3
2026-04-07,22,9,SH2,二車複,2=7,2380,7
2026-04-07,22,9,ST2,二車単,2-7,3420,12
2026-04-07,22,9,RH3,三連複,2=6=7,11020,29
2026-04-07,22,9,RT3,三連単,2-7-6,52020,123
2026-04-07,22,9,W,ワイド,2=7,500,6
2026-04-07,22,9,W,ワイド,2=6,990,11
2026-04-07,22,9,W,ワイド,6=7,1940,17
2026-04-07,22,10,SH2,二車複,1=4,240,1
2026-04-07,22,10,ST2,二車単,1-4,660,2
2026-04-07,22,10,RH3,三連複,1=4=7,630,2
2026-04-07,22,10,RT3,三連単,1-4-7,1800,3
2026-04-07,22,10,W,ワイド,1=4,160,1
2026-04-07,22,10,W,ワイド,1=7,370,7
2026-04-07,22,10,W,ワイド,4=7,580,9
2026-04-07,22,11,SH2,二車複,2=4,680,2
2026-04-07,22,11,ST2,二車単,4-2,1190,3
2026-04-07,22,11,RH3,三連複,1=2=4,1130,5
2026-04-07,22,11,RT3,三連単,4-2-1,5420,17
2026-04-07,22,11,W,ワイド,2=4,330,3
2026-04-07,22,11,W,ワイド,1=4,550,10
2026-04-07,22,11,W,ワイド,1=2,520,8
2026-04-07,22,12,SH2,二車複,1=2,290,1
2026-04-07,22,12,ST2,二車単,1-2,530,1
2026-04-07,22,12,RH3,三連複,1=2=3,530,1
2026-04-07,22,12,RT3,三連単,1-2-3,1910,1
2026-04-07,22,12,W,ワイド,1=2,140,1
2026-04-07,22,12,W,ワイド,1=3,400,8
2026-04-07,22,12,W,ワイド,2=3,300,4
2026-04-07,23,1,SH2,二車複,1=5,200,1
2026-04-07,23,1,ST2,二車単,5-1,600,2
2026-04-07,23,1,RH3,三連複,1=4=5,3660,12
2026-04-07,23,1,RT3,三連単,5-1-4,10730,39
2026-04-07,23,1,W,ワイド,1=5,140,1
2026-04-07,23,1,W,ワイド,4=5,830,11
2026-04-07,23,1,W,ワイド,1=4,720,9
2026-04-07,23,2,SH2,二車複,2=5,8350,15
2026-04-07,23,2,ST2,二車単,2-5,19110,30
2026-04-07,23,2,RH3,三連複,2=4=5,8380,21
2026-04-07,23,2,RT3,三連単,2-5-4,88570,129
2026-04-07,23,2,W,ワイド,2=5,2310,16
2026-04-07,23,2,W,ワイド,2=4,1070,9
2026-04-07,23,2,W,ワイド,4=5,1340,12
2026-04-07,23,3,SH2,二車複,2=3,730,3
2026-04-07,23,3,ST2,二車単,2-3,1260,3
2026-04-07,23,3,RH3,三連複,1=2=3,4090,13
2026-04-07,23,3,RT3,三連単,2-3-1,12180,32
2026-04-07,23,3,W,ワイド,2=3,240,3
2026-04-07,23,3,W,ワイド,1=2,750,11
2026-04-07,23,3,W,ワイド,1=3,1170,16
2026-04-07,23,4,SH2,二車複,2=3,890,3
2026-04-07,23,4,ST2,二車単,3-2,1110,5
2026-04-07,23,4,RH3,三連複,2=3=4,1560,6
2026-04-07,23,4,RT3,三連単,3-2-4,4740,10
2026-04-07,23,4,W,ワイド,2=3,230,3
2026-04-07,23,4,W,ワイド,3=4,1090,16
2026-04-07,23,4,W,ワイド,2=4,190,2
2026-04-07,23,5,SH2,二車複,1=5,3580,13
2026-04-07,23,5,ST2,二車単,1-5,9840,30
2026-04-07,23,5,RH3,三連複,1=5=7,5320,23
2026-04-07,23,5,RT3,三連単,1-5-7,55620,151
2026-04-07,23,5,W,ワイド,1=5,730,14
2026-04-07,23,5,W,ワイド,1=7,820,15
2026-04-07,23,5,W,ワイド,5=7,460,6
2026-04-07,23,6,SH2,二車複,1=7,440,3
2026-04-07,23,6,ST2,二車単,7-1,600,4
2026-04-07,23,6,RH3,三連複,1=2=7,310,1
2026-04-07,23,6,RT3,三連単,7-1-2,1260,3
2026-04-07,23,6,W,ワイド,1=7,230,3
2026-04-07,23,6,W,ワイド,2=7,150,1
2026-04-07,23,6,W,ワイド,1=2,340,8
2026-04-07,23,7,SH2,二車複,2=7,630,2
2026-04-07,23,7,ST2,二車単,2-7,1220,3
2026-04-07,23,7,RH3,三連複,2=3=7,1110,5
2026-04-07,23,7,RT3,三連単,2-7-3,2960,8
2026-04-07,23,7,W,ワイド,2=7,280,3
2026-04-07,23,7,W,ワイド,2=3,470,6
2026-04-07,23,7,W,ワイド,3=7,620,9
2026-04-07,35,1,SH2,二車複,1=7,260,2
2026-04-07,35,1,ST2,二車単,7-1,330,1
2026-04-07,35,1,RH3,三連複,1=5=7,5930,13
2026-04-07,35,1,RT3,三連単,7-1-5,10540,30
2026-04-07,35,1,W,ワイド,1=7,250,3
2026-04-07,35,1,W,ワイド,5=7,1110,11
2026-04-07,35,1,W,ワイド,1=5,1540,14
2026-04-07,35,2,SH2,二車複,1=2,150,1
2026-04-07,35,2,ST2,二車単,1-2,200,1
2026-04-07,35,2,RH3,三連複,1=2=4,600,2
2026-04-07,35,2,RT3,三連単,1-2-4,1220,4
2026-04-07,35,2,W,ワイド,1=2,110,1
2026-04-07,35,2,W,ワイド,1=4,230,4
2026-04-07,35,2,W,ワイド,2=4,330,6
2026-04-07,35,3,SH2,二車複,1=2,130,1
2026-04-07,35,3,ST2,二車単,1-2,200,1
2026-04-07,35,3,RH3,三連複,1=2=5,250,1
2026-04-07,35,3,RT3,三連単,1-2-5,480,1
2026-04-07,35,3,W,ワイド,1=2,110,1
2026-04-07,35,3,W,ワイド,1=5,150,2
2026-04-07,35,3,W,ワイド,2=5,210,5
2026-04-07,35,4,SH2,二車複,1=3,220,1
2026-04-07,35,4,ST2,二車単,1-3,190,1
2026-04-07,35,4,RH3,三連複,1=2=3,270,1
2026-04-07,35,4,RT3,三連単,1-3-2,420,1
2026-04-07,35,4,W,ワイド,1=3,140,2
2026-04-07,35,4,W,ワイド,1=2,120,1
2026-04-07,35,4,W,ワイド,2=3,140,3
2026-04-07,35,5,SH2,二車複,1=5,2540,7
2026-04-07,35,5,ST2,二車単,1-5,4050,11
2026-04-07,35,5,RH3,三連複,1=5=7,10410,24
2026-04-07,35,5,RT3,三連単,1-5-7,38140,88
2026-04-07,35,5,W,ワイド,1=5,1050,11
2026-04-07,35,5,W,ワイド,1=7,320,4
2026-04-07,35,5,W,ワイド,5=7,5010,21
2026-04-07,35,6,SH2,二車複,2=3,920,3
2026-04-07,35,6,ST2,二車単,3-2,1540,6
2026-04-07,35,6,RH3,三連複,1=2=3,430,1
2026-04-07,35,6,RT3,三連単,3-2-1,4430,16
2026-04-07,35,6,W,ワイド,2=3,260,4
2026-04-07,35,6,W,ワイド,1=3,270,5
2026-04-07,35,6,W,ワイド,1=2,150,1
2026-04-07,35,7,SH2,二車複,1=7,8960,10
2026-04-07,35,7,ST2,二車単,1-7,8810,15
2026-04-07,35,7,RH3,三連複,1=3=7,12980,13
2026-04-07,35,7,RT3,三連単,1-7-3,58780,56
2026-04-07,35,7,W,ワイド,1=7,1720,12
2026-04-07,35,7,W,ワイド,1=3,150,2
2026-04-07,35,7,W,ワイド,3=7,5450,19
2026-04-07,35,8,SH2,二車複,3=4,910,3
2026-04-07,35,8,ST2,二車単,3-4,1890,6
2026-04-07,35,8,RH3,三連複,1=3=4,860,3
2026-04-07,35,8,RT3,三連単,3-4-1,3920,11
2026-04-07,35,8,W,ワイド,3=4,400,6
2026-04-07,35,8,W,ワイド,1=3,160,2
2026-04-07,35,8,W,ワイド,1=4,380,5
2026-04-07,35,9,SH2,二車複,5=6,3900,11
2026-04-07,35,9,ST2,二車単,6-5,7950,21
2026-04-07,35,9,RH3,三連複,2=5=6,6490,16
2026-04-07,35,9,RT3,三連単,6-5-2,32030,79
2026-04-07,35,9,W,ワイド,5=6,1150,15
2026-04-07,35,9,W,ワイド,2=6,560,7
2026-04-07,35,9,W,ワイド,2=5,870,10
2026-04-07,81,1,SH2,二車複,2=5,3200,9
2026-04-07,81,1,ST2,二車単,5-2,4290,16
2026-04-07,81,1,RH3,三連複,1=2=5,1130,3
2026-04-07,81,1,RT3,三連単,5-2-1,7250,21
2026-04-07,81,1,W,ワイド,2=5,790,12
2026-04-07,81,1,W,ワイド,1=5,170,1
2026-04-07,81,1,W,ワイド,1=2,350,5
2026-04-07,81,2,SH2,二車複,5=7,780,3
2026-04-07,81,2,ST2,二車単,7-5,1570,6
2026-04-07,81,2,RH3,三連複,1=5=7,400,2
2026-04-07,81,2,RT3,三連単,7-5-1,2830,9
2026-04-07,81,2,W,ワイド,5=7,320,6
2026-04-07,81,2,W,ワイド,1=7,320,7
2026-04-07,81,2,W,ワイド,1=5,160,2
2026-04-07,81,3,SH2,二車複,2=4,1900,6
2026-04-07,81,3,ST2,二車単,4-2,4950,15
2026-04-07,81,3,RH3,三連複,1=2=4,6470,17
2026-04-07,81,3,RT3,三連単,4-2-1,35490,87
2026-04-07,81,3,W,ワイド,2=4,500,9
2026-04-07,81,3,W,ワイド,1=4,430,5
2026-04-07,81,3,W,ワイド,1=2,320,3
2026-04-07,81,4,SH2,二車複,1=5,100,1
2026-04-07,81,4,ST2,二車単,5-1,120,1
2026-04-07,81,4,RH3,三連複,1=4=5,140,1
2026-04-07,81,4,RT3,三連単,5-1-4,190,1
2026-04-07,81,4,W,ワイド,1=5,100,1
2026-04-07,81,4,W,ワイド,4=5,180,4
2026-04-07,81,4,W,ワイド,1=4,160,3
2026-04-07,81,5,SH2,二車複,1=5,1060,5
2026-04-07,81,5,ST2,二車単,5-1,1390,5
2026-04-07,81,5,RH3,三連複,1=3=5,2240,10
2026-04-07,81,5,RT3,三連単,5-1-3,5630,18
2026-04-07,81,5,W,ワイド,1=5,570,8
2026-04-07,81,5,W,ワイド,3=5,560,7
2026-04-07,81,5,W,ワイド,1=3,800,12
2026-04-07,81,6,SH2,二車複,1=4,240,1
2026-04-07,81,6,ST2,二車単,1-4,300,1
2026-04-07,81,6,RH3,三連複,1=2=4,690,4
2026-04-07,81,6,RT3,三連単,1-4-2,1210,2
2026-04-07,81,6,W,ワイド,1=4,160,2
2026-04-07,81,6,W,ワイド,1=2,330,6
2026-04-07,81,6,W,ワイド,2=4,480,10
2026-04-07,81,7,SH2,二車複,2=5,220,1
2026-04-07,81,7,ST2,二車単,5-2,500,2
2026-04-07,81,7,RH3,三連複,2=5=7,550,2
2026-04-07,81,7,RT3,三連単,5-2-7,1750,4
2026-04-07,81,7,W,ワイド,2=5,130,1
2026-04-07,81,7,W,ワイド,5=7,270,6
2026-04-07,81,7,W,ワイド,2=7,240,4
2026-04-07,81,8,SH2,二車複,2=4,360,2
2026-04-07,81,8,ST2,二車単,2-4,510,2
2026-04-07,81,8,RH3,三連複,1=2=4,480,2
2026-04-07,81,8,RT3,三連単,2-4-1,1230,1
2026-04-07,81,8,W,ワイド,2=4,170,2
2026-04-07,81,8,W,ワイド,1=2,140,1
2026-04-07,81,8,W,ワイド,1=4,220,4
2026-04-07,81,9,SH2,二車複,2=5,160,1
2026-04-07,81,9,ST2,二車単,2-5,270,1
2026-04-07,81,9,RH3,三連複,2=5=7,390,1
2026-04-07,81,9,RT3,三連単,2-5-7,1090,2
2026-04-07,81,9,W,ワイド,2=5,120,1
2026-04-07,81,9,W,ワイド,2=7,230,3
2026-04-07,81,9,W,ワイド,5=7,330,6
2026-04-07,81,10,SH2,二車複,2=7,320,1
2026-04-07,81,10,ST2,二車単,2-7,530,1
2026-04-07,81,10,RH3,三連複,2=6=7,3420,14
2026-04-07,81,10,RT3,三連単,2-7-6,8120,31
2026-04-07,81,10,W,ワイド,2=7,130,1
2026-04-07,81,10,W,ワイド,2=6,500,9
2026-04-07,81,10,W,ワイド,6=7,1080,17
2026-04-07,81,11,SH2,二車複,1=7,100,1
2026-04-07,81,11,ST2,二車単,7-1,140,1
2026-04-07,81,11,RH3,三連複,1=4=7,120,1
2026-04-07,81,11,RT3,三連単,7-1-4,190,1
2026-04-07,81,11,W,ワイド,1=7,100,1
2026-04-07,81,11,W,ワイド,4=7,130,2
2026-04-07,81,11,W,ワイド,1=4,130,3
2026-04-07,81,12,SH2,二車複,4=7,630,2
2026-04-07,81,12,ST2,二車単,7-4,600,2
2026-04-07,81,12,RH3,三連複,4=6=7,2900,14
2026-04-07,81,12,RT3,三連単,7-4-6,9190,32
2026-04-07,81,12,W,ワイド,4=7,410,6
2026-04-07,81,12,W,ワイド,6=7,320,4
2026-04-07,81,12,W,ワイド,4=6,1810,20
2026-04-08,35,1,SH2,二車複,2=6,3970,10
2026-04-08,35,1,ST2,二車単,2-6,6700,17
2026-04-08,35,1,RH3,三連複,1=2=6,2610,7
2026-04-08,35,1,RT3,三連単,2-6-1,30200,67
2026-04-08,35,1,W,ワイド,2=6,700,9
2026-04-08,35,1,W,ワイド,1=2,250,3
2026-04-08,35,1,W,ワイド,1=6,510,7
2026-04-08,35,2,SH2,二車複,1=7,240,1
2026-04-08,35,2,ST2,二車単,1-7,270,1
2026-04-08,35,2,RH3,三連複,1=4=7,360,1
2026-04-08,35,2,RT3,三連単,1-7-4,700,1
2026-04-08,35,2,W,ワイド,1=7,140,1
2026-04-08,35,2,W,ワイド,1=4,280,4
2026-04-08,35,2,W,ワイド,4=7,320,6
2026-04-08,35,3,SH2,二車複,1=3,230,1
2026-04-08,35,3,ST2,二車単,3-1,490,2
2026-04-08,35,3,RH3,三連複,1=3=4,250,1
2026-04-08,35,3,RT3,三連単,3-1-4,690,2
2026-04-08,35,3,W,ワイド,1=3,140,1
2026-04-08,35,3,W,ワイド,3=4,250,4
2026-04-08,35,3,W,ワイド,1=4,160,3
2026-04-08,35,4,SH2,二車複,1=4,260,1
2026-04-08,35,4,ST2,二車単,1-4,270,1
2026-04-08,35,4,RH3,三連複,1=4=7,510,2
2026-04-08,35,4,RT3,三連単,1-4-7,2020,5
2026-04-08,35,4,W,ワイド,1=4,130,1
2026-04-08,35,4,W,ワイド,1=7,180,2
2026-04-08,35,4,W,ワイド,4=7,520,9
2026-04-08,35,5,SH2,二車複,3=5,2960,8
2026-04-08,35,5,ST2,二車単,3-5,5360,12
2026-04-08,35,5,RH3,三連複,1=3=5,3950,8
2026-04-08,35,5,RT3,三連単,3-5-1,18610,35
2026-04-08,35,5,W,ワイド,3=5,1580,14
2026-04-08,35,5,W,ワイド,1=3,310,4
2026-04-08,35,5,W,ワイド,1=5,860,8
2026-04-08,35,6,SH2,二車複,2=3,770,3
2026-04-08,35,6,ST2,二車単,3-2,3590,11
2026-04-08,35,6,RH3,三連複,2=3=5,11010,24
2026-04-08,35,6,RT3,三連単,3-2-5,42490,82
2026-04-08,35,6,W,ワイド,2=3,390,6
2026-04-08,35,6,W,ワイド,3=5,1920,15
2026-04-08,35,6,W,ワイド,2=5,1480,13
2026-04-08,35,7,SH2,二車複,1=2,550,2
2026-04-08,35,7,ST2,二車単,1-2,1180,5
2026-04-08,35,7,RH3,三連複,1=2=3,400,1
2026-04-08,35,7,RT3,三連単,1-2-3,3270,8
2026-04-08,35,7,W,ワイド,1=2,180,2
2026-04-08,35,7,W,ワイド,1=3,230,3
2026-04-08,35,7,W,ワイド,2=3,150,1
2026-04-08,35,8,SH2,二車複,1=2,200,1
2026-04-08,35,8,ST2,二車単,2-1,330,1
2026-04-08,35,8,RH3,三連複,1=2=6,780,4
2026-04-08,35,8,RT3,三連単,2-1-6,1070,1
2026-04-08,35,8,W,ワイド,1=2,150,1
2026-04-08,35,8,W,ワイド,2=6,560,10
2026-04-08,35,8,W,ワイド,1=6,570,11
2026-04-08,35,9,SH2,二車複,3=5,1880,8
2026-04-08,35,9,ST2,二車単,3-5,3800,11
2026-04-08,35,9,RH3,三連複,1=3=5,640,3
2026-04-08,35,9,RT3,三連単,3-5-1,7840,27
2026-04-08,35,9,W,ワイド,3=5,390,5
2026-04-08,35,9,W,ワイド,1=3,180,2
2026-04-08,35,9,W,ワイド,1=5,190,3
2026-04-08,44,1,SH2,二車複,4=7,2380,8
2026-04-08,44,1,ST2,二車単,7-4,3860,17
2026-04-08,44,1,RH3,三連複,3=4=7,540,2
2026-04-08,44,1,RT3,三連単,7-4-3,9330,32
2026-04-08,44,1,W,ワイド,4=7,300,4
2026-04-08,44,1,W,ワイド,3=7,320,5
2026-04-08,44,1,W,ワイド,3=4,120,1
2026-04-08,44,2,SH2,二車複,5=7,560,3
2026-04-08,44,2,ST2,二車単,5-7,640,3
2026-04-08,44,2,RH3,三連複,4=5=7,3140,10
2026-04-08,44,2,RT3,三連単,5-7-4,8390,29
2026-04-08,44,2,W,ワイド,5=7,250,3
2026-04-08,44,2,W,ワイド,4=5,3110,18
2026-04-08,44,2,W,ワイド,4=7,550,10
2026-04-08,44,3,SH2,二車複,2=5,160,1
2026-04-08,44,3,ST2,二車単,5-2,470,2
2026-04-08,44,3,RH3,三連複,2=5=6,550,3
2026-04-08,44,3,RT3,三連単,5-2-6,3050,9
2026-04-08,44,3,W,ワイド,2=5,130,1
2026-04-08,44,3,W,ワイド,5=6,540,9
2026-04-08,44,3,W,ワイド,2=6,510,8
2026-04-08,44,4,SH2,二車複,3=7,2540,8
2026-04-08,44,4,ST2,二車単,7-3,5080,11
2026-04-08,44,4,RH3,三連複,2=3=7,610,2
2026-04-08,44,4,RT3,三連単,7-3-2,8400,20
2026-04-08,44,4,W,ワイド,3=7,360,6
2026-04-08,44,4,W,ワイド,2=7,100,1
2026-04-08,44,4,W,ワイド,2=3,330,5
2026-04-08,44,5,SH2,二車複,2=3,1840,7
2026-04-08,44,5,ST2,二車単,2-3,3220,12
2026-04-08,44,5,RH3,三連複,1=2=3,9130,28
2026-04-08,44,5,RT3,三連単,2-3-1,34570,96
2026-04-08,44,5,W,ワイド,2=3,470,7
2026-04-08,44,5,W,ワイド,1=2,870,12
2026-04-08,44,5,W,ワイド,1=3,1120,15
2026-04-08,44,6,SH2,二車複,3=7,2250,8
2026-04-08,44,6,ST2,二車単,3-7,2270,8
2026-04-08,44,6,RH3,三連複,3=5=7,1980,8
2026-04-08,44,6,RT3,三連単,3-7-5,9050,31
2026-04-08,44,6,W,ワイド,3=7,470,7
2026-04-08,44,6,W,ワイド,3=5,270,2
2026-04-08,44,6,W,ワイド,5=7,780,12
2026-04-08,44,7,SH2,二車複,2=3,690,4
2026-04-08,44,7,ST2,二車単,3-2,2100,9
2026-04-08,44,7,RH3,三連複,2=3=5,360,1
2026-04-08,44,7,RT3,三連単,3-2-5,4640,18
2026-04-08,44,7,W,ワイド,2=3,250,5
2026-04-08,44,7,W,ワイド,3=5,200,3
2026-04-08,44,7,W,ワイド,2=5,150,1
2026-04-08,44,8,SH2,二車複,1=2,1420,5
2026-04-08,44,8,ST2,二車単,2-1,3510,10
2026-04-08,44,8,RH3,三連複,1=2=7,510,2
2026-04-08,44,8,RT3,三連単,2-1-7,7110,24
2026-04-08,44,8,W,ワイド,1=2,360,5
2026-04-08,44,8,W,ワイド,2=7,130,1
2026-04-08,44,8,W,ワイド,1=7,210,4
2026-04-08,44,9,SH2,二車複,2=4,130,1
2026-04-08,44,9,ST2,二車単,2-4,530,2
2026-04-08,44,9,RH3,三連複,2=3=4,320,2
2026-04-08,44,9,RT3,三連単,2-4-3,1790,6
2026-04-08,44,9,W,ワイド,2=4,110,1
2026-04-08,44,9,W,ワイド,2=3,270,5
2026-04-08,44,9,W,ワイド,3=4,160,2
2026-04-08,44,10,SH2,二車複,1=4,200,1
2026-04-08,44,10,ST2,二車単,4-1,450,2
2026-04-08,44,10,RH3,三連複,1=2=4,260,1
2026-04-08,44,10,RT3,三連単,4-1-2,1540,5
2026-04-08,44,10,W,ワイド,1=4,120,1
2026-04-08,44,10,W,ワイド,2=4,210,3
2026-04-08,44,10,W,ワイド,1=2,140,2
2026-04-08,44,11,SH2,二車複,1=7,120,1
2026-04-08,44,11,ST2,二車単,7-1,240,1
2026-04-08,44,11,RH3,三連複,1=2=7,2030,5
2026-04-08,44,11,RT3,三連単,7-1-2,3450,8
2026-04-08,44,11,W,ワイド,1=7,100,1
2026-04-08,44,11,W,ワイド,2=7,810,10
2026-04-08,44,11,W,ワイド,1=2,810,9
2026-04-08,44,12,SH2,二車複,5=6,1680,8
2026-04-08,44,12,ST2,二車単,5-6,4210,16
2026-04-08,44,12,RH3,三連複,2=5=6,1720,7
2026-04-08,44,12,RT3,三連単,5-6-2,9410,33
2026-04-08,44,12,W,ワイド,5=6,530,9
2026-04-08,44,12,W,ワイド,2=5,450,5
2026-04-08,44,12,W,ワイド,2=6,1050,18
2026-04-08,53,1,SH2,二車複,2=6,190,1
2026-04-08,53,1,ST2,二車単,2-6,550,2
2026-04-08,53,1,RH3,三連複,2=4=6,160,1
2026-04-08,53,1,RT3,三連単,2-6-4,750,2
2026-04-08,53,1,W,ワイド,2=6,100,1
2026-04-08,53,1,W,ワイド,2=4,140,3
2026-04-08,53,1,W,ワイド,4=6,130,2
2026-04-08,53,2,SH2,二車複,3=5,530,3
2026-04-08,53,2,ST2,二車単,3-5,900,4
2026-04-08,53,2,RH3,三連複,3=5=6,720,3
2026-04-08,53,2,RT3,三連単,3-5-6,2960,11
2026-04-08,53,2,W,ワイド,3=5,270,6
2026-04-08,53,2,W,ワイド,3=6,260,5
2026-04-08,53,2,W,ワイド,5=6,290,7
2026-04-08,53,3,SH2,二車複,1=2,1090,4
2026-04-08,53,3,ST2,二車単,1-2,3220,10
2026-04-08,53,3,RH3,三連複,1=2=4,590,2
2026-04-08,53,3,RT3,三連単,1-2-4,7140,26
2026-04-08,53,3,W,ワイド,1=2,390,4
2026-04-08,53,3,W,ワイド,1=4,430,6
2026-04-08,53,3,W,ワイド,2=4,120,1
2026-04-08,53,4,SH2,二車複,1=4,180,1
2026-04-08,53,4,ST2,二車単,1-4,250,1
2026-04-08,53,4,RH3,三連複,1=2=4,1100,4
2026-04-08,53,4,RT3,三連単,1-4-2,2210,9
2026-04-08,53,4,W,ワイド,1=4,130,1
2026-04-08,53,4,W,ワイド,1=2,580,8
2026-04-08,53,4,W,ワイド,2=4,740,10
2026-04-08,53,5,SH2,二車複,1=5,190,1
2026-04-08,53,5,ST2,二車単,5-1,170,1
2026-04-08,53,5,RH3,三連複,1=5=7,160,1
2026-04-08,53,5,RT3,三連単,5-1-7,210,1
2026-04-08,53,5,W,ワイド,1=5,110,1
2026-04-08,53,5,W,ワイド,5=7,130,2
2026-04-08,53,5,W,ワイド,1=7,180,4
2026-04-08,53,6,SH2,二車複,3=4,1950,5
2026-04-08,53,6,ST2,二車単,3-4,2510,8
2026-04-08,53,6,RH3,三連複,3=4=7,1730,4
2026-04-08,53,6,RT3,三連単,3-4-7,7620,20
2026-04-08,53,6,W,ワイド,3=4,490,5
2026-04-08,53,6,W,ワイド,3=7,170,2
2026-04-08,53,6,W,ワイド,4=7,980,9
2026-04-08,53,7,SH2,二車複,2=4,850,4
2026-04-08,53,7,ST2,二車単,4-2,790,4
2026-04-08,53,7,RH3,三連複,2=4=5,400,2
2026-04-08,53,7,RT3,三連単,4-2-5,1480,5
2026-04-08,53,7,W,ワイド,2=4,220,3
2026-04-08,53,7,W,ワイド,4=5,100,1
2026-04-08,53,7,W,ワイド,2=5,490,8
2026-04-08,61,1,SH2,二車複,1=2,460,2
2026-04-08,61,1,ST2,二車単,2-1,680,2
2026-04-08,61,1,RH3,三連複,1=2=5,1230,6
2026-04-08,61,1,RT3,三連単,2-1-5,2600,8
2026-04-08,61,1,W,ワイド,1=2,240,3
2026-04-08,61,1,W,ワイド,2=5,250,4
2026-04-08,61,1,W,ワイド,1=5,720,9
2026-04-08,61,2,SH2,二車複,1=2,590,2
2026-04-08,61,2,ST2,二車単,1-2,750,3
2026-04-08,61,2,RH3,三連複,1=2=3,500,2
2026-04-08,61,2,RT3,三連単,1-2-3,1440,4
2026-04-08,61,2,W,ワイド,1=2,190,2
2026-04-08,61,2,W,ワイド,1=3,230,3
2026-04-08,61,2,W,ワイド,2=3,250,4
2026-04-08,61,3,SH2,二車複,4=7,2350,8
2026-04-08,61,3,ST2,二車単,7-4,2730,13
2026-04-08,61,3,RH3,三連複,1=4=7,1270,6
2026-04-08,61,3,RT3,三連単,7-4-1,6770,28
2026-04-08,61,3,W,ワイド,4=7,620,10
2026-04-08,61,3,W,ワイド,1=7,270,4
2026-04-08,61,3,W,ワイド,1=4,220,2
2026-04-08,61,4,SH2,二車複,1=6,280,1
2026-04-08,61,4,ST2,二車単,6-1,2280,8
2026-04-08,61,4,RH3,三連複,1=4=6,1670,8
2026-04-08,61,4,RT3,三連単,6-1-4,14320,36
2026-04-08,61,4,W,ワイド,1=6,180,2
2026-04-08,61,4,W,ワイド,4=6,690,10
2026-04-08,61,4,W,ワイド,1=4,220,4
2026-04-08,61,5,SH2,二車複,4=5,1340,5
2026-04-08,61,5,ST2,二車単,5-4,1910,7
2026-04-08,61,5,RH3,三連複,4=5=6,420,1
2026-04-08,61,5,RT3,三連単,5-4-6,3780,10
2026-04-08,61,5,W,ワイド,4=5,430,7
2026-04-08,61,5,W,ワイド,5=6,240,3
2026-04-08,61,5,W,ワイド,4=6,470,9
2026-04-08,61,6,SH2,二車複,1=3,3840,11
2026-04-08,61,6,ST2,二車単,1-3,4590,16
2026-04-08,61,6,RH3,三連複,1=3=4,4870,16
2026-04-08,61,6,RT3,三連単,1-3-4,24710,73
2026-04-08,61,6,W,ワイド,1=3,570,8
2026-04-08,61,6,W,ワイド,1=4,430,5
2026-04-08,61,6,W,ワイド,3=4,2140,19
2026-04-08,61,7,SH2,二車複,2=3,490,3
2026-04-08,61,7,ST2,二車単,3-2,1100,5
2026-04-08,61,7,RH3,三連複,1=2=3,310,1
2026-04-08,61,7,RT3,三連単,3-2-1,2030,6
2026-04-08,61,7,W,ワイド,2=3,200,3
2026-04-08,61,7,W,ワイド,1=3,210,4
2026-04-08,61,7,W,ワイド,1=2,140,1
2026-04-08,61,8,SH2,二車複,1=3,120,1
2026-04-08,61,8,ST2,二車単,3-1,260,2
2026-04-08,61,8,RH3,三連複,1=3=6,180,1
2026-04-08,61,8,RT3,三連単,3-1-6,400,1
2026-04-08,61,8,W,ワイド,1=3,110,1
2026-04-08,61,8,W,ワイド,3=6,150,2
2026-04-08,61,8,W,ワイド,1=6,180,3
2026-04-08,61,9,SH2,二車複,1=4,610,3
2026-04-08,61,9,ST2,二車単,1-4,1000,4
2026-04-08,61,9,RH3,三連複,1=2=4,890,4
2026-04-08,61,9,RT3,三連単,1-4-2,2210,6
2026-04-08,61,9,W,ワイド,1=4,350,4
2026-04-08,61,9,W,ワイド,1=2,250,3
2026-04-08,61,9,W,ワイド,2=4,460,7
2026-04-08,81,1,SH2,二車複,1=5,580,2
2026-04-08,81,1,ST2,二車単,1-5,520,2
2026-04-08,81,1,RH3,三連複,1=2=5,1330,5
2026-04-08,81,1,RT3,三連単,1-5-2,3400,9
2026-04-08,81,1,W,ワイド,1=5,240,3
2026-04-08,81,1,W,ワイド,1=2,330,4
2026-04-08,81,1,W,ワイド,2=5,990,11
2026-04-08,81,2,SH2,二車複,1=7,330,2
2026-04-08,81,2,ST2,二車単,1-7,380,2
2026-04-08,81,2,RH3,三連複,1=5=7,190,1
2026-04-08,81,2,RT3,三連単,1-7-5,400,1
2026-04-08,81,2,W,ワイド,1=7,170,3
2026-04-08,81,2,W,ワイド,1=5,140,1
2026-04-08,81,2,W,ワイド,5=7,170,4
2026-04-08,81,3,SH2,二車複,2=4,640,3
2026-04-08,81,3,ST2,二車単,4-2,770,2
2026-04-08,81,3,RH3,三連複,1=2=4,880,2
2026-04-08,81,3,RT3,三連単,4-2-1,2420,3
2026-04-08,81,3,W,ワイド,2=4,320,4
2026-04-08,81,3,W,ワイド,1=4,350,5
2026-04-08,81,3,W,ワイド,1=2,470,9
2026-04-08,81,4,SH2,二車複,1=5,2660,10
2026-04-08,81,4,ST2,二車単,1-5,4090,14
2026-04-08,81,4,RH3,三連複,1=5=7,2830,13
2026-04-08,81,4,RT3,三連単,1-5-7,12840,47
2026-04-08,81,4,W,ワイド,1=5,830,13
2026-04-08,81,4,W,ワイド,1=7,200,1
2026-04-08,81,4,W,ワイド,5=7,1400,18
2026-04-08,81,5,SH2,二車複,4=7,460,2
2026-04-08,81,5,ST2,二車単,4-7,540,2
2026-04-08,81,5,RH3,三連複,2=4=7,780,3
2026-04-08,81,5,RT3,三連単,4-7-2,1180,3
2026-04-08,81,5,W,ワイド,4=7,230,2
2026-04-08,81,5,W,ワイド,2=4,350,5
2026-04-08,81,5,W,ワイド,2=7,520,7
2026-04-08,81,6,SH2,二車複,1=5,460,2
2026-04-08,81,6,ST2,二車単,1-5,710,3
2026-04-08,81,6,RH3,三連複,1=5=6,740,4
2026-04-08,81,6,RT3,三連単,1-5-6,1360,3
2026-04-08,81,6,W,ワイド,1=5,270,4
2026-04-08,81,6,W,ワイド,1=6,430,9
2026-04-08,81,6,W,ワイド,5=6,690,12
2026-04-08,81,7,SH2,二車複,5=7,490,3
2026-04-08,81,7,ST2,二車単,5-7,970,4
2026-04-08,81,7,RH3,三連複,4=5=7,1080,6
2026-04-08,81,7,RT3,三連単,5-7-4,5510,21
2026-04-08,81,7,W,ワイド,5=7,220,4
2026-04-08,81,7,W,ワイド,4=5,400,6
2026-04-08,81,7,W,ワイド,4=7,170,1
2026-04-08,81,8,SH2,二車複,4=5,2160,10
2026-04-08,81,8,ST2,二車単,4-5,4770,20
2026-04-08,81,8,RH3,三連複,2=4=5,1680,6
2026-04-08,81,8,RT3,三連単,4-5-2,17680,70
2026-04-08,81,8,W,ワイド,4=5,710,12
2026-04-08,81,8,W,ワイド,2=4,460,8
2026-04-08,81,8,W,ワイド,2=5,390,4
2026-04-08,81,9,SH2,二車複,2=5,180,1
2026-04-08,81,9,ST2,二車単,2-5,530,2
2026-04-08,81,9,RH3,三連複,2=4=5,250,1
2026-04-08,81,9,RT3,三連単,2-5-4,840,2
2026-04-08,81,9,W,ワイド,2=5,120,1
2026-04-08,81,9,W,ワイド,2=4,260,5
2026-04-08,81,9,W,ワイド,4=5,200,2
2026-04-08,81,10,SH2,二車複,4=5,5160,12
2026-04-08,81,10,ST2,二車単,4-5,25600,29
2026-04-08,81,10,RH3,三連複,1=4=5,1290,5
2026-04-08,81,10,RT3,三連単,4-5-1,72690,104
2026-04-08,81,10,W,ワイド,4=5,840,12
2026-04-08,81,10,W,ワイド,1=4,710,10
2026-04-08,81,10,W,ワイド,1=5,120,1
2026-04-08,81,11,SH2,二車複,2=7,160,1
2026-04-08,81,11,ST2,二車単,2-7,340,1
2026-04-08,81,11,RH3,三連複,1=2=7,800,3
2026-04-08,81,11,RT3,三連単,2-7-1,2410,5
2026-04-08,81,11,W,ワイド,2=7,120,1
2026-04-08,81,11,W,ワイド,1=2,550,10
2026-04-08,81,11,W,ワイド,1=7,600,12
2026-04-08,81,12,SH2,二車複,1=3,190,1
2026-04-08,81,12,ST2,二車単,1-3,590,2
2026-04-08,81,12,RH3,三連複,1=3=5,280,1
2026-04-08,81,12,RT3,三連単,1-3-5,1340,4
2026-04-08,81,12,W,ワイド,1=3,120,1
2026-04-08,81,12,W,ワイド,1=5,220,4
2026-04-08,81,12,W,ワイド,3=5,210,3
2026-04-09,53,1,SH2,二車複,2=4,320,1
2026-04-09,53,1,ST2,二車単,4-2,1310,5
2026-04-09,53,1,RH3,三連複,2=4=6,420,1
2026-04-09,53,1,RT3,三連単,4-2-6,4710,17
2026-04-09,53,1,W,ワイド,2=4,160,2
2026-04-09,53,1,W,ワイド,4=6,340,7
2026-04-09,53,1,W,ワイド,2=6,160,1
2026-04-09,53,2,SH2,二車複,1=3,440,2
2026-04-09,53,2,ST2,二車単,3-1,670,3
2026-04-09,53,2,RH3,三連複,1=2=3,330,1
2026-04-09,53,2,RT3,三連単,3-1-2,1410,2
2026-04-09,53,2,W,ワイド,1=3,120,1
2026-04-09,53,2,W,ワイド,2=3,130,2
2026-04-09,53,2,W,ワイド,1=2,160,3
2026-04-09,53,3,SH2,二車複,2=6,1390,4
2026-04-09,53,3,ST2,二車単,2-6,2550,9
2026-04-09,53,3,RH3,三連複,2=4=6,990,4
2026-04-09,53,3,RT3,三連単,2-6-4,4060,11
2026-04-09,53,3,W,ワイド,2=6,770,8
2026-04-09,53,3,W,ワイド,2=4,360,5
2026-04-09,53,3,W,ワイド,4=6,360,4
2026-04-09,53,4,SH2,二車複,3=6,6310,15
2026-04-09,53,4,ST2,二車単,3-6,15000,30
2026-04-09,53,4,RH3,三連複,1=3=6,3350,14
2026-04-09,53,4,RT3,三連単,3-6-1,46060,105
2026-04-09,53,4,W,ワイド,3=6,1240,16
2026-04-09,53,4,W,ワイド,1=3,720,10
2026-04-09,53,4,W,ワイド,1=6,170,1
2026-04-09,53,5,SH2,二車複,3=4,590,3
2026-04-09,53,5,ST2,二車単,4-3,810,3
2026-04-09,53,5,RH3,三連複,1=3=4,5520,16
2026-04-09,53,5,RT3,三連単,4-3-1,12490,44
2026-04-09,53,5,W,ワイド,3=4,150,1
2026-04-09,53,5,W,ワイド,1=4,1400,13
2026-04-09,53,5,W,ワイド,1=3,2240,17
2026-04-09,53,6,SH2,二車複,1=7,200,1
2026-04-09,53,6,ST2,二車単,1-7,350,1
2026-04-09,53,6,RH3,三連複,1=3=7,910,3
2026-04-09,53,6,RT3,三連単,1-7-3,2720,10
2026-04-09,53,6,W,ワイド,1=7,140,1
2026-04-09,53,6,W,ワイド,1=3,570,10
2026-04-09,53,6,W,ワイド,3=7,840,13
2026-04-09,53,7,SH2,二車複,1=7,260,1
2026-04-09,53,7,ST2,二車単,1-7,290,1
2026-04-09,53,7,RH3,三連複,1=4=7,400,1
2026-04-09,53,7,RT3,三連単,1-7-4,790,1
2026-04-09,53,7,W,ワイド,1=7,140,1
2026-04-09,53,7,W,ワイド,1=4,160,3
2026-04-09,53,7,W,ワイド,4=7,330,6
2026-04-09,61,1,SH2,二車複,2=3,600,2
2026-04-09,61,1,ST2,二車単,3-2,1270,6
2026-04-09,61,1,RH3,三連複,2=3=5,180,1
2026-04-09,61,1,RT3,三連単,3-2-5,2150,6
2026-04-09,61,1,W,ワイド,2=3,120,2
2026-04-09,61,1,W,ワイド,3=5,140,3
2026-04-09,61,1,W,ワイド,2=5,110,1
2026-04-09,61,2,SH2,二車複,1=2,110,1
2026-04-09,61,2,ST2,二車単,2-1,230,1
2026-04-09,61,2,RH3,三連複,1=2=6,2550,5
2026-04-09,61,2,RT3,三連単,2-1-6,6030,13
2026-04-09,61,2,W,ワイド,1=2,150,1
2026-04-09,61,2,W,ワイド,2=6,1410,14
2026-04-09,61,2,W,ワイド,1=6,960,11
2026-04-09,61,3,SH2,二車複,1=2,140,1
2026-04-09,61,3,ST2,二車単,2-1,180,1
2026-04-09,61,3,RH3,三連複,1=2=3,400,2
2026-04-09,61,3,RT3,三連単,2-1-3,1010,3
2026-04-09,61,3,W,ワイド,1=2,110,1
2026-04-09,61,3,W,ワイド,2=3,190,3
2026-04-09,61,3,W,ワイド,1=3,280,5
2026-04-09,61,4,SH2,二車複,1=3,4350,15
2026-04-09,61,4,ST2,二車単,1-3,5590,25
2026-04-09,61,4,RH3,三連複,1=2=3,1160,5
2026-04-09,61,4,RT3,三連単,1-3-2,13060,49
2026-04-09,61,4,W,ワイド,1=3,800,14
2026-04-09,61,4,W,ワイド,1=2,260,4
2026-04-09,61,4,W,ワイド,2=3,230,2
2026-04-09,61,5,SH2,二車複,1=2,150,1
2026-04-09,61,5,ST2,二車単,1-2,200,1
2026-04-09,61,5,RH3,三連複,1=2=3,150,1
2026-04-09,61,5,RT3,三連単,1-2-3,280,1
2026-04-09,61,5,W,ワイド,1=2,100,1
2026-04-09,61,5,W,ワイド,1=3,130,2
2026-04-09,61,5,W,ワイド,2=3,150,3
2026-04-09,61,6,SH2,二車複,1=2,130,1
2026-04-09,61,6,ST2,二車単,2-1,160,1
2026-04-09,61,6,RH3,三連複,1=2=3,180,1
2026-04-09,61,6,RT3,三連単,2-1-3,380,1
2026-04-09,61,6,W,ワイド,1=2,100,1
2026-04-09,61,6,W,ワイド,2=3,150,2
2026-04-09,61,6,W,ワイド,1=3,180,3
2026-04-09,61,7,SH2,二車複,1=2,200,1
2026-04-09,61,7,ST2,二車単,2-1,870,4
2026-04-09,61,7,RH3,三連複,1=2=3,200,1
2026-04-09,61,7,RT3,三連単,2-1-3,1490,6
2026-04-09,61,7,W,ワイド,1=2,110,1
2026-04-09,61,7,W,ワイド,2=3,190,4
2026-04-09,61,7,W,ワイド,1=3,180,3
2026-04-09,61,8,SH2,二車複,3=7,1920,6
2026-04-09,61,8,ST2,二車単,7-3,1590,6
2026-04-09,61,8,RH3,三連複,3=5=7,4000,13
2026-04-09,61,8,RT3,三連単,7-3-5,6960,23
2026-04-09,61,8,W,ワイド,3=7,470,5
2026-04-09,61,8,W,ワイド,5=7,1460,14
2026-04-09,61,8,W,ワイド,3=5,1860,17
2026-04-09,61,9,SH2,二車複,1=4,2450,10
2026-04-09,61,9,ST2,二車単,1-4,3090,11
2026-04-09,61,9,RH3,三連複,1=4=6,4430,16
2026-04-09,61,9,RT3,三連単,1-4-6,15280,53
2026-04-09,61,9,W,ワイド,1=4,800,10
2026-04-09,61,9,W,ワイド,1=6,380,5
2026-04-09,61,9,W,ワイド,4=6,1270,16
2026-04-09,81,1,SH2,二車複,5=7,3580,9
2026-04-09,81,1,ST2,二車単,7-5,6930,14
2026-04-09,81,1,RH3,三連複,4=5=7,6680,14
2026-04-09,81,1,RT3,三連単,7-5-4,28470,52
2026-04-09,81,1,W,ワイド,5=7,660,7
2026-04-09,81,1,W,ワイド,4=7,210,3
2026-04-09,81,1,W,ワイド,4=5,1230,12
2026-04-09,81,2,SH2,二車複,1=7,370,2
2026-04-09,81,2,ST2,二車単,1-7,510,2
2026-04-09,81,2,RH3,三連複,1=2=7,860,4
2026-04-09,81,2,RT3,三連単,1-7-2,1710,3
2026-04-09,81,2,W,ワイド,1=7,200,3
2026-04-09,81,2,W,ワイド,1=2,330,4
2026-04-09,81,2,W,ワイド,2=7,500,6
2026-04-09,81,3,SH2,二車複,4=5,2670,10
2026-04-09,81,3,ST2,二車単,5-4,6790,25
2026-04-09,81,3,RH3,三連複,1=4=5,1900,11
2026-04-09,81,3,RT3,三連単,5-4-1,13150,53
2026-04-09,81,3,W,ワイド,4=5,790,15
2026-04-09,81,3,W,ワイド,1=5,380,4
2026-04-09,81,3,W,ワイド,1=4,480,9
2026-04-09,81,4,SH2,二車複,1=7,280,1
2026-04-09,81,4,ST2,二車単,7-1,1410,6
2026-04-09,81,4,RH3,三連複,1=6=7,3510,13
2026-04-09,81,4,RT3,三連単,7-1-6,14790,47
2026-04-09,81,4,W,ワイド,1=7,150,1
2026-04-09,81,4,W,ワイド,6=7,1400,18
2026-04-09,81,4,W,ワイド,1=6,1100,15
2026-04-09,81,5,SH2,二車複,3=4,1250,5
2026-04-09,81,5,ST2,二車単,4-3,3340,11
2026-04-09,81,5,RH3,三連複,1=3=4,1310,5
2026-04-09,81,5,RT3,三連単,4-3-1,11530,41
2026-04-09,81,5,W,ワイド,3=4,420,7
2026-04-09,81,5,W,ワイド,1=4,310,3
2026-04-09,81,5,W,ワイド,1=3,690,10
2026-04-09,81,6,SH2,二車複,3=4,460,2
2026-04-09,81,6,ST2,二車単,3-4,520,2
2026-04-09,81,6,RH3,三連複,3=4=5,2710,9
2026-04-09,81,6,RT3,三連単,3-4-5,6850,17
2026-04-09,81,6,W,ワイド,3=4,230,3
2026-04-09,81,6,W,ワイド,3=5,570,7
2026-04-09,81,6,W,ワイド,4=5,1020,14
2026-04-09,81,7,SH2,二車複,3=5,2020,8
2026-04-09,81,7,ST2,二車単,3-5,2900,10
2026-04-09,81,7,RH3,三連複,2=3=5,2590,11
2026-04-09,81,7,RT3,三連単,3-5-2,7180,23
2026-04-09,81,7,W,ワイド,3=5,940,12
2026-04-09,81,7,W,ワイド,2=3,1020,13
2026-04-09,81,7,W,ワイド,2=5,1070,15
2026-04-09,81,8,SH2,二車複,3=5,2090,9
2026-04-09,81,8,ST2,二車単,3-5,4130,20
2026-04-09,81,8,RH3,三連複,3=5=7,4330,20
2026-04-09,81,8,RT3,三連単,3-5-7,27390,109
2026-04-09,81,8,W,ワイド,3=5,490,7
2026-04-09,81,8,W,ワイド,3=7,700,13
2026-04-09,81,8,W,ワイド,5=7,710,14
2026-04-09,81,9,SH2,二車複,3=4,1480,6
2026-04-09,81,9,ST2,二車単,3-4,2050,10
2026-04-09,81,9,RH3,三連複,1=3=4,1500,7
2026-04-09,81,9,RT3,三連単,3-4-1,4970,20
2026-04-09,81,9,W,ワイド,3=4,430,7
2026-04-09,81,9,W,ワイド,1=3,230,2
2026-04-09,81,9,W,ワイド,1=4,560,10
2026-04-09,81,10,SH2,二車複,1=5,2450,9
2026-04-09,81,10,ST2,二車単,1-5,3710,15
2026-04-09,81,10,RH3,三連複,1=5=6,7990,22
2026-04-09,81,10,RT3,三連単,1-5-6,38360,111
2026-04-09,81,10,W,ワイド,1=5,420,5
2026-04-09,81,10,W,ワイド,1=6,3680,20
2026-04-09,81,10,W,ワイド,5=6,640,10
2026-04-09,81,11,SH2,二車複,1=2,260,1
2026-04-09,81,11,ST2,二車単,2-1,1230,6
2026-04-09,81,11,RH3,三連複,1=2=5,400,1
2026-04-09,81,11,RT3,三連単,2-1-5,4310,16
2026-04-09,81,11,W,ワイド,1=2,150,1
2026-04-09,81,11,W,ワイド,2=5,260,3
2026-04-09,81,11,W,ワイド,1=5,160,2
2026-04-09,81,12,SH2,二車複,1=3,350,1
2026-04-09,81,12,ST2,二車単,3-1,410,1
2026-04-09,81,12,RH3,三連複,1=3=5,460,1
2026-04-09,81,12,RT3,三連単,3-1-5,1050,1
2026-04-09,81,12,W,ワイド,1=3,190,1
2026-04-09,81,12,W,ワイド,3=5,200,2
2026-04-09,81,12,W,ワイド,1=5,330,7
2026-04-10,11,1,SH2,二車複,1=4,1850,6
2026-04-10,11,1,ST2,二車単,4-1,2380,9
2026-04-10,11,1,RH3,三連複,1=4=7,1600,7
2026-04-10,11,1,RT3,三連単,4-1-7,8850,26
2026-04-10,11,1,W,ワイド,1=4,740,10
2026-04-10,11,1,W,ワイド,4=7,210,2
2026-04-10,11,1,W,ワイド,1=7,550,9
2026-04-10,11,2,SH2,二車複,2=3,1050,6
2026-04-10,11,2,ST2,二車単,3-2,1520,4
2026-04-10,11,2,RH3,三連複,1=2=3,6110,12
2026-04-10,11,2,RT3,三連単,3-2-1,15820,43
2026-04-10,11,2,W,ワイド,2=3,470,7
2026-04-10,11,2,W,ワイド,1=3,1090,12
2026-04-10,11,2,W,ワイド,1=2,2410,15
2026-04-10,11,3,SH2,二車複,4=5,1020,4
2026-04-10,11,3,ST2,二車単,4-5,4020,9
2026-04-10,11,3,RH3,三連複,4=5=7,240,1
2026-04-10,11,3,RT3,三連単,4-5-7,6990,22
2026-04-10,11,3,W,ワイド,4=5,180,3
2026-04-10,11,3,W,ワイド,4=7,140,2
2026-04-10,11,3,W,ワイド,5=7,130,1
2026-04-10,11,4,SH2,二車複,4=7,120,1
2026-04-10,11,4,ST2,二車単,7-4,210,1
2026-04-10,11,4,RH3,三連複,1=4=7,230,1
2026-04-10,11,4,RT3,三連単,7-4-1,470,1
2026-04-10,11,4,W,ワイド,4=7,130,1
2026-04-10,11,4,W,ワイド,1=7,260,4
2026-04-10,11,4,W,ワイド,1=4,280,5
2026-04-10,11,5,SH2,二車複,1=2,2160,5
2026-04-10,11,5,ST2,二車単,1-2,2080,6
2026-04-10,11,5,RH3,三連複,1=2=6,7870,15
2026-04-10,11,5,RT3,三連単,1-2-6,19710,35
2026-04-10,11,5,W,ワイド,1=2,760,9
2026-04-10,11,5,W,ワイド,1=6,530,6
2026-04-10,11,5,W,ワイド,2=6,6410,21
2026-04-10,11,6,SH2,二車複,5=6,1780,4
2026-04-10,11,6,ST2,二車単,6-5,5470,9
2026-04-10,11,6,RH3,三連複,2=5=6,3260,5
2026-04-10,11,6,RT3,三連単,6-5-2,26410,30
2026-04-10,11,6,W,ワイド,5=6,740,3
2026-04-10,11,6,W,ワイド,2=6,1510,6
2026-04-10,11,6,W,ワイド,2=5,1490,5
2026-04-10,11,7,SH2,二車複,5=6,2600,9
2026-04-10,11,7,ST2,二車単,5-6,7550,24
2026-04-10,11,7,RH3,三連複,5=6=7,2580,11
2026-04-10,11,7,RT3,三連単,5-6-7,22770,74
2026-04-10,11,7,W,ワイド,5=6,590,8
2026-04-10,11,7,W,ワイド,5=7,330,6
2026-04-10,11,7,W,ワイド,6=7,300,4
2026-04-10,11,8,SH2,二車複,5=7,920,2
2026-04-10,11,8,ST2,二車単,5-7,1120,4
2026-04-10,11,8,RH3,三連複,3=5=7,2200,10
2026-04-10,11,8,RT3,三連単,5-7-3,11230,37
2026-04-10,11,8,W,ワイド,5=7,320,4
2026-04-10,11,8,W,ワイド,3=5,460,6
2026-04-10,11,8,W,ワイド,3=7,810,13
2026-04-10,11,9,SH2,二車複,1=7,380,2
2026-04-10,11,9,ST2,二車単,1-7,580,2
2026-04-10,11,9,RH3,三連複,1=4=7,490,1
2026-04-10,11,9,RT3,三連単,1-7-4,1380,1
2026-04-10,11,9,W,ワイド,1=7,140,1
2026-04-10,11,9,W,ワイド,1=4,290,5
2026-04-10,11,9,W,ワイド,4=7,400,8
2026-04-10,11,10,SH2,二車複,2=6,24080,21
2026-04-10,11,10,ST2,二車単,2-6,45550,40
2026-04-10,11,10,RH3,三連複,2=3=6,18530,30
2026-04-10,11,10,RT3,三連単,2-6-3,398150,194
2026-04-10,11,10,W,ワイド,2=6,4400,20
2026-04-10,11,10,W,ワイド,2=3,890,9
2026-04-10,11,10,W,ワイド,3=6,3120,18
2026-04-10,11,11,SH2,二車複,1=4,330,2
2026-04-10,11,11,ST2,二車単,1-4,320,1
2026-04-10,11,11,RH3,三連複,1=4=5,570,2
2026-04-10,11,11,RT3,三連単,1-4-5,1170,3
2026-04-10,11,11,W,ワイド,1=4,180,3
2026-04-10,11,11,W,ワイド,1=5,150,1
2026-04-10,11,11,W,ワイド,4=5,340,6
2026-04-10,36,1,SH2,二車複,3=5,560,2
2026-04-10,36,1,ST2,二車単,3-5,3590,10
2026-04-10,36,1,RH3,三連複,1=3=5,160,1
2026-04-10,36,1,RT3,三連単,3-5-1,7400,20
2026-04-10,36,1,W,ワイド,3=5,150,2
2026-04-10,36,1,W,ワイド,1=3,160,4
2026-04-10,36,1,W,ワイド,1=5,100,1
2026-04-10,36,2,SH2,二車複,3=5,3020,8
2026-04-10,36,2,ST2,二車単,5-3,4470,12
2026-04-10,36,2,RH3,三連複,2=3=5,960,3
2026-04-10,36,2,RT3,三連単,5-3-2,16300,39
2026-04-10,36,2,W,ワイド,3=5,780,9
2026-04-10,36,2,W,ワイド,2=5,130,1
2026-04-10,36,2,W,ワイド,2=3,290,6
2026-04-10,36,3,SH2,二車複,4=6,180,1
2026-04-10,36,3,ST2,二車単,6-4,220,1
2026-04-10,36,3,RH3,三連複,4=6=7,430,2
2026-04-10,36,3,RT3,三連単,6-4-7,890,2
2026-04-10,36,3,W,ワイド,4=6,130,1
2026-04-10,36,3,W,ワイド,6=7,240,6
2026-04-10,36,3,W,ワイド,4=7,190,3
2026-04-10,36,4,SH2,二車複,2=7,120,1
2026-04-10,36,4,ST2,二車単,2-7,140,1
2026-04-10,36,4,RH3,三連複,2=5=7,740,2
2026-04-10,36,4,RT3,三連単,2-7-5,1180,3
2026-04-10,36,4,W,ワイド,2=7,100,1
2026-04-10,36,4,W,ワイド,2=5,190,4
2026-04-10,36,4,W,ワイド,5=7,620,7
2026-04-10,36,5,SH2,二車複,1=5,150,1
2026-04-10,36,5,ST2,二車単,1-5,150,1
2026-04-10,36,5,RH3,三連複,1=4=5,280,2
2026-04-10,36,5,RT3,三連単,1-5-4,340,1
2026-04-10,36,5,W,ワイド,1=5,100,1
2026-04-10,36,5,W,ワイド,1=4,270,5
2026-04-10,36,5,W,ワイド,4=5,300,6
2026-04-10,36,6,SH2,二車複,2=4,190,1
2026-04-10,36,6,ST2,二車単,2-4,480,2
2026-04-10,36,6,RH3,三連複,2=3=4,340,1
2026-04-10,36,6,RT3,三連単,2-4-3,820,1
2026-04-10,36,6,W,ワイド,2=4,130,1
2026-04-10,36,6,W,ワイド,2=3,210,4
2026-04-10,36,6,W,ワイド,3=4,150,2
2026-04-10,36,7,SH2,二車複,2=4,320,2
2026-04-10,36,7,ST2,二車単,4-2,1060,5
2026-04-10,36,7,RH3,三連複,2=4=7,960,4
2026-04-10,36,7,RT3,三連単,4-2-7,4230,15
2026-04-10,36,7,W,ワイド,2=4,190,2
2026-04-10,36,7,W,ワイド,4=7,610,7
2026-04-10,36,7,W,ワイド,2=7,220,4
2026-04-10,36,8,SH2,二車複,1=4,660,2
2026-04-10,36,8,ST2,二車単,4-1,1250,3
2026-04-10,36,8,RH3,三連複,1=4=5,950,4
2026-04-10,36,8,RT3,三連単,4-1-5,3160,8
2026-04-10,36,8,W,ワイド,1=4,480,5
2026-04-10,36,8,W,ワイド,4=5,550,8
2026-04-10,36,8,W,ワイド,1=5,460,4
2026-04-10,36,9,SH2,二車複,3=7,160,1
2026-04-10,36,9,ST2,二車単,7-3,390,2
2026-04-10,36,9,RH3,三連複,3=6=7,480,2
2026-04-10,36,9,RT3,三連単,7-3-6,1100,4
2026-04-10,36,9,W,ワイド,3=7,120,1
2026-04-10,36,9,W,ワイド,6=7,490,5
2026-04-10,36,9,W,ワイド,3=6,620,7
2026-04-10,36,10,SH2,二車複,4=5,140,1
2026-04-10,36,10,ST2,二車単,5-4,250,1
2026-04-10,36,10,RH3,三連複,2=4=5,190,1
2026-04-10,36,10,RT3,三連単,5-4-2,310,1
2026-04-10,36,10,W,ワイド,4=5,110,2
2026-04-10,36,10,W,ワイド,2=5,150,3
2026-04-10,36,10,W,ワイド,2=4,100,1
2026-04-10,36,11,SH2,二車複,1=7,100,1
2026-04-10,36,11,ST2,二車単,1-7,140,1
2026-04-10,36,11,RH3,三連複,1=5=7,160,1
2026-04-10,36,11,RT3,三連単,1-7-5,200,1
2026-04-10,36,11,W,ワイド,1=7,100,1
2026-04-10,36,11,W,ワイド,1=5,140,2
2026-04-10,36,11,W,ワイド,5=7,150,3
2026-04-10,38,1,SH2,二車複,1=3,540,2
2026-04-10,38,1,ST2,二車単,3-1,1570,6
2026-04-10,38,1,RH3,三連複,1=3=5,1520,5
2026-04-10,38,1,RT3,三連単,3-1-5,7490,23
2026-04-10,38,1,W,ワイド,1=3,220,3
2026-04-10,38,1,W,ワイド,3=5,460,8
2026-04-10,38,1,W,ワイド,1=5,290,5
2026-04-10,38,2,SH2,二車複,1=4,690,3
2026-04-10,38,2,ST2,二車単,1-4,740,3
2026-04-10,38,2,RH3,三連複,1=3=4,530,2
2026-04-10,38,2,RT3,三連単,1-4-3,1920,8
2026-04-10,38,2,W,ワイド,1=4,190,3
2026-04-10,38,2,W,ワイド,1=3,110,1
2026-04-10,38,2,W,ワイド,3=4,580,8
2026-04-10,38,3,SH2,二車複,1=2,170,1
2026-04-10,38,3,ST2,二車単,1-2,200,1
2026-04-10,38,3,RH3,三連複,1=2=3,160,1
2026-04-10,38,3,RT3,三連単,1-2-3,340,1
2026-04-10,38,3,W,ワイド,1=2,100,1
2026-04-10,38,3,W,ワイド,1=3,120,2
2026-04-10,38,3,W,ワイド,2=3,130,3
2026-04-10,38,4,SH2,二車複,2=3,410,2
2026-04-10,38,4,ST2,二車単,3-2,540,2
2026-04-10,38,4,RH3,三連複,1=2=3,240,1
2026-04-10,38,4,RT3,三連単,3-2-1,1000,2
2026-04-10,38,4,W,ワイド,2=3,130,2
2026-04-10,38,4,W,ワイド,1=3,110,1
2026-04-10,38,4,W,ワイド,1=2,210,4
2026-04-10,38,5,SH2,二車複,1=2,210,1
2026-04-10,38,5,ST2,二車単,2-1,960,5
2026-04-10,38,5,RH3,三連複,1=2=3,280,1
2026-04-10,38,5,RT3,三連単,2-1-3,2050,8
2026-04-10,38,5,W,ワイド,1=2,110,1
2026-04-10,38,5,W,ワイド,2=3,200,4
2026-04-10,38,5,W,ワイド,1=3,150,2
2026-04-10,38,6,SH2,二車複,1=3,470,2
2026-04-10,38,6,ST2,二車単,1-3,570,3
2026-04-10,38,6,RH3,三連複,1=2=3,170,1
2026-04-10,38,6,RT3,三連単,1-3-2,760,2
2026-04-10,38,6,W,ワイド,1=3,150,3
2026-04-10,38,6,W,ワイド,1=2,100,1
2026-04-10,38,6,W,ワイド,2=3,140,2
2026-04-10,38,7,SH2,二車複,1=2,170,1
2026-04-10,38,7,ST2,二車単,1-2,470,2
2026-04-10,38,7,RH3,三連複,1=2=7,2150,7
2026-04-10,38,7,RT3,三連単,1-2-7,7250,21
2026-04-10,38,7,W,ワイド,1=2,130,1
2026-04-10,38,7,W,ワイド,1=7,890,12
2026-04-10,38,7,W,ワイド,2=7,660,9
2026-04-10,38,8,SH2,二車複,1=2,160,1
2026-04-10,38,8,ST2,二車単,1-2,350,1
2026-04-10,38,8,RH3,三連複,1=2=3,220,1
2026-04-10,38,8,RT3,三連単,1-2-3,650,1
2026-04-10,38,8,W,ワイド,1=2,120,1
2026-04-10,38,8,W,ワイド,1=3,130,2
2026-04-10,38,8,W,ワイド,2=3,180,3
2026-04-10,38,9,SH2,二車複,1=4,580,3
2026-04-10,38,9,ST2,二車単,1-4,620,3
2026-04-10,38,9,RH3,三連複,1=4=6,6890,13
2026-04-10,38,9,RT3,三連単,1-4-6,11650,27
2026-04-10,38,9,W,ワイド,1=4,240,3
2026-04-10,38,9,W,ワイド,1=6,1120,11
2026-04-10,38,9,W,ワイド,4=6,4030,18
2026-04-10,44,1,SH2,二車複,2=3,750,3
2026-04-10,44,1,ST2,二車単,2-3,1180,5
2026-04-10,44,1,RH3,三連複,2=3=4,3720,10
2026-04-10,44,1,RT3,三連単,2-3-4,10250,34
2026-04-10,44,1,W,ワイド,2=3,290,4
2026-04-10,44,1,W,ワイド,2=4,560,8
2026-04-10,44,1,W,ワイド,3=4,1100,13
2026-04-10,44,2,SH2,二車複,2=7,290,1
2026-04-10,44,2,ST2,二車単,7-2,540,1
2026-04-10,44,2,RH3,三連複,2=4=7,380,1
2026-04-10,44,2,RT3,三連単,7-2-4,1150,1
2026-04-10,44,2,W,ワイド,2=7,130,1
2026-04-10,44,2,W,ワイド,4=7,180,2
2026-04-10,44,2,W,ワイド,2=4,310,5
2026-04-10,44,3,SH2,二車複,1=7,330,1
2026-04-10,44,3,ST2,二車単,1-7,1190,5
2026-04-10,44,3,RH3,三連複,1=4=7,380,1
2026-04-10,44,3,RT3,三連単,1-7-4,1820,2
2026-04-10,44,3,W,ワイド,1=7,210,3
2026-04-10,44,3,W,ワイド,1=4,210,4
2026-04-10,44,3,W,ワイド,4=7,150,1
2026-04-10,44,4,SH2,二車複,3=7,200,1
2026-04-10,44,4,ST2,二車単,7-3,340,1
2026-04-10,44,4,RH3,三連複,3=5=7,220,1
2026-04-10,44,4,RT3,三連単,7-3-5,540,1
2026-04-10,44,4,W,ワイド,3=7,130,1
2026-04-10,44,4,W,ワイド,5=7,150,2
2026-04-10,44,4,W,ワイド,3=5,230,4
2026-04-10,44,5,SH2,二車複,3=5,1680,5
2026-04-10,44,5,ST2,二車単,3-5,4150,11
2026-04-10,44,5,RH3,三連複,3=4=5,3770,10
2026-04-10,44,5,RT3,三連単,3-5-4,22880,50
2026-04-10,44,5,W,ワイド,3=5,470,6
2026-04-10,44,5,W,ワイド,3=4,1470,15
2026-04-10,44,5,W,ワイド,4=5,310,4
2026-04-10,44,6,SH2,二車複,2=5,180,1
2026-04-10,44,6,ST2,二車単,5-2,580,2
2026-04-10,44,6,RH3,三連複,2=3=5,460,1
2026-04-10,44,6,RT3,三連単,5-2-3,2740,9
2026-04-10,44,6,W,ワイド,2=5,130,1
2026-04-10,44,6,W,ワイド,3=5,230,4
2026-04-10,44,6,W,ワイド,2=3,200,2
2026-04-10,44,7,SH2,二車複,1=7,510,3
2026-04-10,44,7,ST2,二車単,1-7,910,4
2026-04-10,44,7,RH3,三連複,1=4=7,600,2
2026-04-10,44,7,RT3,三連単,1-7-4,2280,10
2026-04-10,44,7,W,ワイド,1=7,210,3
2026-04-10,44,7,W,ワイド,1=4,210,4
2026-04-10,44,7,W,ワイド,4=7,290,6
2026-04-10,44,8,SH2,二車複,4=5,4130,13
2026-04-10,44,8,ST2,二車単,4-5,8650,27
2026-04-10,44,8,RH3,三連複,1=4=5,2060,14
2026-04-10,44,8,RT3,三連単,4-5-1,21420,88
2026-04-10,44,8,W,ワイド,4=5,810,14
2026-04-10,44,8,W,ワイド,1=4,580,11
2026-04-10,44,8,W,ワイド,1=5,250,1
2026-04-10,44,9,SH2,二車複,1=7,160,1
2026-04-10,44,9,ST2,二車単,1-7,450,2
2026-04-10,44,9,RH3,三連複,1=4=7,200,1
2026-04-10,44,9,RT3,三連単,1-7-4,900,2
2026-04-10,44,9,W,ワイド,1=7,130,1
2026-04-10,44,9,W,ワイド,1=4,230,4
2026-04-10,44,9,W,ワイド,4=7,170,2
2026-04-10,44,10,SH2,二車複,1=2,2020,6
2026-04-10,44,10,ST2,二車単,1-2,2390,6
2026-04-10,44,10,RH3,三連複,1=2=6,4740,12
2026-04-10,44,10,RT3,三連単,1-2-6,9280,25
2026-04-10,44,10,W,ワイド,1=2,670,6
2026-04-10,44,10,W,ワイド,1=6,810,10
2026-04-10,44,10,W,ワイド,2=6,1620,16
2026-04-10,44,11,SH2,二車複,4=6,4250,18
2026-04-10,44,11,ST2,二車単,4-6,6080,28
2026-04-10,44,11,RH3,三連複,4=5=6,5550,26
2026-04-10,44,11,RT3,三連単,4-6-5,38650,146
2026-04-10,44,11,W,ワイド,4=6,990,18
2026-04-10,44,11,W,ワイド,4=5,210,1
2026-04-10,44,11,W,ワイド,5=6,650,13
2026-04-10,44,12,SH2,二車複,3=5,230,1
2026-04-10,44,12,ST2,二車単,5-3,450,1
2026-04-10,44,12,RH3,三連複,3=5=7,430,1
2026-04-10,44,12,RT3,三連単,5-3-7,1000,1
2026-04-10,44,12,W,ワイド,3=5,130,1
2026-04-10,44,12,W,ワイド,5=7,330,6
2026-04-10,44,12,W,ワイド,3=7,290,4
2026-04-10,63,1,SH2,二車複,4=7,1220,4
2026-04-10,63,1,ST2,二車単,7-4,5170,12
2026-04-10,63,1,RH3,三連複,2=4=7,650,2
2026-04-10,63,1,RT3,三連単,7-4-2,22390,49
2026-04-10,63,1,W,ワイド,4=7,240,4
2026-04-10,63,1,W,ワイド,2=7,440,7
2026-04-10,63,1,W,ワイド,2=4,120,1
2026-04-10,63,2,SH2,二車複,1=3,750,3
2026-04-10,63,2,ST2,二車単,3-1,1180,5
2026-04-10,63,2,RH3,三連複,1=3=7,520,3
2026-04-10,63,2,RT3,三連単,3-1-7,2200,8
2026-04-10,63,2,W,ワイド,1=3,220,3
2026-04-10,63,2,W,ワイド,3=7,200,2
2026-04-10,63,2,W,ワイド,1=7,280,5
2026-04-10,63,3,SH2,二車複,2=4,1060,3
2026-04-10,63,3,ST2,二車単,4-2,1610,4
2026-04-10,63,3,RH3,三連複,1=2=4,570,2
2026-04-10,63,3,RT3,三連単,4-2-1,3520,7
2026-04-10,63,3,W,ワイド,2=4,260,4
2026-04-10,63,3,W,ワイド,1=4,100,1
2026-04-10,63,3,W,ワイド,1=2,280,6
2026-04-10,63,4,SH2,二車複,3=4,100,1
2026-04-10,63,4,ST2,二車単,3-4,140,1
2026-04-10,63,4,RH3,三連複,3=4=7,170,1
2026-04-10,63,4,RT3,三連単,3-4-7,210,1
2026-04-10,63,4,W,ワイド,3=4,100,1
2026-04-10,63,4,W,ワイド,3=7,140,2
2026-04-10,63,4,W,ワイド,4=7,190,3
2026-04-10,63,5,SH2,二車複,2=7,1310,5
2026-04-10,63,5,ST2,二車単,7-2,1960,5
2026-04-10,63,5,RH3,三連複,2=3=7,1960,8
2026-04-10,63,5,RT3,三連単,7-2-3,6170,15
2026-04-10,63,5,W,ワイド,2=7,440,4
2026-04-10,63,5,W,ワイド,3=7,470,6
2026-04-10,63,5,W,ワイド,2=3,590,10
2026-04-10,63,6,SH2,二車複,3=5,140,1
2026-04-10,63,6,ST2,二車単,5-3,130,1
2026-04-10,63,6,RH3,三連複,1=3=5,130,1
2026-04-10,63,6,RT3,三連単,5-3-1,180,1
2026-04-10,63,6,W,ワイド,3=5,100,1
2026-04-10,63,6,W,ワイド,1=5,110,2
2026-04-10,63,6,W,ワイド,1=3,120,3
2026-04-10,63,7,SH2,二車複,1=5,1830,4
2026-04-10,63,7,ST2,二車単,1-5,2020,5
2026-04-10,63,7,RH3,三連複,1=5=7,220,1
2026-04-10,63,7,RT3,三連単,1-5-7,3220,8
2026-04-10,63,7,W,ワイド,1=5,200,4
2026-04-10,63,7,W,ワイド,1=7,110,1
2026-04-10,63,7,W,ワイド,5=7,240,5
2026-04-10,86,1,SH2,二車複,1=2,130,1
2026-04-10,86,1,ST2,二車単,1-2,190,1
2026-04-10,86,1,RH3,三連複,1=2=6,2520,6
2026-04-10,86,1,RT3,三連単,1-2-6,6580,17
2026-04-10,86,1,W,ワイド,1=2,100,1
2026-04-10,86,1,W,ワイド,1=6,1120,10
2026-04-10,86,1,W,ワイド,2=6,1890,14
2026-04-10,86,2,SH2,二車複,1=2,200,1
2026-04-10,86,2,ST2,二車単,2-1,1420,4
2026-04-10,86,2,RH3,三連複,1=2=3,120,1
2026-04-10,86,2,RT3,三連単,2-1-3,2980,8
2026-04-10,86,2,W,ワイド,1=2,100,1
2026-04-10,86,2,W,ワイド,2=3,130,3
2026-04-10,86,2,W,ワイド,1=3,110,2
2026-04-10,86,3,SH2,二車複,1=2,130,1
2026-04-10,86,3,ST2,二車単,1-2,140,1
2026-04-10,86,3,RH3,三連複,1=2=6,1250,3
2026-04-10,86,3,RT3,三連単,1-2-6,1910,5
2026-04-10,86,3,W,ワイド,1=2,100,1
2026-04-10,86,3,W,ワイド,1=6,580,6
2026-04-10,86,3,W,ワイド,2=6,680,9
2026-04-10,86,4,SH2,二車複,1=3,260,1
2026-04-10,86,4,ST2,二車単,3-1,340,1
2026-04-10,86,4,RH3,三連複,1=3=6,3230,7
2026-04-10,86,4,RT3,三連単,3-1-6,6390,19
2026-04-10,86,4,W,ワイド,1=3,150,1
2026-04-10,86,4,W,ワイド,3=6,1110,10
2026-04-10,86,4,W,ワイド,1=6,1310,12
2026-04-10,86,5,SH2,二車複,2=4,540,2
2026-04-10,86,5,ST2,二車単,2-4,1400,5
2026-04-10,86,5,RH3,三連複,2=3=4,1080,4
2026-04-10,86,5,RT3,三連単,2-4-3,4840,15
2026-04-10,86,5,W,ワイド,2=4,230,3
2026-04-10,86,5,W,ワイド,2=3,410,8
2026-04-10,86,5,W,ワイド,3=4,210,1
2026-04-10,86,6,SH2,二車複,1=2,120,1
2026-04-10,86,6,ST2,二車単,1-2,240,1
2026-04-10,86,6,RH3,三連複,1=2=3,240,1
2026-04-10,86,6,RT3,三連単,1-2-3,620,1
2026-04-10,86,6,W,ワイド,1=2,100,1
2026-04-10,86,6,W,ワイド,1=3,210,2
2026-04-10,86,6,W,ワイド,2=3,220,4
2026-04-10,86,7,SH2,二車複,1=5,670,2
2026-04-10,86,7,ST2,二車単,1-5,720,4
2026-04-10,86,7,RH3,三連複,1=2=5,410,2
2026-04-10,86,7,RT3,三連単,1-5-2,1630,5
2026-04-10,86,7,W,ワイド,1=5,200,3
2026-04-10,86,7,W,ワイド,1=2,120,1
2026-04-10,86,7,W,ワイド,2=5,320,6
2026-04-10,86,8,SH2,二車複,1=2,160,1
2026-04-10,86,8,ST2,二車単,1-2,290,1
2026-04-10,86,8,RH3,三連複,1=2=5,1350,6
2026-04-10,86,8,RT3,三連単,1-2-5,3110,11
2026-04-10,86,8,W,ワイド,1=2,140,1
2026-04-10,86,8,W,ワイド,1=5,500,7
2026-04-10,86,8,W,ワイド,2=5,620,9
2026-04-10,86,9,SH2,二車複,2=3,670,3
2026-04-10,86,9,ST2,二車単,3-2,1250,5
2026-04-10,86,9,RH3,三連複,2=3=7,9060,16
2026-04-10,86,9,RT3,三連単,3-2-7,27130,54
2026-04-10,86,9,W,ワイド,2=3,240,3
2026-04-10,86,9,W,ワイド,3=7,2750,18
2026-04-10,86,9,W,ワイド,2=7,1610,14
2026-04-11,11,1,SH2,二車複,1=3,450,2
2026-04-11,11,1,ST2,二車単,3-1,590,2
2026-04-11,11,1,RH3,三連複,1=3=5,760,3
2026-04-11,11,1,RT3,三連単,3-1-5,2210,7
2026-04-11,11,1,W,ワイド,1=3,270,2
2026-04-11,11,1,W,ワイド,3=5,380,5
2026-04-11,11,1,W,ワイド,1=5,310,3
2026-04-11,11,2,SH2,二車複,1=7,200,1
2026-04-11,11,2,ST2,二車単,1-7,210,1
2026-04-11,11,2,RH3,三連複,1=4=7,200,1
2026-04-11,11,2,RT3,三連単,1-7-4,350,1
2026-04-11,11,2,W,ワイド,1=7,100,1
2026-04-11,11,2,W,ワイド,1=4,150,3
2026-04-11,11,2,W,ワイド,4=7,110,2
2026-04-11,11,3,SH2,二車複,2=3,2000,7
2026-04-11,11,3,ST2,二車単,3-2,4150,13
2026-04-11,11,3,RH3,三連複,1=2=3,610,2
2026-04-11,11,3,RT3,三連単,3-2-1,10740,33
2026-04-11,11,3,W,ワイド,2=3,470,8
2026-04-11,11,3,W,ワイド,1=3,230,3
2026-04-11,11,3,W,ワイド,1=2,120,1
2026-04-11,11,4,SH2,二車複,2=6,15860,16
2026-04-11,11,4,ST2,二車単,6-2,47630,36
2026-04-11,11,4,RH3,三連複,2=4=6,10170,22
2026-04-11,11,4,RT3,三連単,6-2-4,228830,157
2026-04-11,11,4,W,ワイド,2=6,2500,15
2026-04-11,11,4,W,ワイド,4=6,3860,19
2026-04-11,11,4,W,ワイド,2=4,180,1
2026-04-11,11,5,SH2,二車複,2=3,470,3
2026-04-11,11,5,ST2,二車単,2-3,470,2
2026-04-11,11,5,RH3,三連複,2=3=7,3460,10
2026-04-11,11,5,RT3,三連単,2-3-7,6190,16
2026-04-11,11,5,W,ワイド,2=3,240,3
2026-04-11,11,5,W,ワイド,2=7,760,10
2026-04-11,11,5,W,ワイド,3=7,1430,14
2026-04-11,11,6,SH2,二車複,3=5,450,2
2026-04-11,11,6,ST2,二車単,5-3,410,2
2026-04-11,11,6,RH3,三連複,3=5=7,320,1
2026-04-11,11,6,RT3,三連単,5-3-7,1770,6
2026-04-11,11,6,W,ワイド,3=5,160,2
2026-04-11,11,6,W,ワイド,5=7,110,1
2026-04-11,11,6,W,ワイド,3=7,360,6
2026-04-11,11,7,SH2,二車複,2=5,430,3
2026-04-11,11,7,ST2,二車単,2-5,1300,5
2026-04-11,11,7,RH3,三連複,2=3=5,2250,9
2026-04-11,11,7,RT3,三連単,2-5-3,7420,23
2026-04-11,11,7,W,ワイド,2=5,180,2
2026-04-11,11,7,W,ワイド,2=3,1220,14
2026-04-11,11,7,W,ワイド,3=5,290,4
2026-04-11,11,8,SH2,二車複,4=7,170,1
2026-04-11,11,8,ST2,二車単,7-4,230,1
2026-04-11,11,8,RH3,三連複,2=4=7,230,1
2026-04-11,11,8,RT3,三連単,7-4-2,420,1
2026-04-11,11,8,W,ワイド,4=7,100,1
2026-04-11,11,8,W,ワイド,2=7,200,4
2026-04-11,11,8,W,ワイド,2=4,180,2
2026-04-11,11,9,SH2,二車複,1=3,210,1
2026-04-11,11,9,ST2,二車単,1-3,430,1
2026-04-11,11,9,RH3,三連複,1=3=7,280,1
2026-04-11,11,9,RT3,三連単,1-3-7,1360,2
2026-04-11,11,9,W,ワイド,1=3,130,1
2026-04-11,11,9,W,ワイド,1=7,130,2
2026-04-11,11,9,W,ワイド,3=7,240,5
2026-04-11,11,10,SH2,二車複,1=7,220,1
2026-04-11,11,10,ST2,二車単,7-1,620,3
2026-04-11,11,10,RH3,三連複,1=3=7,1040,4
2026-04-11,11,10,RT3,三連単,7-1-3,4720,17
2026-04-11,11,10,W,ワイド,1=7,120,1
2026-04-11,11,10,W,ワイド,3=7,650,8
2026-04-11,11,10,W,ワイド,1=3,400,7
2026-04-11,11,11,SH2,二車複,1=7,130,1
2026-04-11,11,11,ST2,二車単,7-1,150,1
2026-04-11,11,11,RH3,三連複,1=6=7,190,1
2026-04-11,11,11,RT3,三連単,7-1-6,270,1
2026-04-11,11,11,W,ワイド,1=7,100,1
2026-04-11,11,11,W,ワイド,6=7,130,2
2026-04-11,11,11,W,ワイド,1=6,190,3
2026-04-11,36,1,SH2,二車複,3=5,640,4
2026-04-11,36,1,ST2,二車単,5-3,1400,7
2026-04-11,36,1,RH3,三連複,1=3=5,300,1
2026-04-11,36,1,RT3,三連単,5-3-1,2740,8
2026-04-11,36,1,W,ワイド,3=5,160,2
2026-04-11,36,1,W,ワイド,1=5,150,1
2026-04-11,36,1,W,ワイド,1=3,230,5
2026-04-11,36,2,SH2,二車複,1=5,130,1
2026-04-11,36,2,ST2,二車単,1-5,190,1
2026-04-11,36,2,RH3,三連複,1=2=5,170,1
2026-04-11,36,2,RT3,三連単,1-5-2,320,1
2026-04-11,36,2,W,ワイド,1=5,100,1
2026-04-11,36,2,W,ワイド,1=2,140,2
2026-04-11,36,2,W,ワイド,2=5,190,3
2026-04-11,36,3,SH2,二車複,1=7,1080,4
2026-04-11,36,3,ST2,二車単,7-1,1390,5
2026-04-11,36,3,RH3,三連複,1=4=7,1910,5
2026-04-11,36,3,RT3,三連単,7-1-4,4940,11
2026-04-11,36,3,W,ワイド,1=7,310,4
2026-04-11,36,3,W,ワイド,4=7,190,3
2026-04-11,36,3,W,ワイド,1=4,1250,13
2026-04-11,36,4,SH2,二車複,2=6,1420,4
2026-04-11,36,4,ST2,二車単,2-6,1940,7
2026-04-11,36,4,RH3,三連複,1=2=6,230,1
2026-04-11,36,4,RT3,三連単,2-6-1,3290,10
2026-04-11,36,4,W,ワイド,2=6,260,5
2026-04-11,36,4,W,ワイド,1=2,110,1
2026-04-11,36,4,W,ワイド,1=6,180,2
2026-04-11,36,5,SH2,二車複,1=7,160,1
2026-04-11,36,5,ST2,二車単,1-7,310,1
2026-04-11,36,5,RH3,三連複,1=4=7,570,3
2026-04-11,36,5,RT3,三連単,1-7-4,1210,3
2026-04-11,36,5,W,ワイド,1=7,120,1
2026-04-11,36,5,W,ワイド,1=4,490,8
2026-04-11,36,5,W,ワイド,4=7,440,7
2026-04-11,36,6,SH2,二車複,4=5,170,1
2026-04-11,36,6,ST2,二車単,5-4,430,2
2026-04-11,36,6,RH3,三連複,2=4=5,640,3
2026-04-11,36,6,RT3,三連単,5-4-2,1600,5
2026-04-11,36,6,W,ワイド,4=5,120,1
2026-04-11,36,6,W,ワイド,2=5,520,9
2026-04-11,36,6,W,ワイド,2=4,440,7
2026-04-11,36,7,SH2,二車複,3=4,520,2
2026-04-11,36,7,ST2,二車単,4-3,640,3
2026-04-11,36,7,RH3,三連複,1=3=4,140,1
2026-04-11,36,7,RT3,三連単,4-3-1,740,2
2026-04-11,36,7,W,ワイド,3=4,100,2
2026-04-11,36,7,W,ワイド,1=4,100,1
2026-04-11,36,7,W,ワイド,1=3,140,3
2026-04-11,36,8,SH2,二車複,1=3,2130,8
2026-04-11,36,8,ST2,二車単,1-3,3800,16
2026-04-11,36,8,RH3,三連複,1=3=7,830,3
2026-04-11,36,8,RT3,三連単,1-3-7,14200,42
2026-04-11,36,8,W,ワイド,1=3,390,9
2026-04-11,36,8,W,ワイド,1=7,130,1
2026-04-11,36,8,W,ワイド,3=7,300,5
2026-04-11,36,9,SH2,二車複,1=7,200,1
2026-04-11,36,9,ST2,二車単,1-7,220,1
2026-04-11,36,9,RH3,三連複,1=4=7,1110,3
2026-04-11,36,9,RT3,三連単,1-7-4,1670,3
2026-04-11,36,9,W,ワイド,1=7,140,1
2026-04-11,36,9,W,ワイド,1=4,310,5
2026-04-11,36,9,W,ワイド,4=7,980,13
2026-04-11,36,10,SH2,二車複,2=6,240,1
2026-04-11,36,10,ST2,二車単,6-2,340,1
2026-04-11,36,10,RH3,三連複,1=2=6,400,1
2026-04-11,36,10,RT3,三連単,6-2-1,950,2
2026-04-11,36,10,W,ワイド,2=6,160,1
2026-04-11,36,10,W,ワイド,1=6,240,4
2026-04-11,36,10,W,ワイド,1=2,310,6
2026-04-11,36,11,SH2,二車複,2=7,250,1
2026-04-11,36,11,ST2,二車単,7-2,280,1
2026-04-11,36,11,RH3,三連複,2=4=7,550,1
2026-04-11,36,11,RT3,三連単,7-2-4,1040,2
2026-04-11,36,11,W,ワイド,2=7,140,1
2026-04-11,36,11,W,ワイド,4=7,240,3
2026-04-11,36,11,W,ワイド,2=4,620,12
2026-04-11,83,1,SH2,二車複,5=7,1300,4
2026-04-11,83,1,ST2,二車単,7-5,1480,5
2026-04-11,83,1,RH3,三連複,2=5=7,780,4
2026-04-11,83,1,RT3,三連単,7-5-2,3700,12
2026-04-11,83,1,W,ワイド,5=7,320,5
2026-04-11,83,1,W,ワイド,2=7,120,1
2026-04-11,83,1,W,ワイド,2=5,470,10
2026-04-11,83,2,SH2,二車複,1=4,1050,6
2026-04-11,83,2,ST2,二車単,4-1,2430,11
2026-04-11,83,2,RH3,三連複,1=4=5,400,1
2026-04-11,83,2,RT3,三連単,4-1-5,5250,15
2026-04-11,83,2,W,ワイド,1=4,430,8
2026-04-11,83,2,W,ワイド,4=5,390,7
2026-04-11,83,2,W,ワイド,1=5,180,2
2026-04-11,83,3,SH2,二車複,3=4,360,1
2026-04-11,83,3,ST2,二車単,4-3,870,4
2026-04-11,83,3,RH3,三連複,3=4=7,830,3
2026-04-11,83,3,RT3,三連単,4-3-7,3540,10
2026-04-11,83,3,W,ワイド,3=4,170,2
2026-04-11,83,3,W,ワイド,4=7,560,10
2026-04-11,83,3,W,ワイド,3=7,200,3
2026-04-11,83,4,SH2,二車複,5=7,210,1
2026-04-11,83,4,ST2,二車単,5-7,280,1
2026-04-11,83,4,RH3,三連複,3=5=7,430,2
2026-04-11,83,4,RT3,三連単,5-7-3,1010,3
2026-04-11,83,4,W,ワイド,5=7,140,1
2026-04-11,83,4,W,ワイド,3=5,180,3
2026-04-11,83,4,W,ワイド,3=7,260,5
2026-04-11,83,5,SH2,二車複,1=2,160,1
2026-04-11,83,5,ST2,二車単,2-1,810,2
2026-04-11,83,5,RH3,三連複,1=2=3,480,2
2026-04-11,83,5,RT3,三連単,2-1-3,3750,10
2026-04-11,83,5,W,ワイド,1=2,120,1
2026-04-11,83,5,W,ワイド,2=3,250,5
2026-04-11,83,5,W,ワイド,1=3,270,6
2026-04-11,83,6,SH2,二車複,5=7,790,4
2026-04-11,83,6,ST2,二車単,5-7,1490,4
2026-04-11,83,6,RH3,三連複,3=5=7,1620,6
2026-04-11,83,6,RT3,三連単,5-7-3,8280,24
2026-04-11,83,6,W,ワイド,5=7,300,3
2026-04-11,83,6,W,ワイド,3=5,360,7
2026-04-11,83,6,W,ワイド,3=7,550,9
2026-04-11,83,7,SH2,二車複,1=4,2310,10
2026-04-11,83,7,ST2,二車単,4-1,3350,16
2026-04-11,83,7,RH3,三連複,1=2=4,1890,7
2026-04-11,83,7,RT3,三連単,4-1-2,17500,70
2026-04-11,83,7,W,ワイド,1=4,380,6
2026-04-11,83,7,W,ワイド,2=4,460,8
2026-04-11,83,7,W,ワイド,1=2,160,1
2026-04-11,83,8,SH2,二車複,1=4,280,1
2026-04-11,83,8,ST2,二車単,4-1,270,1
2026-04-11,83,8,RH3,三連複,1=3=4,710,4
2026-04-11,83,8,RT3,三連単,4-1-3,2170,4
2026-04-11,83,8,W,ワイド,1=4,170,1
2026-04-11,83,8,W,ワイド,3=4,300,5
2026-04-11,83,8,W,ワイド,1=3,590,9
2026-04-11,83,9,SH2,二車複,5=6,3340,10
2026-04-11,83,9,ST2,二車単,6-5,10820,28
2026-04-11,83,9,RH3,三連複,3=5=6,1380,6
2026-04-11,83,9,RT3,三連単,6-5-3,24700,83
2026-04-11,83,9,W,ワイド,5=6,760,13
2026-04-11,83,9,W,ワイド,3=6,660,11
2026-04-11,83,9,W,ワイド,3=5,450,6
2026-04-11,83,10,SH2,二車複,2=7,190,1
2026-04-11,83,10,ST2,二車単,2-7,330,1
2026-04-11,83,10,RH3,三連複,2=6=7,800,3
2026-04-11,83,10,RT3,三連単,2-7-6,1750,5
2026-04-11,83,10,W,ワイド,2=7,150,1
2026-04-11,83,10,W,ワイド,2=6,440,7
2026-04-11,83,10,W,ワイド,6=7,690,11
2026-04-11,83,11,SH2,二車複,3=7,7840,14
2026-04-11,83,11,ST2,二車単,7-3,10760,24
2026-04-11,83,11,RH3,三連複,2=3=7,3090,12
2026-04-11,83,11,RT3,三連単,7-3-2,52690,98
2026-04-11,83,11,W,ワイド,3=7,1310,14
2026-04-11,83,11,W,ワイド,2=7,260,3
2026-04-11,83,11,W,ワイド,2=3,780,11
2026-04-11,83,12,SH2,二車複,1=7,290,2
2026-04-11,83,12,ST2,二車単,7-1,1700,6
2026-04-11,83,12,RH3,三連複,1=4=7,690,3
2026-04-11,83,12,RT3,三連単,7-1-4,5730,18
2026-04-11,83,12,W,ワイド,1=7,160,2
2026-04-11,83,12,W,ワイド,4=7,730,9
2026-04-11,83,12,W,ワイド,1=4,350,5
2026-04-11,86,1,SH2,二車複,1=2,150,1
2026-04-11,86,1,ST2,二車単,1-2,290,2
2026-04-11,86,1,RH3,三連複,1=2=3,130,1
2026-04-11,86,1,RT3,三連単,1-2-3,460,1
2026-04-11,86,1,W,ワイド,1=2,100,1
2026-04-11,86,1,W,ワイド,1=3,120,2
2026-04-11,86,1,W,ワイド,2=3,140,3
2026-04-11,86,2,SH2,二車複,1=3,280,2
2026-04-11,86,2,ST2,二車単,1-3,380,2
2026-04-11,86,2,RH3,三連複,1=2=3,130,1
2026-04-11,86,2,RT3,三連単,1-3-2,430,2
2026-04-11,86,2,W,ワイド,1=3,120,2
2026-04-11,86,2,W,ワイド,1=2,100,1
2026-04-11,86,2,W,ワイド,2=3,160,3
2026-04-11,86,3,SH2,二車複,1=2,100,1
2026-04-11,86,3,ST2,二車単,1-2,130,1
2026-04-11,86,3,RH3,三連複,1=2=3,200,1
2026-04-11,86,3,RT3,三連単,1-2-3,310,1
2026-04-11,86,3,W,ワイド,1=2,100,1
2026-04-11,86,3,W,ワイド,1=3,150,3
2026-04-11,86,3,W,ワイド,2=3,200,5
2026-04-11,86,4,SH2,二車複,1=4,700,3
2026-04-11,86,4,ST2,二車単,1-4,1800,7
2026-04-11,86,4,RH3,三連複,1=4=5,2000,9
2026-04-11,86,4,RT3,三連単,1-4-5,7830,29
2026-04-11,86,4,W,ワイド,1=4,270,4
2026-04-11,86,4,W,ワイド,1=5,610,9
2026-04-11,86,4,W,ワイド,4=5,460,7
2026-04-11,86,5,SH2,二車複,1=3,1970,6
2026-04-11,86,5,ST2,二車単,1-3,1310,4
2026-04-11,86,5,RH3,三連複,1=2=3,230,1
2026-04-11,86,5,RT3,三連単,1-3-2,3770,12
2026-04-11,86,5,W,ワイド,1=3,180,3
2026-04-11,86,5,W,ワイド,1=2,100,1
2026-04-11,86,5,W,ワイド,2=3,130,2
2026-04-11,86,6,SH2,二車複,1=3,250,1
2026-04-11,86,6,ST2,二車単,1-3,280,1
2026-04-11,86,6,RH3,三連複,1=3=6,990,4
2026-04-11,86,6,RT3,三連単,1-3-6,2190,7
2026-04-11,86,6,W,ワイド,1=3,170,1
2026-04-11,86,6,W,ワイド,1=6,350,6
2026-04-11,86,6,W,ワイド,3=6,680,9
2026-04-11,86,7,SH2,二車複,1=5,480,3
2026-04-11,86,7,ST2,二車単,1-5,580,3
2026-04-11,86,7,RH3,三連複,1=3=5,380,2
2026-04-11,86,7,RT3,三連単,1-5-3,1220,4
2026-04-11,86,7,W,ワイド,1=5,220,4
2026-04-11,86,7,W,ワイド,1=3,120,1
2026-04-11,86,7,W,ワイド,3=5,320,7
2026-04-11,86,8,SH2,二車複,1=3,160,1
2026-04-11,86,8,ST2,二車単,3-1,290,1
2026-04-11,86,8,RH3,三連複,1=3=4,680,2
2026-04-11,86,8,RT3,三連単,3-1-4,1470,4
2026-04-11,86,8,W,ワイド,1=3,140,1
2026-04-11,86,8,W,ワイド,3=4,220,4
2026-04-11,86,8,W,ワイド,1=4,300,5
2026-04-11,86,9,SH2,二車複,1=2,270,1
2026-04-11,86,9,ST2,二車単,1-2,630,3
2026-04-11,86,9,RH3,三連複,1=2=3,170,1
2026-04-11,86,9,RT3,三連単,1-2-3,920,3
2026-04-11,86,9,W,ワイド,1=2,130,2
2026-04-11,86,9,W,ワイド,1=3,150,3
2026-04-11,86,9,W,ワイド,2=3,120,1
2026-04-12,12,1,SH2,二車複,2=3,1930,9
2026-04-12,12,1,ST2,二車単,2-3,4710,19
2026-04-12,12,1,RH3,三連複,2=3=7,530,3
2026-04-12,12,1,RT3,三連単,2-3-7,17680,53
2026-04-12,12,1,W,ワイド,2=3,350,7
2026-04-12,12,1,W,ワイド,2=7,250,3
2026-04-12,12,1,W,ワイド,3=7,140,1
2026-04-12,12,2,SH2,二車複,1=4,140,1
2026-04-12,12,2,ST2,二車単,4-1,380,2
2026-04-12,12,2,RH3,三連複,1=4=7,170,1
2026-04-12,12,2,RT3,三連単,4-1-7,600,2
2026-04-12,12,2,W,ワイド,1=4,100,1
2026-04-12,12,2,W,ワイド,4=7,170,3
2026-04-12,12,2,W,ワイド,1=7,170,2
2026-04-12,12,3,SH2,二車複,1=4,120,1
2026-04-12,12,3,ST2,二車単,1-4,250,1
2026-04-12,12,3,RH3,三連複,1=3=4,340,1
2026-04-12,12,3,RT3,三連単,1-4-3,870,2
2026-04-12,12,3,W,ワイド,1=4,130,1
2026-04-12,12,3,W,ワイド,1=3,180,2
2026-04-12,12,3,W,ワイド,3=4,400,9
2026-04-12,12,4,SH2,二車複,1=5,160,1
2026-04-12,12,4,ST2,二車単,5-1,290,1
2026-04-12,12,4,RH3,三連複,1=2=5,680,3
2026-04-12,12,4,RT3,三連単,5-1-2,1480,4
2026-04-12,12,4,W,ワイド,1=5,140,1
2026-04-12,12,4,W,ワイド,2=5,570,8
2026-04-12,12,4,W,ワイド,1=2,440,7
2026-04-12,12,5,SH2,二車複,3=4,2270,9
2026-04-12,12,5,ST2,二車単,3-4,3010,12
2026-04-12,12,5,RH3,三連複,2=3=4,1040,3
2026-04-12,12,5,RT3,三連単,3-4-2,9670,38
2026-04-12,12,5,W,ワイド,3=4,660,12
2026-04-12,12,5,W,ワイド,2=3,200,1
2026-04-12,12,5,W,ワイド,2=4,530,8
2026-04-12,12,6,SH2,二車複,1=5,1160,5
2026-04-12,12,6,ST2,二車単,5-1,3210,9
2026-04-12,12,6,RH3,三連複,1=2=5,260,1
2026-04-12,12,6,RT3,三連単,5-1-2,4650,15
2026-04-12,12,6,W,ワイド,1=5,170,2
2026-04-12,12,6,W,ワイド,2=5,100,1
2026-04-12,12,6,W,ワイド,1=2,190,3
2026-04-12,12,7,SH2,二車複,1=7,130,1
2026-04-12,12,7,ST2,二車単,7-1,180,1
2026-04-12,12,7,RH3,三連複,1=3=7,1270,5
2026-04-12,12,7,RT3,三連単,7-1-3,1950,5
2026-04-12,12,7,W,ワイド,1=7,110,1
2026-04-12,12,7,W,ワイド,3=7,620,9
2026-04-12,12,7,W,ワイド,1=3,1340,12
2026-04-12,12,8,SH2,二車複,2=6,3340,11
2026-04-12,12,8,ST2,二車単,2-6,2690,10
2026-04-12,12,8,RH3,三連複,2=4=6,1900,8
2026-04-12,12,8,RT3,三連単,2-6-4,9010,31
2026-04-12,12,8,W,ワイド,2=6,800,10
2026-04-12,12,8,W,ワイド,2=4,570,8
2026-04-12,12,8,W,ワイド,4=6,1570,15
2026-04-12,12,9,SH2,二車複,5=7,100,1
2026-04-12,12,9,ST2,二車単,7-5,190,1
2026-04-12,12,9,RH3,三連複,1=5=7,150,1
2026-04-12,12,9,RT3,三連単,7-5-1,290,1
2026-04-12,12,9,W,ワイド,5=7,100,1
2026-04-12,12,9,W,ワイド,1=7,140,3
2026-04-12,12,9,W,ワイド,1=5,120,2
2026-04-12,12,10,SH2,二車複,3=5,390,2
2026-04-12,12,10,ST2,二車単,3-5,810,3
2026-04-12,12,10,RH3,三連複,3=5=7,1110,4
2026-04-12,12,10,RT3,三連単,3-5-7,3220,12
2026-04-12,12,10,W,ワイド,3=5,400,6
2026-04-12,12,10,W,ワイド,3=7,380,5
2026-04-12,12,10,W,ワイド,5=7,670,9
2026-04-12,12,11,SH2,二車複,1=4,360,2
2026-04-12,12,11,ST2,二車単,4-1,840,3
2026-04-12,12,11,RH3,三連複,1=4=7,770,2
2026-04-12,12,11,RT3,三連単,4-1-7,3680,9
2026-04-12,12,11,W,ワイド,1=4,170,1
2026-04-12,12,11,W,ワイド,4=7,300,4
2026-04-12,12,11,W,ワイド,1=7,390,8
2026-04-12,12,12,SH2,二車複,2=7,130,1
2026-04-12,12,12,ST2,二車単,2-7,180,1
2026-04-12,12,12,RH3,三連複,1=2=7,870,5
2026-04-12,12,12,RT3,三連単,2-7-1,1420,5
2026-04-12,12,12,W,ワイド,2=7,100,1
2026-04-12,12,12,W,ワイド,1=2,500,8
2026-04-12,12,12,W,ワイド,1=7,650,11
2026-04-12,42,1,SH2,二車複,1=4,270,1
2026-04-12,42,1,ST2,二車単,4-1,500,2
2026-04-12,42,1,RH3,三連複,1=4=5,460,2
2026-04-12,42,1,RT3,三連単,4-1-5,1740,7
2026-04-12,42,1,W,ワイド,1=4,120,1
2026-04-12,42,1,W,ワイド,4=5,260,6
2026-04-12,42,1,W,ワイド,1=5,220,4
2026-04-12,42,2,SH2,二車複,1=3,130,1
2026-04-12,42,2,ST2,二車単,3-1,310,2
2026-04-12,42,2,RH3,三連複,1=3=5,130,1
2026-04-12,42,2,RT3,三連単,3-1-5,390,2
2026-04-12,42,2,W,ワイド,1=3,100,1
2026-04-12,42,2,W,ワイド,3=5,150,3
2026-04-12,42,2,W,ワイド,1=5,140,2
2026-04-12,42,3,SH2,二車複,3=4,1920,4
2026-04-12,42,3,ST2,二車単,4-3,2000,5
2026-04-12,42,3,RH3,三連複,2=3=4,6900,12
2026-04-12,42,3,RT3,三連単,4-3-2,17710,33
2026-04-12,42,3,W,ワイド,3=4,280,3
2026-04-12,42,3,W,ワイド,2=4,510,6
2026-04-12,42,3,W,ワイド,2=3,1090,10
2026-04-12,42,4,SH2,二車複,2=7,220,1
2026-04-12,42,4,ST2,二車単,2-7,560,1
2026-04-12,42,4,RH3,三連複,1=2=7,370,1
2026-04-12,42,4,RT3,三連単,2-7-1,1650,3
2026-04-12,42,4,W,ワイド,2=7,150,1
2026-04-12,42,4,W,ワイド,1=2,180,4
2026-04-12,42,4,W,ワイド,1=7,180,3
2026-04-12,42,5,SH2,二車複,3=7,1200,4
2026-04-12,42,5,ST2,二車単,7-3,6910,16
2026-04-12,42,5,RH3,三連複,2=3=7,5390,11
2026-04-12,42,5,RT3,三連単,7-3-2,62570,93
2026-04-12,42,5,W,ワイド,3=7,530,6
2026-04-12,42,5,W,ワイド,2=7,2890,15
2026-04-12,42,5,W,ワイド,2=3,850,10
2026-04-12,42,6,SH2,二車複,5=6,350,3
2026-04-12,42,6,ST2,二車単,5-6,1280,7
2026-04-12,42,6,RH3,三連複,2=5=6,990,4
2026-04-12,42,6,RT3,三連単,5-6-2,4920,21
2026-04-12,42,6,W,ワイド,5=6,200,2
2026-04-12,42,6,W,ワイド,2=5,250,4
2026-04-12,42,6,W,ワイド,2=6,670,9
2026-04-12,42,7,SH2,二車複,5=7,1530,3
2026-04-12,42,7,ST2,二車単,5-7,1480,5
2026-04-12,42,7,RH3,三連複,1=5=7,180,1
2026-04-12,42,7,RT3,三連単,5-7-1,2900,7
2026-04-12,42,7,W,ワイド,5=7,170,4
2026-04-12,42,7,W,ワイド,1=5,100,1
2026-04-12,42,7,W,ワイド,1=7,140,2
2026-04-12,63,1,SH2,二車複,1=7,240,1
2026-04-12,63,1,ST2,二車単,7-1,290,1
2026-04-12,63,1,RH3,三連複,1=5=7,230,1
2026-04-12,63,1,RT3,三連単,7-1-5,560,1
2026-04-12,63,1,W,ワイド,1=7,130,1
2026-04-12,63,1,W,ワイド,5=7,200,4
2026-04-12,63,1,W,ワイド,1=5,170,2
2026-04-12,63,2,SH2,二車複,5=7,220,1
2026-04-12,63,2,ST2,二車単,5-7,330,1
2026-04-12,63,2,RH3,三連複,5=6=7,650,2
2026-04-12,63,2,RT3,三連単,5-7-6,3080,8
2026-04-12,63,2,W,ワイド,5=7,130,1
2026-04-12,63,2,W,ワイド,5=6,340,6
2026-04-12,63,2,W,ワイド,6=7,260,3
2026-04-12,63,3,SH2,二車複,1=6,770,4
2026-04-12,63,3,ST2,二車単,1-6,830,4
2026-04-12,63,3,RH3,三連複,1=4=6,1760,6
2026-04-12,63,3,RT3,三連単,1-6-4,4370,13
2026-04-12,63,3,W,ワイド,1=6,340,6
2026-04-12,63,3,W,ワイド,1=4,200,2
2026-04-12,63,3,W,ワイド,4=6,1060,11
2026-04-12,63,4,SH2,二車複,5=6,2250,11
2026-04-12,63,4,ST2,二車単,6-5,2890,10
2026-04-12,63,4,RH3,三連複,4=5=6,3310,11
2026-04-12,63,4,RT3,三連単,6-5-4,17230,60
2026-04-12,63,4,W,ワイド,5=6,890,13
2026-04-12,63,4,W,ワイド,4=6,720,10
2026-04-12,63,4,W,ワイド,4=5,370,5
2026-04-12,63,5,SH2,二車複,1=4,690,3
2026-04-12,63,5,ST2,二車単,1-4,2130,9
2026-04-12,63,5,RH3,三連複,1=3=4,1370,6
2026-04-12,63,5,RT3,三連単,1-4-3,8590,34
2026-04-12,63,5,W,ワイド,1=4,450,6
2026-04-12,63,5,W,ワイド,1=3,1380,15
2026-04-12,63,5,W,ワイド,3=4,410,5
2026-04-12,63,6,SH2,二車複,3=4,300,2
2026-04-12,63,6,ST2,二車単,4-3,640,1
2026-04-12,63,6,RH3,三連複,2=3=4,340,1
2026-04-12,63,6,RT3,三連単,4-3-2,1040,1
2026-04-12,63,6,W,ワイド,3=4,170,1
2026-04-12,63,6,W,ワイド,2=4,220,2
2026-04-12,63,6,W,ワイド,2=3,230,4
2026-04-12,63,7,SH2,二車複,4=5,370,2
2026-04-12,63,7,ST2,二車単,4-5,1210,7
2026-04-12,63,7,RH3,三連複,4=5=6,10140,20
2026-04-12,63,7,RT3,三連単,4-5-6,41770,70
2026-04-12,63,7,W,ワイド,4=5,210,2
2026-04-12,63,7,W,ワイド,4=6,2210,17
2026-04-12,63,7,W,ワイド,5=6,1600,14
2026-04-12,83,1,SH2,二車複,3=4,580,3
2026-04-12,83,1,ST2,二車単,4-3,1800,6
2026-04-12,83,1,RH3,三連複,3=4=5,170,1
2026-04-12,83,1,RT3,三連単,4-3-5,2300,5
2026-04-12,83,1,W,ワイド,3=4,140,3
2026-04-12,83,1,W,ワイド,4=5,100,1
2026-04-12,83,1,W,ワイド,3=5,110,2
2026-04-12,83,2,SH2,二車複,1=5,2210,7
2026-04-12,83,2,ST2,二車単,5-1,3620,11
2026-04-12,83,2,RH3,三連複,1=5=7,1400,5
2026-04-12,83,2,RT3,三連単,5-1-7,8090,24
2026-04-12,83,2,W,ワイド,1=5,700,10
2026-04-12,83,2,W,ワイド,5=7,110,1
2026-04-12,83,2,W,ワイド,1=7,160,3
2026-04-12,83,3,SH2,二車複,5=7,780,2
2026-04-12,83,3,ST2,二車単,7-5,1080,3
2026-04-12,83,3,RH3,三連複,4=5=7,6080,16
2026-04-12,83,3,RT3,三連単,7-5-4,17190,41
2026-04-12,83,3,W,ワイド,5=7,260,3
2026-04-12,83,3,W,ワイド,4=7,830,12
2026-04-12,83,3,W,ワイド,4=5,2180,19
2026-04-12,83,4,SH2,二車複,2=7,230,1
2026-04-12,83,4,ST2,二車単,2-7,380,1
2026-04-12,83,4,RH3,三連複,2=6=7,3160,12
2026-04-12,83,4,RT3,三連単,2-7-6,4570,10
2026-04-12,83,4,W,ワイド,2=7,220,2
2026-04-12,83,4,W,ワイド,2=6,1060,15
2026-04-12,83,4,W,ワイド,6=7,1710,19
2026-04-12,83,5,SH2,二車複,6=7,10130,16
2026-04-12,83,5,ST2,二車単,7-6,22000,29
2026-04-12,83,5,RH3,三連複,5=6=7,21190,29
2026-04-12,83,5,RT3,三連単,7-6-5,99400,121
2026-04-12,83,5,W,ワイド,6=7,1910,17
2026-04-12,83,5,W,ワイド,5=7,410,6
2026-04-12,83,5,W,ワイド,5=6,5580,21
2026-04-12,83,6,SH2,二車複,2=7,320,1
2026-04-12,83,6,ST2,二車単,2-7,750,3
2026-04-12,83,6,RH3,三連複,2=3=7,1130,5
2026-04-12,83,6,RT3,三連単,2-7-3,4470,14
2026-04-12,83,6,W,ワイド,2=7,240,2
2026-04-12,83,6,W,ワイド,2=3,490,9
2026-04-12,83,6,W,ワイド,3=7,320,5
2026-04-12,83,7,SH2,二車複,4=6,7870,20
2026-04-12,83,7,ST2,二車単,6-4,22740,39
2026-04-12,83,7,RH3,三連複,3=4=6,10800,30
2026-04-12,83,7,RT3,三連単,6-4-3,129420,193
2026-04-12,83,7,W,ワイド,4=6,1470,17
2026-04-12,83,7,W,ワイド,3=6,2710,21
2026-04-12,83,7,W,ワイド,3=4,970,13
2026-04-12,83,8,SH2,二車複,3=7,1400,5
2026-04-12,83,8,ST2,二車単,7-3,1720,5
2026-04-12,83,8,RH3,三連複,1=3=7,870,4
2026-04-12,83,8,RT3,三連単,7-3-1,3980,9
2026-04-12,83,8,W,ワイド,3=7,340,4
2026-04-12,83,8,W,ワイド,1=7,170,1
2026-04-12,83,8,W,ワイド,1=3,660,12
2026-04-12,83,9,SH2,二車複,4=7,500,2
2026-04-12,83,9,ST2,二車単,4-7,970,2
2026-04-12,83,9,RH3,三連複,4=6=7,1200,4
2026-04-12,83,9,RT3,三連単,4-7-6,7430,27
2026-04-12,83,9,W,ワイド,4=7,200,2
2026-04-12,83,9,W,ワイド,4=6,350,6
2026-04-12,83,9,W,ワイド,6=7,360,7
2026-04-12,83,10,SH2,二車複,1=3,310,1
2026-04-12,83,10,ST2,二車単,3-1,440,1
2026-04-12,83,10,RH3,三連複,1=3=6,1390,6
2026-04-12,83,10,RT3,三連単,3-1-6,2820,7
2026-04-12,83,10,W,ワイド,1=3,150,1
2026-04-12,83,10,W,ワイド,3=6,380,7
2026-04-12,83,10,W,ワイド,1=6,1080,15
2026-04-12,83,11,SH2,二車複,2=7,770,4
2026-04-12,83,11,ST2,二車単,2-7,1090,3
2026-04-12,83,11,RH3,三連複,1=2=7,1230,11
2026-04-12,83,11,RH3,三連複,2=3=7,380,2
2026-04-12,83,11,RT3,三連単,2-7-1,3310,24
2026-04-12,83,11,RT3,三連単,2-7-3,1280,6
2026-04-12,83,11,W,ワイド,2=7,270,6
2026-04-12,83,11,W,ワイド,1=2,530,15
2026-04-12,83,11,W,ワイド,2=3,180,4
2026-04-12,83,11,W,ワイド,1=7,420,11
2026-04-12,83,11,W,ワイド,3=7,170,3
2026-04-12,83,12,SH2,二車複,1=4,210,1
2026-04-12,83,12,ST2,二車単,4-1,270,1
2026-04-12,83,12,RH3,三連複,1=3=4,370,1
2026-04-12,83,12,RT3,三連単,4-1-3,620,1
2026-04-12,83,12,W,ワイド,1=4,130,1
2026-04-12,83,12,W,ワイド,3=4,150,2
2026-04-12,83,12,W,ワイド,1=3,310,6
2026-04-12,86,1,SH2,二車複,1=2,170,1
2026-04-12,86,1,ST2,二車単,1-2,420,1
2026-04-12,86,1,RH3,三連複,1=2=4,550,2
2026-04-12,86,1,RT3,三連単,1-2-4,1800,4
2026-04-12,86,1,W,ワイド,1=2,140,1
2026-04-12,86,1,W,ワイド,1=4,210,4
2026-04-12,86,1,W,ワイド,2=4,300,5
2026-04-12,86,2,SH2,二車複,1=2,160,1
2026-04-12,86,2,ST2,二車単,2-1,490,3
2026-04-12,86,2,RH3,三連複,1=2=6,1040,5
2026-04-12,86,2,RT3,三連単,2-1-6,3730,12
2026-04-12,86,2,W,ワイド,1=2,110,1
2026-04-12,86,2,W,ワイド,2=6,970,13
2026-04-12,86,2,W,ワイド,1=6,680,10
2026-04-12,86,3,SH2,二車複,1=6,310,2
2026-04-12,86,3,ST2,二車単,6-1,700,3
2026-04-12,86,3,RH3,三連複,1=2=6,300,1
2026-04-12,86,3,RT3,三連単,6-1-2,1360,3
2026-04-12,86,3,W,ワイド,1=6,120,1
2026-04-12,86,3,W,ワイド,2=6,160,3
2026-04-12,86,3,W,ワイド,1=2,130,2
2026-04-12,86,4,SH2,二車複,1=7,2000,5
2026-04-12,86,4,ST2,二車単,7-1,3170,9
2026-04-12,86,4,RH3,三連複,1=2=7,460,2
2026-04-12,86,4,RT3,三連単,7-1-2,8160,28
2026-04-12,86,4,W,ワイド,1=7,320,6
2026-04-12,86,4,W,ワイド,2=7,180,2
2026-04-12,86,4,W,ワイド,1=2,160,1
2026-04-12,86,5,SH2,二車複,2=5,3020,10
2026-04-12,86,5,ST2,二車単,5-2,5160,18
2026-04-12,86,5,RH3,三連複,2=5=6,16880,28
2026-04-12,86,5,RT3,三連単,5-2-6,92480,130
2026-04-12,86,5,W,ワイド,2=5,660,8
2026-04-12,86,5,W,ワイド,5=6,3100,19
2026-04-12,86,5,W,ワイド,2=6,1250,12
2026-04-12,86,6,SH2,二車複,1=6,3690,14
2026-04-12,86,6,ST2,二車単,1-6,4670,16
2026-04-12,86,6,RH3,三連複,1=6=7,4340,13
2026-04-12,86,6,RT3,三連単,1-6-7,25510,78
2026-04-12,86,6,W,ワイド,1=6,1340,15
2026-04-12,86,6,W,ワイド,1=7,190,1
2026-04-12,86,6,W,ワイド,6=7,2670,18
2026-04-12,86,7,SH2,二車複,2=7,37400,14
2026-04-12,86,7,ST2,二車単,2-7,26560,18
2026-04-12,86,7,RH3,三連複,2=4=7,31830,25
2026-04-12,86,7,RT3,三連単,2-7-4,229400,103
2026-04-12,86,7,W,ワイド,2=7,2930,16
2026-04-12,86,7,W,ワイド,2=4,330,3
2026-04-12,86,7,W,ワイド,4=7,5270,18
2026-04-12,86,8,SH2,二車複,3=4,2260,7
2026-04-12,86,8,ST2,二車単,4-3,4670,18
2026-04-12,86,8,RH3,三連複,3=4=7,11430,31
2026-04-12,86,8,RT3,三連単,4-3-7,54270,137
2026-04-12,86,8,W,ワイド,3=4,680,8
2026-04-12,86,8,W,ワイド,4=7,2310,20
2026-04-12,86,8,W,ワイド,3=7,2940,21
2026-04-12,86,9,SH2,二車複,1=3,460,2
2026-04-12,86,9,ST2,二車単,3-1,630,1
2026-04-12,86,9,RH3,三連複,1=3=4,1560,5
2026-04-12,86,9,RT3,三連単,3-1-4,5380,14
2026-04-12,86,9,W,ワイド,1=3,200,2
2026-04-12,86,9,W,ワイド,3=4,500,7
2026-04-12,86,9,W,ワイド,1=4,590,9
2026-04-13,42,1,SH2,二車複,2=6,1180,3
2026-04-13,42,1,ST2,二車単,2-6,1510,4
2026-04-13,42,1,RH3,三連複,2=5=6,790,3
2026-04-13,42,1,RT3,三連単,2-6-5,4310,11
2026-04-13,42,1,W,ワイド,2=6,330,6
2026-04-13,42,1,W,ワイド,2=5,100,1
2026-04-13,42,1,W,ワイド,5=6,340,7
2026-04-13,42,2,SH2,二車複,2=6,180,1
2026-04-13,42,2,ST2,二車単,6-2,230,1
2026-04-13,42,2,RH3,三連複,2=3=6,240,1
2026-04-13,42,2,RT3,三連単,6-2-3,450,1
2026-04-13,42,2,W,ワイド,2=6,120,1
2026-04-13,42,2,W,ワイド,3=6,150,2
2026-04-13,42,2,W,ワイド,2=3,190,5
2026-04-13,42,3,SH2,二車複,2=3,930,4
2026-04-13,42,3,ST2,二車単,2-3,1100,4
2026-04-13,42,3,RH3,三連複,2=3=5,270,1
2026-04-13,42,3,RT3,三連単,2-3-5,1470,3
2026-04-13,42,3,W,ワイド,2=3,230,4
2026-04-13,42,3,W,ワイド,2=5,140,1
2026-04-13,42,3,W,ワイド,3=5,220,2
2026-04-13,42,4,SH2,二車複,3=4,120,1
2026-04-13,42,4,ST2,二車単,4-3,570,2
2026-04-13,42,4,RH3,三連複,3=4=7,170,1
2026-04-13,42,4,RT3,三連単,4-3-7,990,3
2026-04-13,42,4,W,ワイド,3=4,100,1
2026-04-13,42,4,W,ワイド,4=7,180,4
2026-04-13,42,4,W,ワイド,3=7,150,3
2026-04-13,42,5,SH2,二車複,5=7,4140,11
2026-04-13,42,5,ST2,二車単,5-7,6440,17
2026-04-13,42,5,RH3,三連複,3=5=7,6290,16
2026-04-13,42,5,RT3,三連単,5-7-3,28190,65
2026-04-13,42,5,W,ワイド,5=7,770,9
2026-04-13,42,5,W,ワイド,3=5,1030,12
2026-04-13,42,5,W,ワイド,3=7,380,5
2026-04-13,42,6,SH2,二車複,2=5,850,5
2026-04-13,42,6,ST2,二車単,5-2,1260,5
2026-04-13,42,6,RH3,三連複,2=3=5,450,1
2026-04-13,42,6,RT3,三連単,5-2-3,1400,2
2026-04-13,42,6,W,ワイド,2=5,280,4
2026-04-13,42,6,W,ワイド,3=5,230,2
2026-04-13,42,6,W,ワイド,2=3,300,5
2026-04-13,42,7,SH2,二車複,6=7,440,3
2026-04-13,42,7,ST2,二車単,6-7,910,5
2026-04-13,42,7,RH3,三連複,1=6=7,230,1
2026-04-13,42,7,RT3,三連単,6-7-1,1340,4
2026-04-13,42,7,W,ワイド,6=7,170,3
2026-04-13,42,7,W,ワイド,1=6,140,2
2026-04-13,42,7,W,ワイド,1=7,130,1
2026-04-13,46,1,SH2,二車複,1=7,1890,5
2026-04-13,46,1,ST2,二車単,1-7,1930,6
2026-04-13,46,1,RH3,三連複,1=5=7,510,2
2026-04-13,46,1,RT3,三連単,1-7-5,4570,12
2026-04-13,46,1,W,ワイド,1=7,290,5
2026-04-13,46,1,W,ワイド,1=5,120,1
2026-04-13,46,1,W,ワイド,5=7,350,7
2026-04-13,46,2,SH2,二車複,1=4,630,3
2026-04-13,46,2,ST2,二車単,4-1,780,2
2026-04-13,46,2,RH3,三連複,1=4=5,450,1
2026-04-13,46,2,RT3,三連単,4-1-5,1930,4
2026-04-13,46,2,W,ワイド,1=4,370,6
2026-04-13,46,2,W,ワイド,4=5,210,2
2026-04-13,46,2,W,ワイド,1=5,350,5
2026-04-13,46,3,SH2,二車複,3=5,180,1
2026-04-13,46,3,ST2,二車単,3-5,260,1
2026-04-13,46,3,RH3,三連複,2=3=5,1500,5
2026-04-13,46,3,RT3,三連単,3-5-2,1980,7
2026-04-13,46,3,W,ワイド,3=5,190,2
2026-04-13,46,3,W,ワイド,2=3,590,7
2026-04-13,46,3,W,ワイド,2=5,890,10
2026-04-13,46,4,SH2,二車複,1=6,950,4
2026-04-13,46,4,ST2,二車単,1-6,1740,7
2026-04-13,46,4,RH3,三連複,1=3=6,3200,11
2026-04-13,46,4,RT3,三連単,1-6-3,8620,29
2026-04-13,46,4,W,ワイド,1=6,670,9
2026-04-13,46,4,W,ワイド,1=3,700,10
2026-04-13,46,4,W,ワイド,3=6,1620,15
2026-04-13,46,5,SH2,二車複,3=4,700,3
2026-04-13,46,5,ST2,二車単,3-4,2920,11
2026-04-13,46,5,RH3,三連複,1=3=4,460,2
2026-04-13,46,5,RT3,三連単,3-4-1,6760,20
2026-04-13,46,5,W,ワイド,3=4,240,4
2026-04-13,46,5,W,ワイド,1=3,400,7
2026-04-13,46,5,W,ワイド,1=4,140,1
2026-04-13,46,6,SH2,二車複,1=2,470,3
2026-04-13,46,6,ST2,二車単,1-2,680,4
2026-04-13,46,6,RH3,三連複,1=2=3,1280,6
2026-04-13,46,6,RT3,三連単,1-2-3,2420,12
2026-04-13,46,6,W,ワイド,1=2,220,3
2026-04-13,46,6,W,ワイド,1=3,310,5
2026-04-13,46,6,W,ワイド,2=3,740,10
2026-04-13,46,7,SH2,二車複,1=4,440,2
2026-04-13,46,7,ST2,二車単,4-1,560,2
2026-04-13,46,7,RH3,三連複,1=4=5,420,2
2026-04-13,46,7,RT3,三連単,4-1-5,1740,6
2026-04-13,46,7,W,ワイド,1=4,200,4
2026-04-13,46,7,W,ワイド,4=5,130,1
2026-04-13,46,7,W,ワイド,1=5,270,5
2026-04-13,46,8,SH2,二車複,1=5,240,1
2026-04-13,46,8,ST2,二車単,1-5,300,1
2026-04-13,46,8,RH3,三連複,1=2=5,350,1
2026-04-13,46,8,RT3,三連単,1-5-2,800,2
2026-04-13,46,8,W,ワイド,1=5,140,1
2026-04-13,46,8,W,ワイド,1=2,160,2
2026-04-13,46,8,W,ワイド,2=5,220,3
2026-04-13,46,9,SH2,二車複,1=5,360,1
2026-04-13,46,9,ST2,二車単,1-5,390,1
2026-04-13,46,9,RH3,三連複,1=5=7,450,2
2026-04-13,46,9,RT3,三連単,1-5-7,1040,1
2026-04-13,46,9,W,ワイド,1=5,210,3
2026-04-13,46,9,W,ワイド,1=7,160,1
2026-04-13,46,9,W,ワイド,5=7,350,7
2026-04-13,46,10,SH2,二車複,4=7,1460,3
2026-04-13,46,10,ST2,二車単,7-4,1590,5
2026-04-13,46,10,RH3,三連複,2=4=7,4980,13
2026-04-13,46,10,RT3,三連単,7-4-2,13650,28
2026-04-13,46,10,W,ワイド,4=7,520,7
2026-04-13,46,10,W,ワイド,2=7,390,4
2026-04-13,46,10,W,ワイド,2=4,1190,11
2026-04-13,46,11,SH2,二車複,2=3,2320,7
2026-04-13,46,11,ST2,二車単,2-3,5810,13
2026-04-13,46,11,RH3,三連複,2=3=4,8370,22
2026-04-13,46,11,RT3,三連単,2-3-4,57630,107
2026-04-13,46,11,W,ワイド,2=3,730,10
2026-04-13,46,11,W,ワイド,2=4,800,11
2026-04-13,46,11,W,ワイド,3=4,1410,16
2026-04-13,46,12,SH2,二車複,1=7,110,1
2026-04-13,46,12,ST2,二車単,1-7,160,1
2026-04-13,46,12,RH3,三連複,1=6=7,1510,5
2026-04-13,46,12,RT3,三連単,1-7-6,3320,9
2026-04-13,46,12,W,ワイド,1=7,130,1
2026-04-13,46,12,W,ワイド,1=6,640,11
2026-04-13,46,12,W,ワイド,6=7,890,14
2026-04-14,12,1,SH2,二車複,3=5,170,1
2026-04-14,12,1,ST2,二車単,3-5,350,1
2026-04-14,12,1,RH3,三連複,3=5=7,190,1
2026-04-14,12,1,RT3,三連単,3-5-7,430,1
2026-04-14,12,1,W,ワイド,3=5,110,1
2026-04-14,12,1,W,ワイド,3=7,160,2
2026-04-14,12,1,W,ワイド,5=7,200,4
2026-04-14,12,2,SH2,二車複,1=4,150,1
2026-04-14,12,2,ST2,二車単,1-4,290,1
2026-04-14,12,2,RH3,三連複,1=4=7,360,2
2026-04-14,12,2,RT3,三連単,1-4-7,500,1
2026-04-14,12,2,W,ワイド,1=4,120,1
2026-04-14,12,2,W,ワイド,1=7,130,2
2026-04-14,12,2,W,ワイド,4=7,230,5
2026-04-14,12,3,SH2,二車複,4=5,1610,8
2026-04-14,12,3,ST2,二車単,5-4,2620,8
2026-04-14,12,3,RH3,三連複,2=4=5,650,2
2026-04-14,12,3,RT3,三連単,5-4-2,10680,29
2026-04-14,12,3,W,ワイド,4=5,460,8
2026-04-14,12,3,W,ワイド,2=5,180,1
2026-04-14,12,3,W,ワイド,2=4,310,5
2026-04-14,12,4,SH2,二車複,3=6,1060,5
2026-04-14,12,4,ST2,二車単,6-3,3360,14
2026-04-14,12,4,RH3,三連複,3=4=6,1710,8
2026-04-14,12,4,RT3,三連単,6-3-4,16400,64
2026-04-14,12,4,W,ワイド,3=6,340,4
2026-04-14,12,4,W,ワイド,4=6,1090,14
2026-04-14,12,4,W,ワイド,3=4,320,3
2026-04-14,12,5,SH2,二車複,4=6,5600,12
2026-04-14,12,5,ST2,二車単,4-6,9870,21
2026-04-14,12,5,RH3,三連複,1=4=6,1790,9
2026-04-14,12,5,RT3,三連単,4-6-1,17080,53
2026-04-14,12,5,W,ワイド,4=6,1150,13
2026-04-14,12,5,W,ワイド,1=4,130,1
2026-04-14,12,5,W,ワイド,1=6,660,9
2026-04-14,12,6,SH2,二車複,1=7,380,1
2026-04-14,12,6,ST2,二車単,7-1,1040,3
2026-04-14,12,6,RH3,三連複,1=3=7,1560,6
2026-04-14,12,6,RT3,三連単,7-1-3,5370,17
2026-04-14,12,6,W,ワイド,1=7,170,1
2026-04-14,12,6,W,ワイド,3=7,380,5
2026-04-14,12,6,W,ワイド,1=3,540,10
2026-04-14,12,7,SH2,二車複,2=4,150,1
2026-04-14,12,7,ST2,二車単,4-2,210,1
2026-04-14,12,7,RH3,三連複,1=2=4,420,1
2026-04-14,12,7,RT3,三連単,4-2-1,740,1
2026-04-14,12,7,W,ワイド,2=4,130,1
2026-04-14,12,7,W,ワイド,1=4,230,2
2026-04-14,12,7,W,ワイド,1=2,260,3
2026-04-14,12,8,SH2,二車複,3=5,1660,8
2026-04-14,12,8,ST2,二車単,5-3,2500,7
2026-04-14,12,8,RH3,三連複,1=3=5,7530,30
2026-04-14,12,8,RT3,三連単,5-3-1,23830,103
2026-04-14,12,8,W,ワイド,3=5,240,2
2026-04-14,12,8,W,ワイド,1=5,840,16
2026-04-14,12,8,W,ワイド,1=3,1140,20
2026-04-14,12,9,SH2,二車複,1=3,3300,12
2026-04-14,12,9,ST2,二車単,3-1,8770,24
2026-04-14,12,9,RH3,三連複,1=2=3,2140,11
2026-04-14,12,9,RT3,三連単,3-1-2,27760,89
2026-04-14,12,9,W,ワイド,1=3,860,13
2026-04-14,12,9,W,ワイド,2=3,700,11
2026-04-14,12,9,W,ワイド,1=2,130,1
2026-04-14,12,10,SH2,二車複,1=5,270,1
2026-04-14,12,10,ST2,二車単,1-5,610,2
2026-04-14,12,10,RH3,三連複,1=3=5,1370,6
2026-04-14,12,10,RT3,三連単,1-5-3,4110,11
2026-04-14,12,10,W,ワイド,1=5,260,4
2026-04-14,12,10,W,ワイド,1=3,520,7
2026-04-14,12,10,W,ワイド,3=5,370,5
2026-04-14,12,11,SH2,二車複,1=5,380,1
2026-04-14,12,11,ST2,二車単,5-1,620,2
2026-04-14,12,11,RH3,三連複,1=2=5,910,2
2026-04-14,12,11,RT3,三連単,5-1-2,2990,8
2026-04-14,12,11,W,ワイド,1=5,210,2
2026-04-14,12,11,W,ワイド,2=5,690,8
2026-04-14,12,11,W,ワイド,1=2,490,6
2026-04-14,12,12,SH2,二車複,1=3,120,1
2026-04-14,12,12,ST2,二車単,1-3,160,1
2026-04-14,12,12,RH3,三連複,1=3=5,340,2
2026-04-14,12,12,RT3,三連単,1-3-5,580,2
2026-04-14,12,12,W,ワイド,1=3,110,1
2026-04-14,12,12,W,ワイド,1=5,220,4
2026-04-14,12,12,W,ワイド,3=5,280,6
2026-04-14,23,1,SH2,二車複,4=6,1060,5
2026-04-14,23,1,ST2,二車単,4-6,1070,5
2026-04-14,23,1,RH3,三連複,4=5=6,1370,6
2026-04-14,23,1,RT3,三連単,4-6-5,3560,12
2026-04-14,23,1,W,ワイド,4=6,290,4
2026-04-14,23,1,W,ワイド,4=5,170,1
2026-04-14,23,1,W,ワイド,5=6,610,10
2026-04-14,23,2,SH2,二車複,2=7,390,1
2026-04-14,23,2,ST2,二車単,2-7,530,1
2026-04-14,23,2,RH3,三連複,2=3=7,650,3
2026-04-14,23,2,RT3,三連単,2-7-3,1180,1
2026-04-14,23,2,W,ワイド,2=7,300,4
2026-04-14,23,2,W,ワイド,2=3,230,1
2026-04-14,23,2,W,ワイド,3=7,330,6
2026-04-14,23,3,SH2,二車複,1=7,350,2
2026-04-14,23,3,ST2,二車単,1-7,410,1
2026-04-14,23,3,RH3,三連複,1=4=7,1560,6
2026-04-14,23,3,RT3,三連単,1-7-4,4090,13
2026-04-14,23,3,W,ワイド,1=7,220,1
2026-04-14,23,3,W,ワイド,1=4,590,12
2026-04-14,23,3,W,ワイド,4=7,570,10
2026-04-14,23,4,SH2,二車複,1=4,140,1
2026-04-14,23,4,ST2,二車単,1-4,360,2
2026-04-14,23,4,RH3,三連複,1=2=4,530,2
2026-04-14,23,4,RT3,三連単,1-4-2,1290,4
2026-04-14,23,4,W,ワイド,1=4,100,1
2026-04-14,23,4,W,ワイド,1=2,230,4
2026-04-14,23,4,W,ワイド,2=4,240,5
2026-04-14,23,5,SH2,二車複,4=6,1700,9
2026-04-14,23,5,ST2,二車単,4-6,1730,6
2026-04-14,23,5,RH3,三連複,3=4=6,1460,6
2026-04-14,23,5,RT3,三連単,4-6-3,3500,5
2026-04-14,23,5,W,ワイド,4=6,580,9
2026-04-14,23,5,W,ワイド,3=4,440,7
2026-04-14,23,5,W,ワイド,3=6,1020,19
2026-04-14,23,6,SH2,二車複,1=5,2110,7
2026-04-14,23,6,ST2,二車単,5-1,2100,7
2026-04-14,23,6,RH3,三連複,1=5=7,1610,6
2026-04-14,23,6,RT3,三連単,5-1-7,5740,20
2026-04-14,23,6,W,ワイド,1=5,580,9
2026-04-14,23,6,W,ワイド,5=7,230,4
2026-04-14,23,6,W,ワイド,1=7,1000,10
2026-04-14,23,7,SH2,二車複,3=7,320,3
2026-04-14,23,7,ST2,二車単,7-3,350,3
2026-04-14,23,7,RH3,三連複,3=5=7,4450,10
2026-04-14,23,7,RT3,三連単,7-3-5,5300,15
2026-04-14,23,7,W,ワイド,3=7,200,3
2026-04-14,23,7,W,ワイド,5=7,920,9
2026-04-14,23,7,W,ワイド,3=5,3560,19
2026-04-14,23,8,SH2,二車複,4=7,3100,7
2026-04-14,23,8,ST2,二車単,4-7,3180,8
2026-04-14,23,8,RH3,三連複,2=4=7,2470,8
2026-04-14,23,8,RT3,三連単,4-7-2,8470,20
2026-04-14,23,8,W,ワイド,4=7,520,6
2026-04-14,23,8,W,ワイド,2=4,330,3
2026-04-14,23,8,W,ワイド,2=7,610,10
2026-04-14,23,9,SH2,二車複,1=5,140,1
2026-04-14,23,9,ST2,二車単,1-5,200,1
2026-04-14,23,9,RH3,三連複,1=5=7,180,1
2026-04-14,23,9,RT3,三連単,1-5-7,330,1
2026-04-14,23,9,W,ワイド,1=5,100,1
2026-04-14,23,9,W,ワイド,1=7,180,4
2026-04-14,23,9,W,ワイド,5=7,180,3
2026-04-14,23,10,SH2,二車複,2=7,110,1
2026-04-14,23,10,ST2,二車単,7-2,210,1
2026-04-14,23,10,RH3,三連複,2=6=7,400,3
2026-04-14,23,10,RT3,三連単,7-2-6,730,2
2026-04-14,23,10,W,ワイド,2=7,110,1
2026-04-14,23,10,W,ワイド,6=7,430,7
2026-04-14,23,10,W,ワイド,2=6,390,6
2026-04-14,23,11,SH2,二車複,1=5,1220,4
2026-04-14,23,11,ST2,二車単,5-1,1870,8
2026-04-14,23,11,RH3,三連複,1=5=7,5070,17
2026-04-14,23,11,RT3,三連単,5-1-7,17610,56
2026-04-14,23,11,W,ワイド,1=5,340,4
2026-04-14,23,11,W,ワイド,5=7,870,13
2026-04-14,23,11,W,ワイド,1=7,510,9
2026-04-14,23,12,SH2,二車複,4=6,3780,12
2026-04-14,23,12,ST2,二車単,6-4,16110,31
2026-04-14,23,12,RH3,三連複,4=6=7,4840,17
2026-04-14,23,12,RT3,三連単,6-4-7,75750,140
2026-04-14,23,12,W,ワイド,4=6,1440,17
2026-04-14,23,12,W,ワイド,6=7,1050,13
2026-04-14,23,12,W,ワイド,4=7,490,8
2026-04-14,37,1,SH2,二車複,1=5,480,2
2026-04-14,37,1,ST2,二車単,1-5,600,2
2026-04-14,37,1,RH3,三連複,1=2=5,680,2
2026-04-14,37,1,RT3,三連単,1-5-2,1870,5
2026-04-14,37,1,W,ワイド,1=5,190,2
2026-04-14,37,1,W,ワイド,1=2,340,4
2026-04-14,37,1,W,ワイド,2=5,560,9
2026-04-14,37,2,SH2,二車複,5=7,550,3
2026-04-14,37,2,ST2,二車単,7-5,700,2
2026-04-14,37,2,RH3,三連複,4=5=7,5970,16
2026-04-14,37,2,RT3,三連単,7-5-4,13200,42
2026-04-14,37,2,W,ワイド,5=7,140,1
2026-04-14,37,2,W,ワイド,4=7,700,11
2026-04-14,37,2,W,ワイド,4=5,1240,13
2026-04-14,37,3,SH2,二車複,3=7,270,1
2026-04-14,37,3,ST2,二車単,7-3,240,1
2026-04-14,37,3,RH3,三連複,3=6=7,1160,5
2026-04-14,37,3,RT3,三連単,7-3-6,1170,4
2026-04-14,37,3,W,ワイド,3=7,150,1
2026-04-14,37,3,W,ワイド,6=7,880,13
2026-04-14,37,3,W,ワイド,3=6,1020,15
2026-04-14,37,4,SH2,二車複,3=5,100,1
2026-04-14,37,4,ST2,二車単,3-5,150,1
2026-04-14,37,4,RH3,三連複,3=4=5,1030,4
2026-04-14,37,4,RT3,三連単,3-5-4,2530,7
2026-04-14,37,4,W,ワイド,3=5,100,1
2026-04-14,37,4,W,ワイド,3=4,370,7
2026-04-14,37,4,W,ワイド,4=5,660,9
2026-04-14,37,5,SH2,二車複,2=5,120,1
2026-04-14,37,5,ST2,二車単,5-2,120,1
2026-04-14,37,5,RH3,三連複,2=3=5,110,1
2026-04-14,37,5,RT3,三連単,5-2-3,160,1
2026-04-14,37,5,W,ワイド,2=5,100,1
2026-04-14,37,5,W,ワイド,3=5,100,2
2026-04-14,37,5,W,ワイド,2=3,110,3
2026-04-14,37,6,SH2,二車複,2=5,190,1
2026-04-14,37,6,ST2,二車単,2-5,500,2
2026-04-14,37,6,RH3,三連複,2=5=6,400,1
2026-04-14,37,6,RT3,三連単,2-5-6,1260,3
2026-04-14,37,6,W,ワイド,2=5,130,1
2026-04-14,37,6,W,ワイド,2=6,370,8
2026-04-14,37,6,W,ワイド,5=6,260,3
2026-04-14,37,7,SH2,二車複,1=4,2310,8
2026-04-14,37,7,ST2,二車単,1-4,5950,17
2026-04-14,37,7,RH3,三連複,1=2=4,2380,7
2026-04-14,37,7,RT3,三連単,1-4-2,22410,59
2026-04-14,37,7,W,ワイド,1=4,440,6
2026-04-14,37,7,W,ワイド,1=2,1470,13
2026-04-14,37,7,W,ワイド,2=4,770,10
2026-04-14,37,8,SH2,二車複,1=4,180,1
2026-04-14,37,8,ST2,二車単,4-1,230,1
2026-04-14,37,8,RH3,三連複,1=4=5,200,1
2026-04-14,37,8,RT3,三連単,4-1-5,440,1
2026-04-14,37,8,W,ワイド,1=4,100,1
2026-04-14,37,8,W,ワイド,4=5,120,2
2026-04-14,37,8,W,ワイド,1=5,170,3
2026-04-14,37,9,SH2,二車複,3=4,200,1
2026-04-14,37,9,ST2,二車単,4-3,370,1
2026-04-14,37,9,RH3,三連複,3=4=6,920,3
2026-04-14,37,9,RT3,三連単,4-3-6,2410,5
2026-04-14,37,9,W,ワイド,3=4,140,1
2026-04-14,37,9,W,ワイド,4=6,460,8
2026-04-14,37,9,W,ワイド,3=6,550,12
2026-04-14,37,10,SH2,二車複,2=4,510,3
2026-04-14,37,10,ST2,二車単,4-2,950,4
2026-04-14,37,10,RH3,三連複,1=2=4,500,2
2026-04-14,37,10,RT3,三連単,4-2-1,1880,4
2026-04-14,37,10,W,ワイド,2=4,170,1
2026-04-14,37,10,W,ワイド,1=4,260,3
2026-04-14,37,10,W,ワイド,1=2,290,4
2026-04-14,37,11,SH2,二車複,2=4,1620,6
2026-04-14,37,11,ST2,二車単,4-2,2080,8
2026-04-14,37,11,RH3,三連複,1=2=4,3170,11
2026-04-14,37,11,RT3,三連単,4-2-1,9840,29
2026-04-14,37,11,W,ワイド,2=4,1000,12
2026-04-14,37,11,W,ワイド,1=4,910,9
2026-04-14,37,11,W,ワイド,1=2,1220,15
2026-04-14,46,1,SH2,二車複,5=6,740,3
2026-04-14,46,1,ST2,二車単,6-5,920,3
2026-04-14,46,1,RH3,三連複,2=5=6,2020,7
2026-04-14,46,1,RT3,三連単,6-5-2,4160,12
2026-04-14,46,1,W,ワイド,5=6,230,3
2026-04-14,46,1,W,ワイド,2=6,590,7
2026-04-14,46,1,W,ワイド,2=5,1020,10
2026-04-14,46,2,SH2,二車複,1=2,6370,13
2026-04-14,46,2,ST2,二車単,1-2,22150,25
2026-04-14,46,2,RH3,三連複,1=2=4,930,3
2026-04-14,46,2,RT3,三連単,1-2-4,31700,62
2026-04-14,46,2,W,ワイド,1=2,750,10
2026-04-14,46,2,W,ワイド,1=4,420,6
2026-04-14,46,2,W,ワイド,2=4,190,2
2026-04-14,46,3,SH2,二車複,2=5,380,1
2026-04-14,46,3,ST2,二車単,5-2,480,1
2026-04-14,46,3,RH3,三連複,2=3=5,1230,5
2026-04-14,46,3,RT3,三連単,5-2-3,2480,6
2026-04-14,46,3,W,ワイド,2=5,180,1
2026-04-14,46,3,W,ワイド,3=5,380,5
2026-04-14,46,3,W,ワイド,2=3,1060,15
2026-04-14,46,4,SH2,二車複,1=5,220,1
2026-04-14,46,4,ST2,二車単,1-5,350,1
2026-04-14,46,4,RH3,三連複,1=5=6,480,1
2026-04-14,46,4,RT3,三連単,1-5-6,1060,1
2026-04-14,46,4,W,ワイド,1=5,120,1
2026-04-14,46,4,W,ワイド,1=6,370,6
2026-04-14,46,4,W,ワイド,5=6,410,8
2026-04-14,46,5,SH2,二車複,1=5,470,2
2026-04-14,46,5,ST2,二車単,5-1,1230,5
2026-04-14,46,5,RH3,三連複,1=3=5,700,3
2026-04-14,46,5,RT3,三連単,5-1-3,2890,10
2026-04-14,46,5,W,ワイド,1=5,350,5
2026-04-14,46,5,W,ワイド,3=5,260,4
2026-04-14,46,5,W,ワイド,1=3,440,8
2026-04-14,46,6,SH2,二車複,1=2,1120,5
2026-04-14,46,6,ST2,二車単,1-2,3150,16
2026-04-14,46,6,RH3,三連複,1=2=6,890,4
2026-04-14,46,6,RT3,三連単,1-2-6,13040,51
2026-04-14,46,6,W,ワイド,1=2,200,2
2026-04-14,46,6,W,ワイド,1=6,350,8
2026-04-14,46,6,W,ワイド,2=6,260,5
2026-04-14,46,7,SH2,二車複,1=6,150,1
2026-04-14,46,7,ST2,二車単,6-1,400,2
2026-04-14,46,7,RH3,三連複,1=2=6,270,1
2026-04-14,46,7,RT3,三連単,6-1-2,990,3
2026-04-14,46,7,W,ワイド,1=6,100,1
2026-04-14,46,7,W,ワイド,2=6,250,6
2026-04-14,46,7,W,ワイド,1=2,150,2
2026-04-14,46,8,SH2,二車複,4=7,420,1
2026-04-14,46,8,ST2,二車単,7-4,790,3
2026-04-14,46,8,RH3,三連複,4=6=7,3590,18
2026-04-14,46,8,RT3,三連単,7-4-6,10720,45
2026-04-14,46,8,W,ワイド,4=7,320,3
2026-04-14,46,8,W,ワイド,6=7,510,10
2026-04-14,46,8,W,ワイド,4=6,950,18
2026-04-14,46,9,SH2,二車複,2=5,750,4
2026-04-14,46,9,ST2,二車単,5-2,1700,7
2026-04-14,46,9,RH3,三連複,1=2=5,3690,17
2026-04-14,46,9,RT3,三連単,5-2-1,12580,37
2026-04-14,46,9,W,ワイド,2=5,290,3
2026-04-14,46,9,W,ワイド,1=5,770,10
2026-04-14,46,9,W,ワイド,1=2,440,6
2026-04-14,46,10,SH2,二車複,1=4,140,1
2026-04-14,46,10,ST2,二車単,1-4,400,2
2026-04-14,46,10,RH3,三連複,1=4=7,290,1
2026-04-14,46,10,RT3,三連単,1-4-7,870,3
2026-04-14,46,10,W,ワイド,1=4,130,1
2026-04-14,46,10,W,ワイド,1=7,270,4
2026-04-14,46,10,W,ワイド,4=7,310,5
2026-04-14,46,11,SH2,二車複,5=7,660,4
2026-04-14,46,11,ST2,二車単,5-7,1100,5
2026-04-14,46,11,RH3,三連複,3=5=7,1700,7
2026-04-14,46,11,RT3,三連単,5-7-3,4570,15
2026-04-14,46,11,W,ワイド,5=7,390,6
2026-04-14,46,11,W,ワイド,3=5,440,7
2026-04-14,46,11,W,ワイド,3=7,760,10
2026-04-14,46,12,SH2,二車複,4=5,1340,5
2026-04-14,46,12,ST2,二車単,4-5,5210,14
2026-04-14,46,12,RH3,三連複,4=5=7,2390,10
2026-04-14,46,12,RT3,三連単,4-5-7,26930,75
2026-04-14,46,12,W,ワイド,4=5,430,6
2026-04-14,46,12,W,ワイド,4=7,790,12
2026-04-14,46,12,W,ワイド,5=7,400,5
2026-04-14,73,1,SH2,二車複,1=2,120,1
2026-04-14,73,1,ST2,二車単,1-2,160,1
2026-04-14,73,1,RH3,三連複,1=2=3,170,1
2026-04-14,73,1,RT3,三連単,1-2-3,290,1
2026-04-14,73,1,W,ワイド,1=2,100,1
2026-04-14,73,1,W,ワイド,1=3,150,3
2026-04-14,73,1,W,ワイド,2=3,150,2
2026-04-14,73,2,SH2,二車複,1=3,330,2
2026-04-14,73,2,ST2,二車単,1-3,310,2
2026-04-14,73,2,RH3,三連複,1=3=4,580,3
2026-04-14,73,2,RT3,三連単,1-3-4,980,4
2026-04-14,73,2,W,ワイド,1=3,160,2
2026-04-14,73,2,W,ワイド,1=4,160,2
2026-04-14,73,2,W,ワイド,3=4,310,6
2026-04-14,73,3,SH2,二車複,1=2,180,1
2026-04-14,73,3,ST2,二車単,1-2,160,1
2026-04-14,73,3,RH3,三連複,1=2=3,140,1
2026-04-14,73,3,RT3,三連単,1-2-3,250,1
2026-04-14,73,3,W,ワイド,1=2,100,1
2026-04-14,73,3,W,ワイド,1=3,100,2
2026-04-14,73,3,W,ワイド,2=3,160,3
2026-04-14,73,4,SH2,二車複,2=4,460,2
2026-04-14,73,4,ST2,二車単,2-4,1170,7
2026-04-14,73,4,RH3,三連複,1=2=4,260,1
2026-04-14,73,4,RT3,三連単,2-4-1,2160,7
2026-04-14,73,4,W,ワイド,2=4,140,3
2026-04-14,73,4,W,ワイド,1=2,130,2
2026-04-14,73,4,W,ワイド,1=4,120,1
2026-04-14,73,5,SH2,二車複,1=3,160,1
2026-04-14,73,5,ST2,二車単,1-3,280,1
2026-04-14,73,5,RH3,三連複,1=3=5,420,3
2026-04-14,73,5,RT3,三連単,1-3-5,1270,3
2026-04-14,73,5,W,ワイド,1=3,110,1
2026-04-14,73,5,W,ワイド,1=5,220,3
2026-04-14,73,5,W,ワイド,3=5,170,2
2026-04-14,73,6,SH2,二車複,1=3,150,1
2026-04-14,73,6,ST2,二車単,1-3,320,2
2026-04-14,73,6,RH3,三連複,1=2=3,320,2
2026-04-14,73,6,RT3,三連単,1-3-2,950,3
2026-04-14,73,6,W,ワイド,1=3,120,1
2026-04-14,73,6,W,ワイド,1=2,210,2
2026-04-14,73,6,W,ワイド,2=3,250,6
2026-04-14,73,7,SH2,二車複,1=6,230,1
2026-04-14,73,7,ST2,二車単,1-6,340,1
2026-04-14,73,7,RH3,三連複,1=2=6,350,1
2026-04-14,73,7,RT3,三連単,1-6-2,1030,1
2026-04-14,73,7,W,ワイド,1=6,140,1
2026-04-14,73,7,W,ワイド,1=2,170,3
2026-04-14,73,7,W,ワイド,2=6,410,7
2026-04-14,73,8,SH2,二車複,1=4,220,2
2026-04-14,73,8,ST2,二車単,1-4,790,3
2026-04-14,73,8,RH3,三連複,1=2=4,150,1
2026-04-14,73,8,RT3,三連単,1-4-2,1340,6
2026-04-14,73,8,W,ワイド,1=4,100,1
2026-04-14,73,8,W,ワイド,1=2,150,3
2026-04-14,73,8,W,ワイド,2=4,100,2
2026-04-14,73,9,SH2,二車複,1=3,410,3
2026-04-14,73,9,ST2,二車単,1-3,420,3
2026-04-14,73,9,RH3,三連複,1=2=3,450,3
2026-04-14,73,9,RT3,三連単,1-3-2,1090,6
2026-04-14,73,9,W,ワイド,1=3,140,3
2026-04-14,73,9,W,ワイド,1=2,130,1
2026-04-14,73,9,W,ワイド,2=3,320,7
2026-04-14,81,1,SH2,二車複,1=2,130,1
2026-04-14,81,1,ST2,二車単,2-1,200,1
2026-04-14,81,1,RH3,三連複,1=2=4,410,2
2026-04-14,81,1,RT3,三連単,2-1-4,940,4
2026-04-14,81,1,W,ワイド,1=2,100,1
2026-04-14,81,1,W,ワイド,2=4,230,4
2026-04-14,81,1,W,ワイド,1=4,260,5
2026-04-14,81,2,SH2,二車複,1=4,2180,5
2026-04-14,81,2,ST2,二車単,4-1,17660,16
2026-04-14,81,2,RH3,三連複,1=3=4,1630,5
2026-04-14,81,2,RT3,三連単,4-1-3,44220,52
2026-04-14,81,2,W,ワイド,1=4,190,4
2026-04-14,81,2,W,ワイド,3=4,820,9
2026-04-14,81,2,W,ワイド,1=3,150,1
2026-04-14,81,3,SH2,二車複,1=2,170,1
2026-04-14,81,3,ST2,二車単,1-2,180,1
2026-04-14,81,3,RH3,三連複,1=2=3,230,1
2026-04-14,81,3,RT3,三連単,1-2-3,430,1
2026-04-14,81,3,W,ワイド,1=2,110,1
2026-04-14,81,3,W,ワイド,1=3,140,2
2026-04-14,81,3,W,ワイド,2=3,160,3
2026-04-14,81,4,SH2,二車複,2=4,1420,5
2026-04-14,81,4,ST2,二車単,2-4,2300,6
2026-04-14,81,4,RH3,三連複,1=2=4,420,2
2026-04-14,81,4,RT3,三連単,2-4-1,3330,11
2026-04-14,81,4,W,ワイド,2=4,230,5
2026-04-14,81,4,W,ワイド,1=2,130,1
2026-04-14,81,4,W,ワイド,1=4,190,3
2026-04-14,81,5,SH2,二車複,2=5,1610,6
2026-04-14,81,5,ST2,二車単,2-5,2570,7
2026-04-14,81,5,RH3,三連複,2=3=5,6920,14
2026-04-14,81,5,RT3,三連単,2-5-3,18830,41
2026-04-14,81,5,W,ワイド,2=5,380,5
2026-04-14,81,5,W,ワイド,2=3,490,8
2026-04-14,81,5,W,ワイド,3=5,1670,12
2026-04-14,81,6,SH2,二車複,1=7,1040,4
2026-04-14,81,6,ST2,二車単,1-7,1080,5
2026-04-14,81,6,RH3,三連複,1=4=7,1830,8
2026-04-14,81,6,RT3,三連単,1-7-4,5240,21
2026-04-14,81,6,W,ワイド,1=7,490,6
2026-04-14,81,6,W,ワイド,1=4,220,2
2026-04-14,81,6,W,ワイド,4=7,1180,13
2026-04-14,81,7,SH2,二車複,2=3,1400,9
2026-04-14,81,7,ST2,二車単,3-2,3450,15
2026-04-14,81,7,RH3,三連複,1=2=3,620,2
2026-04-14,81,7,RT3,三連単,3-2-1,7160,27
2026-04-14,81,7,W,ワイド,2=3,280,5
2026-04-14,81,7,W,ワイド,1=3,200,3
2026-04-14,81,7,W,ワイド,1=2,180,1
2026-04-14,81,8,SH2,二車複,2=3,430,2
2026-04-14,81,8,ST2,二車単,2-3,820,3
2026-04-14,81,8,RH3,三連複,2=3=5,1540,6
2026-04-14,81,8,RT3,三連単,2-3-5,4790,12
2026-04-14,81,8,W,ワイド,2=3,190,2
2026-04-14,81,8,W,ワイド,2=5,300,4
2026-04-14,81,8,W,ワイド,3=5,500,7
2026-04-14,81,9,SH2,二車複,1=2,300,2
2026-04-14,81,9,ST2,二車単,1-2,330,2
2026-04-14,81,9,RH3,三連複,1=2=3,310,1
2026-04-14,81,9,RT3,三連単,1-2-3,700,2
2026-04-14,81,9,W,ワイド,1=2,160,2
2026-04-14,81,9,W,ワイド,1=3,150,1
2026-04-14,81,9,W,ワイド,2=3,340,5
2026-04-15,11,1,SH2,二車複,5=7,360,2
2026-04-15,11,1,ST2,二車単,5-7,970,4
2026-04-15,11,1,RH3,三連複,2=5=7,5340,9
2026-04-15,11,1,RT3,三連単,5-7-2,14610,28
2026-04-15,11,1,W,ワイド,5=7,310,4
2026-04-15,11,1,W,ワイド,2=5,1540,11
2026-04-15,11,1,W,ワイド,2=7,2250,14
2026-04-15,11,2,SH2,二車複,5=7,6530,14
2026-04-15,11,2,ST2,二車単,5-7,7600,21
2026-04-15,11,2,RH3,三連複,4=5=7,9760,20
2026-04-15,11,2,RT3,三連単,5-7-4,26910,68
2026-04-15,11,2,W,ワイド,5=7,1120,12
2026-04-15,11,2,W,ワイド,4=5,1570,14
2026-04-15,11,2,W,ワイド,4=7,400,4
2026-04-15,11,3,SH2,二車複,5=7,1400,4
2026-04-15,11,3,ST2,二車単,5-7,2300,8
2026-04-15,11,3,RH3,三連複,3=5=7,360,1
2026-04-15,11,3,RT3,三連単,5-7-3,4020,14
2026-04-15,11,3,W,ワイド,5=7,340,7
2026-04-15,11,3,W,ワイド,3=5,120,1
2026-04-15,11,3,W,ワイド,3=7,280,4
2026-04-15,11,4,SH2,二車複,4=5,120,1
2026-04-15,11,4,ST2,二車単,4-5,760,3
2026-04-15,11,4,RH3,三連複,1=4=5,140,1
2026-04-15,11,4,RT3,三連単,4-5-1,1020,3
2026-04-15,11,4,W,ワイド,4=5,100,1
2026-04-15,11,4,W,ワイド,1=4,130,3
2026-04-15,11,4,W,ワイド,1=5,120,2
2026-04-15,11,5,SH2,二車複,1=4,1830,7
2026-04-15,11,5,ST2,二車単,4-1,2810,9
2026-04-15,11,5,RH3,三連複,1=4=7,7530,31
2026-04-15,11,5,RT3,三連単,4-1-7,23730,98
2026-04-15,11,5,W,ワイド,1=4,690,10
2026-04-15,11,5,W,ワイド,4=7,750,13
2026-04-15,11,5,W,ワイド,1=7,1440,21
2026-04-15,11,6,SH2,二車複,2=3,2520,7
2026-04-15,11,6,ST2,二車単,3-2,5720,15
2026-04-15,11,6,RH3,三連複,2=3=6,5030,14
2026-04-15,11,6,RT3,三連単,3-2-6,33670,75
2026-04-15,11,6,W,ワイド,2=3,760,6
2026-04-15,11,6,W,ワイド,3=6,1350,13
2026-04-15,11,6,W,ワイド,2=6,850,8
2026-04-15,11,7,SH2,二車複,4=7,720,3
2026-04-15,11,7,ST2,二車単,7-4,1490,5
2026-04-15,11,7,RH3,三連複,1=4=7,600,2
2026-04-15,11,7,RT3,三連単,7-4-1,5210,17
2026-04-15,11,7,W,ワイド,4=7,250,4
2026-04-15,11,7,W,ワイド,1=7,430,7
2026-04-15,11,7,W,ワイド,1=4,200,2
2026-04-15,11,8,SH2,二車複,1=7,910,3
2026-04-15,11,8,ST2,二車単,7-1,2280,6
2026-04-15,11,8,RH3,三連複,1=3=7,4340,11
2026-04-15,11,8,RT3,三連単,7-1-3,20480,47
2026-04-15,11,8,W,ワイド,1=7,300,3
2026-04-15,11,8,W,ワイド,3=7,1360,14
2026-04-15,11,8,W,ワイド,1=3,590,9
2026-04-15,11,9,SH2,二車複,4=5,350,2
2026-04-15,11,9,ST2,二車単,4-5,1020,5
2026-04-15,11,9,RH3,三連複,4=5=7,310,1
2026-04-15,11,9,RT3,三連単,4-5-7,2490,6
2026-04-15,11,9,W,ワイド,4=5,170,2
2026-04-15,11,9,W,ワイド,4=7,200,3
2026-04-15,11,9,W,ワイド,5=7,120,1
2026-04-15,11,10,SH2,二車複,2=4,3090,9
2026-04-15,11,10,ST2,二車単,4-2,4270,12
2026-04-15,11,10,RH3,三連複,1=2=4,850,5
2026-04-15,11,10,RT3,三連単,4-2-1,7320,15
2026-04-15,11,10,W,ワイド,2=4,390,7
2026-04-15,11,10,W,ワイド,1=4,120,1
2026-04-15,11,10,W,ワイド,1=2,530,10
2026-04-15,11,11,SH2,二車複,1=4,360,2
2026-04-15,11,11,ST2,二車単,1-4,720,3
2026-04-15,11,11,RH3,三連複,1=4=5,780,3
2026-04-15,11,11,RT3,三連単,1-4-5,2470,6
2026-04-15,11,11,W,ワイド,1=4,220,2
2026-04-15,11,11,W,ワイド,1=5,220,3
2026-04-15,11,11,W,ワイド,4=5,240,4
2026-04-15,11,12,SH2,二車複,3=6,2250,12
2026-04-15,11,12,ST2,二車単,6-3,5900,26
2026-04-15,11,12,RH3,三連複,3=5=6,13400,34
2026-04-15,11,12,RT3,三連単,6-3-5,77470,182
2026-04-15,11,12,W,ワイド,3=6,1100,16
2026-04-15,11,12,W,ワイド,5=6,2450,21
2026-04-15,11,12,W,ワイド,3=5,1060,15
2026-04-15,37,1,SH2,二車複,3=5,270,1
2026-04-15,37,1,ST2,二車単,5-3,400,1
2026-04-15,37,1,RH3,三連複,3=4=5,270,1
2026-04-15,37,1,RT3,三連単,5-3-4,480,1
2026-04-15,37,1,W,ワイド,3=5,180,2
2026-04-15,37,1,W,ワイド,4=5,170,1
2026-04-15,37,1,W,ワイド,3=4,210,3
2026-04-15,37,2,SH2,二車複,5=7,960,2
2026-04-15,37,2,ST2,二車単,7-5,1070,3
2026-04-15,37,2,RH3,三連複,1=5=7,150,1
2026-04-15,37,2,RT3,三連単,7-5-1,1590,5
2026-04-15,37,2,W,ワイド,5=7,160,3
2026-04-15,37,2,W,ワイド,1=7,100,1
2026-04-15,37,2,W,ワイド,1=5,140,2
2026-04-15,37,3,SH2,二車複,1=7,2490,10
2026-04-15,37,3,ST2,二車単,1-7,3760,19
2026-04-15,37,3,RH3,三連複,1=3=7,580,4
2026-04-15,37,3,RH3,三連複,1=4=7,940,6
2026-04-15,37,3,RT3,三連単,1-7-3,4870,30
2026-04-15,37,3,RT3,三連単,1-7-4,6490,40
2026-04-15,37,3,W,ワイド,1=7,260,8
2026-04-15,37,3,W,ワイド,1=3,190,5
2026-04-15,37,3,W,ワイド,1=4,120,1
2026-04-15,37,3,W,ワイド,3=7,160,2
2026-04-15,37,3,W,ワイド,4=7,360,12
2026-04-15,37,4,SH2,二車複,5=7,750,3
2026-04-15,37,4,ST2,二車単,5-7,930,3
2026-04-15,37,4,RH3,三連複,3=5=7,1010,3
2026-04-15,37,4,RT3,三連単,5-7-3,1960,1
2026-04-15,37,4,W,ワイド,5=7,240,2
2026-04-15,37,4,W,ワイド,3=5,410,6
2026-04-15,37,4,W,ワイド,3=7,720,14
2026-04-15,37,5,SH2,二車複,3=7,180,1
2026-04-15,37,5,ST2,二車単,3-7,230,1
2026-04-15,37,5,RH3,三連複,1=3=7,140,1
2026-04-15,37,5,RT3,三連単,3-7-1,320,1
2026-04-15,37,5,W,ワイド,3=7,110,1
2026-04-15,37,5,W,ワイド,1=3,150,3
2026-04-15,37,5,W,ワイド,1=7,140,2
2026-04-15,37,6,SH2,二車複,1=7,1160,3
2026-04-15,37,6,ST2,二車単,1-7,1320,5
2026-04-15,37,6,RH3,三連複,1=4=7,350,2
2026-04-15,37,6,RT3,三連単,1-7-4,3410,8
2026-04-15,37,6,W,ワイド,1=7,200,2
2026-04-15,37,6,W,ワイド,1=4,150,1
2026-04-15,37,6,W,ワイド,4=7,220,4
2026-04-15,37,7,SH2,二車複,2=6,430,3
2026-04-15,37,7,ST2,二車単,6-2,1430,7
2026-04-15,37,7,RH3,三連複,2=6=7,540,2
2026-04-15,37,7,RT3,三連単,6-2-7,4130,14
2026-04-15,37,7,W,ワイド,2=6,230,3
2026-04-15,37,7,W,ワイド,6=7,370,8
2026-04-15,37,7,W,ワイド,2=7,170,1
2026-04-15,37,8,SH2,二車複,2=4,860,3
2026-04-15,37,8,ST2,二車単,2-4,1420,5
2026-04-15,37,8,RH3,三連複,1=2=4,2670,9
2026-04-15,37,8,RT3,三連単,2-4-1,8230,24
2026-04-15,37,8,W,ワイド,2=4,230,3
2026-04-15,37,8,W,ワイド,1=2,460,5
2026-04-15,37,8,W,ワイド,1=4,540,8
2026-04-15,37,9,SH2,二車複,2=4,2990,10
2026-04-15,37,9,ST2,二車単,2-4,5910,16
2026-04-15,37,9,RH3,三連複,2=4=5,2980,12
2026-04-15,37,9,RT3,三連単,2-4-5,16590,49
2026-04-15,37,9,W,ワイド,2=4,1060,14
2026-04-15,37,9,W,ワイド,2=5,240,4
2026-04-15,37,9,W,ワイド,4=5,860,11
2026-04-15,37,10,SH2,二車複,1=5,1520,6
2026-04-15,37,10,ST2,二車単,1-5,1280,6
2026-04-15,37,10,RH3,三連複,1=3=5,1520,6
2026-04-15,37,10,RT3,三連単,1-5-3,4800,18
2026-04-15,37,10,W,ワイド,1=5,340,6
2026-04-15,37,10,W,ワイド,1=3,250,3
2026-04-15,37,10,W,ワイド,3=5,820,9
2026-04-15,37,11,SH2,二車複,2=7,2250,10
2026-04-15,37,11,ST2,二車単,2-7,3850,19
2026-04-15,37,11,RH3,三連複,1=2=7,2200,8
2026-04-15,37,11,RT3,三連単,2-7-1,14110,63
2026-04-15,37,11,W,ワイド,2=7,440,7
2026-04-15,37,11,W,ワイド,1=2,1000,14
2026-04-15,37,11,W,ワイド,1=7,230,2
2026-04-15,45,1,SH2,二車複,2=4,160,1
2026-04-15,45,1,ST2,二車単,2-4,260,1
2026-04-15,45,1,RH3,三連複,2=3=4,480,2
2026-04-15,45,1,RT3,三連単,2-4-3,750,2
2026-04-15,45,1,W,ワイド,2=4,120,1
2026-04-15,45,1,W,ワイド,2=3,470,8
2026-04-15,45,1,W,ワイド,3=4,470,9
2026-04-15,45,2,SH2,二車複,3=4,830,4
2026-04-15,45,2,ST2,二車単,4-3,1220,6
2026-04-15,45,2,RH3,三連複,3=4=7,410,1
2026-04-15,45,2,RT3,三連単,4-3-7,2070,6
2026-04-15,45,2,W,ワイド,3=4,220,4
2026-04-15,45,2,W,ワイド,4=7,200,3
2026-04-15,45,2,W,ワイド,3=7,180,1
2026-04-15,45,3,SH2,二車複,1=5,100,1
2026-04-15,45,3,ST2,二車単,1-5,290,2
2026-04-15,45,3,RH3,三連複,1=5=7,160,1
2026-04-15,45,3,RT3,三連単,1-5-7,480,2
2026-04-15,45,3,W,ワイド,1=5,100,1
2026-04-15,45,3,W,ワイド,1=7,170,3
2026-04-15,45,3,W,ワイド,5=7,150,2
2026-04-15,45,4,SH2,二車複,3=7,150,1
2026-04-15,45,4,ST2,二車単,7-3,140,1
2026-04-15,45,4,RH3,三連複,3=5=7,210,1
2026-04-15,45,4,RT3,三連単,7-3-5,230,1
2026-04-15,45,4,W,ワイド,3=7,100,1
2026-04-15,45,4,W,ワイド,5=7,190,3
2026-04-15,45,4,W,ワイド,3=5,210,4
2026-04-15,45,5,SH2,二車複,1=5,280,1
2026-04-15,45,5,ST2,二車単,5-1,400,1
2026-04-15,45,5,RH3,三連複,1=4=5,1420,7
2026-04-15,45,5,RT3,三連単,5-1-4,3310,9
2026-04-15,45,5,W,ワイド,1=5,200,1
2026-04-15,45,5,W,ワイド,4=5,490,9
2026-04-15,45,5,W,ワイド,1=4,960,16
2026-04-15,45,6,SH2,二車複,1=4,190,1
2026-04-15,45,6,ST2,二車単,4-1,320,1
2026-04-15,45,6,RH3,三連複,1=3=4,650,3
2026-04-15,45,6,RT3,三連単,4-1-3,1200,2
2026-04-15,45,6,W,ワイド,1=4,170,1
2026-04-15,45,6,W,ワイド,3=4,270,4
2026-04-15,45,6,W,ワイド,1=3,500,7
2026-04-15,45,7,SH2,二車複,1=2,1100,3
2026-04-15,45,7,ST2,二車単,1-2,1770,5
2026-04-15,45,7,RH3,三連複,1=2=5,1360,6
2026-04-15,45,7,RT3,三連単,1-2-5,7230,23
2026-04-15,45,7,W,ワイド,1=2,290,2
2026-04-15,45,7,W,ワイド,1=5,460,8
2026-04-15,45,7,W,ワイド,2=5,380,6
2026-04-15,45,8,SH2,二車複,2=7,1060,3
2026-04-15,45,8,ST2,二車単,2-7,1790,6
2026-04-15,45,8,RH3,三連複,2=6=7,3690,12
2026-04-15,45,8,RT3,三連単,2-7-6,6900,20
2026-04-15,45,8,W,ワイド,2=7,440,7
2026-04-15,45,8,W,ワイド,2=6,2770,18
2026-04-15,45,8,W,ワイド,6=7,1100,12
2026-04-15,45,9,SH2,二車複,3=6,1780,6
2026-04-15,45,9,ST2,二車単,6-3,6000,15
2026-04-15,45,9,RH3,三連複,3=4=6,2220,8
2026-04-15,45,9,RT3,三連単,6-3-4,21630,57
2026-04-15,45,9,W,ワイド,3=6,520,10
2026-04-15,45,9,W,ワイド,4=6,1540,19
2026-04-15,45,9,W,ワイド,3=4,180,1
2026-04-15,45,10,SH2,二車複,4=7,6940,10
2026-04-15,45,10,ST2,二車単,7-4,14140,17
2026-04-15,45,10,RH3,三連複,2=4=7,370,2
2026-04-15,45,10,RT3,三連単,7-4-2,32290,54
2026-04-15,45,10,W,ワイド,4=7,390,8
2026-04-15,45,10,W,ワイド,2=7,120,1
2026-04-15,45,10,W,ワイド,2=4,260,4
2026-04-15,45,11,SH2,二車複,2=5,130,1
2026-04-15,45,11,ST2,二車単,2-5,190,1
2026-04-15,45,11,RH3,三連複,2=5=7,230,1
2026-04-15,45,11,RT3,三連単,2-5-7,330,1
2026-04-15,45,11,W,ワイド,2=5,100,1
2026-04-15,45,11,W,ワイド,2=7,200,2
2026-04-15,45,11,W,ワイド,5=7,250,6
2026-04-15,45,12,SH2,二車複,1=5,510,2
2026-04-15,45,12,ST2,二車単,1-5,660,2
2026-04-15,45,12,RH3,三連複,1=4=5,760,2
2026-04-15,45,12,RT3,三連単,1-5-4,2940,6
2026-04-15,45,12,W,ワイド,1=5,170,2
2026-04-15,45,12,W,ワイド,1=4,160,1
2026-04-15,45,12,W,ワイド,4=5,350,5
2026-04-15,74,1,SH2,二車複,4=7,280,2
2026-04-15,74,1,ST2,二車単,4-7,490,2
2026-04-15,74,1,RH3,三連複,2=4=7,410,2
2026-04-15,74,1,RT3,三連単,4-7-2,730,2
2026-04-15,74,1,W,ワイド,4=7,140,1
2026-04-15,74,1,W,ワイド,2=4,210,4
2026-04-15,74,1,W,ワイド,2=7,190,3
2026-04-15,74,2,SH2,二車複,1=2,430,2
2026-04-15,74,2,ST2,二車単,2-1,810,5
2026-04-15,74,2,RH3,三連複,1=2=4,870,5
2026-04-15,74,2,RT3,三連単,2-1-4,3070,11
2026-04-15,74,2,W,ワイド,1=2,230,3
2026-04-15,74,2,W,ワイド,2=4,200,2
2026-04-15,74,2,W,ワイド,1=4,800,10
2026-04-15,74,3,SH2,二車複,1=4,140,1
2026-04-15,74,3,ST2,二車単,4-1,230,1
2026-04-15,74,3,RH3,三連複,1=4=7,930,4
2026-04-15,74,3,RT3,三連単,4-1-7,1470,5
2026-04-15,74,3,W,ワイド,1=4,140,1
2026-04-15,74,3,W,ワイド,4=7,430,6
2026-04-15,74,3,W,ワイド,1=7,640,11
2026-04-15,74,4,SH2,二車複,3=5,100,1
2026-04-15,74,4,ST2,二車単,5-3,150,1
2026-04-15,74,4,RH3,三連複,3=5=7,130,1
2026-04-15,74,4,RT3,三連単,5-3-7,210,1
2026-04-15,74,4,W,ワイド,3=5,100,1
2026-04-15,74,4,W,ワイド,5=7,120,2
2026-04-15,74,4,W,ワイド,3=7,130,3
2026-04-15,74,5,SH2,二車複,3=7,100,1
2026-04-15,74,5,ST2,二車単,7-3,160,1
2026-04-15,74,5,RH3,三連複,1=3=7,170,1
2026-04-15,74,5,RT3,三連単,7-3-1,270,1
2026-04-15,74,5,W,ワイド,3=7,100,1
2026-04-15,74,5,W,ワイド,1=7,150,2
2026-04-15,74,5,W,ワイド,1=3,170,3
2026-04-15,74,6,SH2,二車複,1=7,110,1
2026-04-15,74,6,ST2,二車単,7-1,130,1
2026-04-15,74,6,RH3,三連複,1=3=7,140,1
2026-04-15,74,6,RT3,三連単,7-1-3,250,1
2026-04-15,74,6,W,ワイド,1=7,100,1
2026-04-15,74,6,W,ワイド,3=7,110,2
2026-04-15,74,6,W,ワイド,1=3,110,3
2026-04-15,74,7,SH2,二車複,1=4,100,1
2026-04-15,74,7,ST2,二車単,4-1,120,1
2026-04-15,74,7,RH3,三連複,1=3=4,150,1
2026-04-15,74,7,RT3,三連単,4-1-3,210,1
2026-04-15,74,7,W,ワイド,1=4,100,1
2026-04-15,74,7,W,ワイド,3=4,130,2
2026-04-15,74,7,W,ワイド,1=3,160,3
2026-04-15,81,1,SH2,二車複,1=3,420,2
2026-04-15,81,1,ST2,二車単,1-3,640,2
2026-04-15,81,1,RH3,三連複,1=3=4,610,3
2026-04-15,81,1,RT3,三連単,1-3-4,1910,6
2026-04-15,81,1,W,ワイド,1=3,210,3
2026-04-15,81,1,W,ワイド,1=4,190,2
2026-04-15,81,1,W,ワイド,3=4,350,6
2026-04-15,81,2,SH2,二車複,2=7,23560,17
2026-04-15,81,2,ST2,二車単,2-7,44070,32
2026-04-15,81,2,RH3,三連複,2=5=7,40360,29
2026-04-15,81,2,RT3,三連単,2-7-5,555790,161
2026-04-15,81,2,W,ワイド,2=7,7810,17
2026-04-15,81,2,W,ワイド,2=5,960,9
2026-04-15,81,2,W,ワイド,5=7,8870,20
2026-04-15,81,3,SH2,二車複,1=4,730,2
2026-04-15,81,3,ST2,二車単,1-4,1020,3
2026-04-15,81,3,RH3,三連複,1=2=4,650,3
2026-04-15,81,3,RT3,三連単,1-4-2,3420,7
2026-04-15,81,3,W,ワイド,1=4,220,3
2026-04-15,81,3,W,ワイド,1=2,140,1
2026-04-15,81,3,W,ワイド,2=4,280,5
2026-04-15,81,4,SH2,二車複,1=3,360,1
2026-04-15,81,4,ST2,二車単,1-3,940,4
2026-04-15,81,4,RH3,三連複,1=2=3,430,1
2026-04-15,81,4,RT3,三連単,1-3-2,2590,7
2026-04-15,81,4,W,ワイド,1=3,150,1
2026-04-15,81,4,W,ワイド,1=2,250,4
2026-04-15,81,4,W,ワイド,2=3,170,3
2026-04-15,81,5,SH2,二車複,1=3,1490,6
2026-04-15,81,5,ST2,二車単,1-3,1480,6
2026-04-15,81,5,RH3,三連複,1=2=3,550,2
2026-04-15,81,5,RT3,三連単,1-3-2,3620,11
2026-04-15,81,5,W,ワイド,1=3,290,4
2026-04-15,81,5,W,ワイド,1=2,160,1
2026-04-15,81,5,W,ワイド,2=3,520,9
2026-04-15,81,6,SH2,二車複,1=2,240,1
2026-04-15,81,6,ST2,二車単,1-2,340,1
2026-04-15,81,6,RH3,三連複,1=2=5,1350,6
2026-04-15,81,6,RT3,三連単,1-2-5,3670,12
2026-04-15,81,6,W,ワイド,1=2,210,2
2026-04-15,81,6,W,ワイド,1=5,520,8
2026-04-15,81,6,W,ワイド,2=5,960,11
2026-04-15,81,7,SH2,二車複,2=4,2380,7
2026-04-15,81,7,ST2,二車単,2-4,7430,17
2026-04-15,81,7,RH3,三連複,1=2=4,640,3
2026-04-15,81,7,RT3,三連単,2-4-1,14940,41
2026-04-15,81,7,W,ワイド,2=4,330,5
2026-04-15,81,7,W,ワイド,1=2,170,2
2026-04-15,81,7,W,ワイド,1=4,210,4
2026-04-15,81,8,SH2,二車複,1=4,830,4
2026-04-15,81,8,ST2,二車単,4-1,2890,11
2026-04-15,81,8,RH3,三連複,1=2=4,730,3
2026-04-15,81,8,RT3,三連単,4-1-2,8110,26
2026-04-15,81,8,W,ワイド,1=4,220,4
2026-04-15,81,8,W,ワイド,2=4,340,7
2026-04-15,81,8,W,ワイド,1=2,170,1
2026-04-15,81,9,SH2,二車複,1=4,510,2
2026-04-15,81,9,ST2,二車単,1-4,510,2
2026-04-15,81,9,RH3,三連複,1=4=7,2800,10
2026-04-15,81,9,RT3,三連単,1-4-7,5260,18
2026-04-15,81,9,W,ワイド,1=4,150,1
2026-04-15,81,9,W,ワイド,1=7,550,7
2026-04-15,81,9,W,ワイド,4=7,1610,18
2026-04-15,87,1,SH2,二車複,1=3,1170,4
2026-04-15,87,1,ST2,二車単,3-1,1540,4
2026-04-15,87,1,RH3,三連複,1=3=7,1070,5
2026-04-15,87,1,RT3,三連単,3-1-7,2950,8
2026-04-15,87,1,W,ワイド,1=3,370,4
2026-04-15,87,1,W,ワイド,3=7,250,2
2026-04-15,87,1,W,ワイド,1=7,750,12
2026-04-15,87,2,SH2,二車複,3=5,2110,7
2026-04-15,87,2,ST2,二車単,3-5,3060,12
2026-04-15,87,2,RH3,三連複,3=4=5,840,4
2026-04-15,87,2,RT3,三連単,3-5-4,14350,37
2026-04-15,87,2,W,ワイド,3=5,630,7
2026-04-15,87,2,W,ワイド,3=4,200,3
2026-04-15,87,2,W,ワイド,4=5,330,5
2026-04-15,87,3,SH2,二車複,1=2,1320,4
2026-04-15,87,3,ST2,二車単,2-1,1180,5
2026-04-15,87,3,RH3,三連複,1=2=3,1350,5
2026-04-15,87,3,RT3,三連単,2-1-3,3210,10
2026-04-15,87,3,W,ワイド,1=2,420,4
2026-04-15,87,3,W,ワイド,2=3,200,2
2026-04-15,87,3,W,ワイド,1=3,750,11
2026-04-15,87,4,SH2,二車複,3=5,320,1
2026-04-15,87,4,ST2,二車単,3-5,400,1
2026-04-15,87,4,RH3,三連複,1=3=5,450,1
2026-04-15,87,4,RT3,三連単,3-5-1,1270,3
2026-04-15,87,4,W,ワイド,3=5,160,1
2026-04-15,87,4,W,ワイド,1=3,240,3
2026-04-15,87,4,W,ワイド,1=5,390,8
2026-04-15,87,5,SH2,二車複,1=3,900,2
2026-04-15,87,5,ST2,二車単,3-1,2530,6
2026-04-15,87,5,RH3,三連複,1=3=7,280,1
2026-04-15,87,5,RT3,三連単,3-1-7,4940,13
2026-04-15,87,5,W,ワイド,1=3,200,3
2026-04-15,87,5,W,ワイド,3=7,160,2
2026-04-15,87,5,W,ワイド,1=7,100,1
2026-04-15,87,6,SH2,二車複,3=5,450,2
2026-04-15,87,6,ST2,二車単,3-5,580,2
2026-04-15,87,6,RH3,三連複,1=3=5,710,3
2026-04-15,87,6,RT3,三連単,3-5-1,1580,3
2026-04-15,87,6,W,ワイド,3=5,240,2
2026-04-15,87,6,W,ワイド,1=3,270,4
2026-04-15,87,6,W,ワイド,1=5,460,8
2026-04-15,87,7,SH2,二車複,3=5,1020,4
2026-04-15,87,7,ST2,二車単,3-5,1570,5
2026-04-15,87,7,RH3,三連複,3=5=6,3540,9
2026-04-15,87,7,RT3,三連単,3-5-6,11790,26
2026-04-15,87,7,W,ワイド,3=5,360,5
2026-04-15,87,7,W,ワイド,3=6,1580,13
2026-04-15,87,7,W,ワイド,5=6,1670,14
2026-04-16,11,1,SH2,二車複,1=7,370,1
2026-04-16,11,1,ST2,二車単,7-1,550,2
2026-04-16,11,1,RH3,三連複,1=4=7,2540,8
2026-04-16,11,1,RT3,三連単,7-1-4,5000,19
2026-04-16,11,1,W,ワイド,1=7,170,1
2026-04-16,11,1,W,ワイド,4=7,660,8
2026-04-16,11,1,W,ワイド,1=4,820,10
2026-04-16,11,2,SH2,二車複,3=7,500,3
2026-04-16,11,2,ST2,二車単,3-7,870,4
2026-04-16,11,2,RH3,三連複,3=4=7,3590,11
2026-04-16,11,2,RT3,三連単,3-7-4,6330,21
2026-04-16,11,2,W,ワイド,3=7,250,3
2026-04-16,11,2,W,ワイド,3=4,720,11
2026-04-16,11,2,W,ワイド,4=7,1000,13
2026-04-16,11,3,SH2,二車複,1=4,950,5
2026-04-16,11,3,ST2,二車単,4-1,2670,14
2026-04-16,11,3,RH3,三連複,1=4=5,2510,12
2026-04-16,11,3,RT3,三連単,4-1-5,10510,52
2026-04-16,11,3,W,ワイド,1=4,260,3
2026-04-16,11,3,W,ワイド,4=5,1180,18
2026-04-16,11,3,W,ワイド,1=5,260,2
2026-04-16,11,4,SH2,二車複,1=3,1000,4
2026-04-16,11,4,ST2,二車単,1-3,1720,4
2026-04-16,11,4,RH3,三連複,1=3=4,640,3
2026-04-16,11,4,RT3,三連単,1-3-4,4290,12
2026-04-16,11,4,W,ワイド,1=3,210,2
2026-04-16,11,4,W,ワイド,1=4,130,1
2026-04-16,11,4,W,ワイド,3=4,220,4
2026-04-16,11,5,SH2,二車複,1=4,170,1
2026-04-16,11,5,ST2,二車単,4-1,250,1
2026-04-16,11,5,RH3,三連複,1=4=6,590,3
2026-04-16,11,5,RT3,三連単,4-1-6,1620,5
2026-04-16,11,5,W,ワイド,1=4,110,1
2026-04-16,11,5,W,ワイド,4=6,600,10
2026-04-16,11,5,W,ワイド,1=6,620,11
2026-04-16,11,6,SH2,二車複,1=4,640,2
2026-04-16,11,6,ST2,二車単,1-4,1500,6
2026-04-16,11,6,RH3,三連複,1=3=4,1900,6
2026-04-16,11,6,RT3,三連単,1-4-3,6440,21
2026-04-16,11,6,W,ワイド,1=4,250,2
2026-04-16,11,6,W,ワイド,1=3,820,11
2026-04-16,11,6,W,ワイド,3=4,1230,15
2026-04-16,11,7,SH2,二車複,1=7,3590,13
2026-04-16,11,7,ST2,二車単,1-7,8410,28
2026-04-16,11,7,RH3,三連複,1=6=7,4510,17
2026-04-16,11,7,RT3,三連単,1-7-6,40410,125
2026-04-16,11,7,W,ワイド,1=7,810,10
2026-04-16,11,7,W,ワイド,1=6,660,8
2026-04-16,11,7,W,ワイド,6=7,1250,17
2026-04-16,11,8,SH2,二車複,5=7,1710,7
2026-04-16,11,8,ST2,二車単,7-5,3290,14
2026-04-16,11,8,RH3,三連複,5=6=7,16400,30
2026-04-16,11,8,RT3,三連単,7-5-6,58370,139
2026-04-16,11,8,W,ワイド,5=7,650,8
2026-04-16,11,8,W,ワイド,6=7,2390,19
2026-04-16,11,8,W,ワイド,5=6,2290,18
2026-04-16,11,9,SH2,二車複,1=7,880,5
2026-04-16,11,9,ST2,二車単,1-7,1680,7
2026-04-16,11,9,RH3,三連複,1=5=7,720,2
2026-04-16,11,9,RT3,三連単,1-7-5,2450,1
2026-04-16,11,9,W,ワイド,1=7,550,9
2026-04-16,11,9,W,ワイド,1=5,300,3
2026-04-16,11,9,W,ワイド,5=7,730,11
2026-04-16,11,10,SH2,二車複,1=5,290,1
2026-04-16,11,10,ST2,二車単,5-1,710,4
2026-04-16,11,10,RH3,三連複,1=5=7,980,3
2026-04-16,11,10,RT3,三連単,5-1-7,3730,13
2026-04-16,11,10,W,ワイド,1=5,170,2
2026-04-16,11,10,W,ワイド,5=7,420,6
2026-04-16,11,10,W,ワイド,1=7,310,5
2026-04-16,11,11,SH2,二車複,2=7,270,1
2026-04-16,11,11,ST2,二車単,2-7,640,2
2026-04-16,11,11,RH3,三連複,2=6=7,930,4
2026-04-16,11,11,RT3,三連単,2-7-6,2450,7
2026-04-16,11,11,W,ワイド,2=7,160,1
2026-04-16,11,11,W,ワイド,2=6,870,12
2026-04-16,11,11,W,ワイド,6=7,550,7
2026-04-16,11,12,SH2,二車複,1=7,1180,4
2026-04-16,11,12,ST2,二車単,1-7,1860,6
2026-04-16,11,12,RH3,三連複,1=3=7,330,1
2026-04-16,11,12,RT3,三連単,1-7-3,3250,9
2026-04-16,11,12,W,ワイド,1=7,220,3
2026-04-16,11,12,W,ワイド,1=3,170,2
2026-04-16,11,12,W,ワイド,3=7,120,1
2026-04-16,43,1,SH2,二車複,2=7,3010,7
2026-04-16,43,1,ST2,二車単,2-7,3160,8
2026-04-16,43,1,RH3,三連複,2=5=7,8780,15
2026-04-16,43,1,RT3,三連単,2-7-5,30190,48
2026-04-16,43,1,W,ワイド,2=7,1230,9
2026-04-16,43,1,W,ワイド,2=5,750,6
2026-04-16,43,1,W,ワイド,5=7,6220,20
2026-04-16,43,2,SH2,二車複,1=4,380,2
2026-04-16,43,2,ST2,二車単,1-4,450,2
2026-04-16,43,2,RH3,三連複,1=2=4,200,1
2026-04-16,43,2,RT3,三連単,1-4-2,620,3
2026-04-16,43,2,W,ワイド,1=4,110,2
2026-04-16,43,2,W,ワイド,1=2,100,1
2026-04-16,43,2,W,ワイド,2=4,220,4
2026-04-16,43,3,SH2,二車複,4=5,530,2
2026-04-16,43,3,ST2,二車単,4-5,890,3
2026-04-16,43,3,RH3,三連複,2=4=5,1210,5
2026-04-16,43,3,RT3,三連単,4-5-2,2450,7
2026-04-16,43,3,W,ワイド,4=5,300,4
2026-04-16,43,3,W,ワイド,2=4,330,5
2026-04-16,43,3,W,ワイド,2=5,410,8
2026-04-16,43,4,SH2,二車複,1=2,230,1
2026-04-16,43,4,ST2,二車単,2-1,530,2
2026-04-16,43,4,RH3,三連複,1=2=5,1060,4
2026-04-16,43,4,RT3,三連単,2-1-5,4280,12
2026-04-16,43,4,W,ワイド,1=2,130,1
2026-04-16,43,4,W,ワイド,2=5,580,10
2026-04-16,43,4,W,ワイド,1=5,650,11
2026-04-16,43,5,SH2,二車複,1=2,540,2
2026-04-16,43,5,ST2,二車単,1-2,590,3
2026-04-16,43,5,RH3,三連複,1=2=3,200,1
2026-04-16,43,5,RT3,三連単,1-2-3,1010,3
2026-04-16,43,5,W,ワイド,1=2,150,1
2026-04-16,43,5,W,ワイド,1=3,150,2
2026-04-16,43,5,W,ワイド,2=3,190,4
2026-04-16,43,6,SH2,二車複,3=5,4680,11
2026-04-16,43,6,ST2,二車単,5-3,12880,29
2026-04-16,43,6,RH3,三連複,3=4=5,4520,12
2026-04-16,43,6,RT3,三連単,5-3-4,68960,124
2026-04-16,43,6,W,ワイド,3=5,690,8
2026-04-16,43,6,W,ワイド,4=5,2070,19
2026-04-16,43,6,W,ワイド,3=4,490,7
2026-04-16,43,7,SH2,二車複,2=5,330,1
2026-04-16,43,7,ST2,二車単,2-5,510,1
2026-04-16,43,7,RH3,三連複,2=5=7,610,1
2026-04-16,43,7,RT3,三連単,2-5-7,1340,1
2026-04-16,43,7,W,ワイド,2=5,170,1
2026-04-16,43,7,W,ワイド,2=7,280,5
2026-04-16,43,7,W,ワイド,5=7,370,6
2026-04-16,43,8,SH2,二車複,2=3,970,5
2026-04-16,43,8,ST2,二車単,2-3,1640,5
2026-04-16,43,8,RH3,三連複,1=2=3,340,2
2026-04-16,43,8,RT3,三連単,2-3-1,2920,9
2026-04-16,43,8,W,ワイド,2=3,230,5
2026-04-16,43,8,W,ワイド,1=2,120,1
2026-04-16,43,8,W,ワイド,1=3,200,3
2026-04-16,43,9,SH2,二車複,1=6,500,2
2026-04-16,43,9,ST2,二車単,1-6,670,2
2026-04-16,43,9,RH3,三連複,1=3=6,740,3
2026-04-16,43,9,RT3,三連単,1-6-3,2390,8
2026-04-16,43,9,W,ワイド,1=6,160,2
2026-04-16,43,9,W,ワイド,1=3,150,1
2026-04-16,43,9,W,ワイド,3=6,290,5
2026-04-16,74,1,SH2,二車複,1=2,1090,5
2026-04-16,74,1,ST2,二車単,1-2,1340,6
2026-04-16,74,1,RH3,三連複,1=2=5,1290,6
2026-04-16,74,1,RT3,三連単,1-2-5,3460,13
2026-04-16,74,1,W,ワイド,1=2,390,5
2026-04-16,74,1,W,ワイド,1=5,590,8
2026-04-16,74,1,W,ワイド,2=5,650,10
2026-04-16,74,2,SH2,二車複,1=4,180,1
2026-04-16,74,2,ST2,二車単,4-1,270,1
2026-04-16,74,2,RH3,三連複,1=3=4,600,2
2026-04-16,74,2,RT3,三連単,4-1-3,1420,3
2026-04-16,74,2,W,ワイド,1=4,120,1
2026-04-16,74,2,W,ワイド,3=4,210,4
2026-04-16,74,2,W,ワイド,1=3,370,6
2026-04-16,74,3,SH2,二車複,3=6,210,1
2026-04-16,74,3,ST2,二車単,3-6,500,1
2026-04-16,74,3,RH3,三連複,3=5=6,980,3
2026-04-16,74,3,RT3,三連単,3-6-5,3170,7
2026-04-16,74,3,W,ワイド,3=6,190,1
2026-04-16,74,3,W,ワイド,3=5,310,4
2026-04-16,74,3,W,ワイド,5=6,670,10
2026-04-16,74,4,SH2,二車複,3=5,460,3
2026-04-16,74,4,ST2,二車単,5-3,990,4
2026-04-16,74,4,RH3,三連複,3=4=5,1850,5
2026-04-16,74,4,RT3,三連単,5-3-4,8760,24
2026-04-16,74,4,W,ワイド,3=5,210,3
2026-04-16,74,4,W,ワイド,4=5,920,11
2026-04-16,74,4,W,ワイド,3=4,380,6
2026-04-16,74,5,SH2,二車複,2=3,730,4
2026-04-16,74,5,ST2,二車単,3-2,760,5
2026-04-16,74,5,RH3,三連複,1=2=3,400,1
2026-04-16,74,5,RT3,三連単,3-2-1,2720,10
2026-04-16,74,5,W,ワイド,2=3,240,4
2026-04-16,74,5,W,ワイド,1=3,140,1
2026-04-16,74,5,W,ワイド,1=2,310,6
2026-04-16,74,6,SH2,二車複,2=4,330,1
2026-04-16,74,6,ST2,二車単,4-2,630,3
2026-04-16,74,6,RH3,三連複,2=4=7,1200,5
2026-04-16,74,6,RT3,三連単,4-2-7,3610,14
2026-04-16,74,6,W,ワイド,2=4,220,4
2026-04-16,74,6,W,ワイド,4=7,490,6
2026-04-16,74,6,W,ワイド,2=7,280,5
2026-04-16,74,7,SH2,二車複,1=5,430,3
2026-04-16,74,7,ST2,二車単,1-5,300,1
2026-04-16,74,7,RH3,三連複,1=2=5,1730,8
2026-04-16,74,7,RT3,三連単,1-5-2,2720,13
2026-04-16,74,7,W,ワイド,1=5,230,2
2026-04-16,74,7,W,ワイド,1=2,360,5
2026-04-16,74,7,W,ワイド,2=5,1610,16
2026-04-16,87,1,SH2,二車複,2=6,5230,10
2026-04-16,87,1,ST2,二車単,6-2,27670,31
2026-04-16,87,1,RH3,三連複,2=4=6,490,2
2026-04-16,87,1,RT3,三連単,6-2-4,37850,71
2026-04-16,87,1,W,ワイド,2=6,390,8
2026-04-16,87,1,W,ワイド,4=6,360,7
2026-04-16,87,1,W,ワイド,2=4,150,1
2026-04-16,87,2,SH2,二車複,3=6,2830,9
2026-04-16,87,2,ST2,二車単,3-6,6950,19
2026-04-16,87,2,RH3,三連複,3=6=7,4880,12
2026-04-16,87,2,RT3,三連単,3-6-7,39710,78
2026-04-16,87,2,W,ワイド,3=6,1530,14
2026-04-16,87,2,W,ワイド,3=7,1510,13
2026-04-16,87,2,W,ワイド,6=7,920,8
2026-04-16,87,3,SH2,二車複,4=7,20460,21
2026-04-16,87,3,ST2,二車単,4-7,49970,41
2026-04-16,87,3,RH3,三連複,4=5=7,17170,29
2026-04-16,87,3,RT3,三連単,4-7-5,236970,183
2026-04-16,87,3,W,ワイド,4=7,4000,21
2026-04-16,87,3,W,ワイド,4=5,270,3
2026-04-16,87,3,W,ワイド,5=7,2310,19
2026-04-16,87,4,SH2,二車複,3=5,630,3
2026-04-16,87,4,ST2,二車単,3-5,1780,7
2026-04-16,87,4,RH3,三連複,2=3=5,540,1
2026-04-16,87,4,RT3,三連単,3-5-2,5130,16
2026-04-16,87,4,W,ワイド,3=5,190,1
2026-04-16,87,4,W,ワイド,2=3,370,6
2026-04-16,87,4,W,ワイド,2=5,200,3
2026-04-16,87,5,SH2,二車複,4=7,150,1
2026-04-16,87,5,ST2,二車単,7-4,230,1
2026-04-16,87,5,RH3,三連複,1=4=7,1030,5
2026-04-16,87,5,RT3,三連単,7-4-1,3790,9
2026-04-16,87,5,W,ワイド,4=7,130,1
2026-04-16,87,5,W,ワイド,1=7,570,10
2026-04-16,87,5,W,ワイド,1=4,480,9
2026-04-16,87,6,SH2,二車複,1=7,120,1
2026-04-16,87,6,ST2,二車単,7-1,280,2
2026-04-16,87,6,RH3,三連複,1=3=7,190,1
2026-04-16,87,6,RT3,三連単,7-1-3,510,1
2026-04-16,87,6,W,ワイド,1=7,100,1
2026-04-16,87,6,W,ワイド,3=7,190,2
2026-04-16,87,6,W,ワイド,1=3,190,3
2026-04-16,87,7,SH2,二車複,4=5,1580,6
2026-04-16,87,7,ST2,二車単,4-5,2440,8
2026-04-16,87,7,RH3,三連複,1=4=5,660,4
2026-04-16,87,7,RT3,三連単,4-5-1,7550,27
2026-04-16,87,7,W,ワイド,4=5,390,6
2026-04-16,87,7,W,ワイド,1=4,170,1
2026-04-16,87,7,W,ワイド,1=5,480,7
2026-04-17,11,1,SH2,二車複,4=7,1210,6
2026-04-17,11,1,ST2,二車単,7-4,2070,8
2026-04-17,11,1,RH3,三連複,2=4=7,620,2
2026-04-17,11,1,RT3,三連単,7-4-2,4580,14
2026-04-17,11,1,W,ワイド,4=7,390,6
2026-04-17,11,1,W,ワイド,2=7,250,4
2026-04-17,11,1,W,ワイド,2=4,200,3
2026-04-17,11,2,SH2,二車複,1=4,1400,6
2026-04-17,11,2,ST2,二車単,4-1,2880,10
2026-04-17,11,2,RH3,三連複,1=4=6,2540,9
2026-04-17,11,2,RT3,三連単,4-1-6,10460,37
2026-04-17,11,2,W,ワイド,1=4,660,7
2026-04-17,11,2,W,ワイド,4=6,1900,18
2026-04-17,11,2,W,ワイド,1=6,1210,11
2026-04-17,11,3,SH2,二車複,2=7,1560,8
2026-04-17,11,3,ST2,二車単,7-2,4230,19
2026-04-17,11,3,RH3,三連複,2=3=7,1550,8
2026-04-17,11,3,RT3,三連単,7-2-3,11010,52
2026-04-17,11,3,W,ワイド,2=7,400,4
2026-04-17,11,3,W,ワイド,3=7,410,5
2026-04-17,11,3,W,ワイド,2=3,520,10
2026-04-17,11,4,SH2,二車複,1=3,1840,7
2026-04-17,11,4,ST2,二車単,3-1,3480,14
2026-04-17,11,4,RH3,三連複,1=2=3,8330,26
2026-04-17,11,4,RT3,三連単,3-1-2,24860,83
2026-04-17,11,4,W,ワイド,1=3,660,9
2026-04-17,11,4,W,ワイド,2=3,1440,15
2026-04-17,11,4,W,ワイド,1=2,1510,17
2026-04-17,11,5,SH2,二車複,4=5,840,3
2026-04-17,11,5,ST2,二車単,4-5,1170,2
2026-04-17,11,5,RH3,三連複,2=4=5,590,2
2026-04-17,11,5,RT3,三連単,4-5-2,5340,15
2026-04-17,11,5,W,ワイド,4=5,260,3
2026-04-17,11,5,W,ワイド,2=4,270,4
2026-04-17,11,5,W,ワイド,2=5,370,5
2026-04-17,11,6,SH2,二車複,2=7,280,1
2026-04-17,11,6,ST2,二車単,7-2,520,1
2026-04-17,11,6,RH3,三連複,2=4=7,420,1
2026-04-17,11,6,RT3,三連単,7-2-4,840,1
2026-04-17,11,6,W,ワイド,2=7,200,1
2026-04-17,11,6,W,ワイド,4=7,370,6
2026-04-17,11,6,W,ワイド,2=4,250,5
2026-04-17,11,7,SH2,二車複,2=4,360,1
2026-04-17,11,7,ST2,二車単,4-2,550,1
2026-04-17,11,7,RH3,三連複,2=4=5,1360,6
2026-04-17,11,7,RT3,三連単,4-2-5,2970,7
2026-04-17,11,7,W,ワイド,2=4,170,1
2026-04-17,11,7,W,ワイド,4=5,550,8
2026-04-17,11,7,W,ワイド,2=5,760,12
2026-04-17,11,8,SH2,二車複,4=6,1230,7
2026-04-17,11,8,ST2,二車単,6-4,2020,8
2026-04-17,11,8,RH3,三連複,1=4=6,600,1
2026-04-17,11,8,RT3,三連単,6-4-1,3690,9
2026-04-17,11,8,W,ワイド,4=6,390,5
2026-04-17,11,8,W,ワイド,1=6,290,4
2026-04-17,11,8,W,ワイド,1=4,400,6
2026-04-17,11,9,SH2,二車複,5=7,610,2
2026-04-17,11,9,ST2,二車単,5-7,1840,4
2026-04-17,11,9,RH3,三連複,4=5=7,3930,10
2026-04-17,11,9,RT3,三連単,5-7-4,16040,37
2026-04-17,11,9,W,ワイド,5=7,310,3
2026-04-17,11,9,W,ワイド,4=5,970,12
2026-04-17,11,9,W,ワイド,4=7,330,4
2026-04-17,11,10,SH2,二車複,1=6,2310,8
2026-04-17,11,10,ST2,二車単,1-6,3600,10
2026-04-17,11,10,RH3,三連複,1=5=6,2270,7
2026-04-17,11,10,RT3,三連単,1-6-5,12390,30
2026-04-17,11,10,W,ワイド,1=6,730,11
2026-04-17,11,10,W,ワイド,1=5,150,1
2026-04-17,11,10,W,ワイド,5=6,1180,15
2026-04-17,11,11,SH2,二車複,2=4,2230,9
2026-04-17,11,11,ST2,二車単,2-4,3960,16
2026-04-17,11,11,RH3,三連複,2=3=4,2440,11
2026-04-17,11,11,RT3,三連単,2-4-3,10520,44
2026-04-17,11,11,W,ワイド,2=4,630,10
2026-04-17,11,11,W,ワイド,2=3,530,7
2026-04-17,11,11,W,ワイド,3=4,1360,17
2026-04-17,11,12,SH2,二車複,1=4,940,3
2026-04-17,11,12,ST2,二車単,1-4,2320,12
2026-04-17,11,12,RH3,三連複,1=4=7,720,1
2026-04-17,11,12,RT3,三連単,1-4-7,4780,7
2026-04-17,11,12,W,ワイド,1=4,310,2
2026-04-17,11,12,W,ワイド,1=7,240,1
2026-04-17,11,12,W,ワイド,4=7,330,4
2026-04-17,25,1,SH2,二車複,1=6,1090,4
2026-04-17,25,1,ST2,二車単,1-6,1610,5
2026-04-17,25,1,RH3,三連複,1=5=6,2090,9
2026-04-17,25,1,RT3,三連単,1-6-5,3240,8
2026-04-17,25,1,W,ワイド,1=6,610,10
2026-04-17,25,1,W,ワイド,1=5,470,7
2026-04-17,25,1,W,ワイド,5=6,1680,17
2026-04-17,25,2,SH2,二車複,2=4,1390,2
2026-04-17,25,2,ST2,二車単,4-2,1690,3
2026-04-17,25,2,RH3,三連複,2=4=5,2010,5
2026-04-17,25,2,RT3,三連単,4-2-5,4210,11
2026-04-17,25,2,W,ワイド,2=4,830,4
2026-04-17,25,2,W,ワイド,4=5,1570,6
2026-04-17,25,2,W,ワイド,2=5,2110,7
2026-04-17,25,3,SH2,二車複,3=5,130,1
2026-04-17,25,3,ST2,二車単,5-3,120,1
2026-04-17,25,3,RH3,三連複,3=4=5,140,1
2026-04-17,25,3,RT3,三連単,5-3-4,160,1
2026-04-17,25,3,W,ワイド,3=5,100,1
2026-04-17,25,3,W,ワイド,4=5,110,2
2026-04-17,25,3,W,ワイド,3=4,140,3
2026-04-17,25,4,SH2,二車複,1=5,110,1
2026-04-17,25,4,ST2,二車単,1-5,120,1
2026-04-17,25,4,RH3,三連複,1=2=5,1280,3
2026-04-17,25,4,RT3,三連単,1-5-2,1120,3
2026-04-17,25,4,W,ワイド,1=5,100,1
2026-04-17,25,4,W,ワイド,1=2,460,7
2026-04-17,25,4,W,ワイド,2=5,520,9
2026-04-17,25,5,SH2,二車複,3=6,170,1
2026-04-17,25,5,ST2,二車単,3-6,200,1
2026-04-17,25,5,RH3,三連複,2=3=6,140,1
2026-04-17,25,5,RT3,三連単,3-6-2,300,1
2026-04-17,25,5,W,ワイド,3=6,100,1
2026-04-17,25,5,W,ワイド,2=3,130,2
2026-04-17,25,5,W,ワイド,2=6,170,3
2026-04-17,25,6,SH2,二車複,1=4,540,2
2026-04-17,25,6,ST2,二車単,1-4,520,2
2026-04-17,25,6,RH3,三連複,1=4=7,270,2
2026-04-17,25,6,RT3,三連単,1-4-7,840,5
2026-04-17,25,6,W,ワイド,1=4,180,3
2026-04-17,25,6,W,ワイド,1=7,100,1
2026-04-17,25,6,W,ワイド,4=7,220,5
2026-04-17,25,7,SH2,二車複,1=3,2170,8
2026-04-17,25,7,ST2,二車単,1-3,5820,18
2026-04-17,25,7,RH3,三連複,1=3=4,470,2
2026-04-17,25,7,RT3,三連単,1-3-4,8220,27
2026-04-17,25,7,W,ワイド,1=3,340,5
2026-04-17,25,7,W,ワイド,1=4,440,9
2026-04-17,25,7,W,ワイド,3=4,140,1
2026-04-17,25,8,SH2,二車複,1=4,220,1
2026-04-17,25,8,ST2,二車単,4-1,410,2
2026-04-17,25,8,RH3,三連複,1=2=4,1550,7
2026-04-17,25,8,RT3,三連単,4-1-2,3900,15
2026-04-17,25,8,W,ワイド,1=4,160,1
2026-04-17,25,8,W,ワイド,2=4,560,11
2026-04-17,25,8,W,ワイド,1=2,580,12
2026-04-17,25,9,SH2,二車複,1=5,120,1
2026-04-17,25,9,ST2,二車単,1-5,160,1
2026-04-17,25,9,RH3,三連複,1=4=5,130,1
2026-04-17,25,9,RT3,三連単,1-5-4,180,1
2026-04-17,25,9,W,ワイド,1=5,100,1
2026-04-17,25,9,W,ワイド,1=4,110,2
2026-04-17,25,9,W,ワイド,4=5,120,3
2026-04-17,25,10,SH2,二車複,1=7,110,1
2026-04-17,25,10,ST2,二車単,7-1,440,2
2026-04-17,25,10,RH3,三連複,1=5=7,120,1
2026-04-17,25,10,RT3,三連単,7-1-5,550,2
2026-04-17,25,10,W,ワイド,1=7,100,1
2026-04-17,25,10,W,ワイド,5=7,140,3
2026-04-17,25,10,W,ワイド,1=5,110,2
2026-04-17,25,11,SH2,二車複,3=7,2700,10
2026-04-17,25,11,ST2,二車単,3-7,5560,22
2026-04-17,25,11,RH3,三連複,2=3=7,2910,15
2026-04-17,25,11,RT3,三連単,3-7-2,40520,127
2026-04-17,25,11,W,ワイド,3=7,550,8
2026-04-17,25,11,W,ワイド,2=3,1660,20
2026-04-17,25,11,W,ワイド,2=7,280,3
2026-04-17,31,1,SH2,二車複,1=3,290,2
2026-04-17,31,1,ST2,二車単,1-3,340,2
2026-04-17,31,1,RH3,三連複,1=3=4,1150,4
2026-04-17,31,1,RT3,三連単,1-3-4,1430,5
2026-04-17,31,1,W,ワイド,1=3,130,2
2026-04-17,31,1,W,ワイド,1=4,290,4
2026-04-17,31,1,W,ワイド,3=4,1040,10
2026-04-17,31,2,SH2,二車複,1=3,280,2
2026-04-17,31,2,ST2,二車単,1-3,290,1
2026-04-17,31,2,RH3,三連複,1=3=7,4710,11
2026-04-17,31,2,RT3,三連単,1-3-7,5800,17
2026-04-17,31,2,W,ワイド,1=3,160,1
2026-04-17,31,2,W,ワイド,1=7,870,9
2026-04-17,31,2,W,ワイド,3=7,2950,17
2026-04-17,31,3,SH2,二車複,1=2,210,1
2026-04-17,31,3,ST2,二車単,2-1,770,2
2026-04-17,31,3,RH3,三連複,1=2=4,390,1
2026-04-17,31,3,RT3,三連単,2-1-4,1510,3
2026-04-17,31,3,W,ワイド,1=2,150,1
2026-04-17,31,3,W,ワイド,2=4,260,5
2026-04-17,31,3,W,ワイド,1=4,320,6
2026-04-17,31,4,SH2,二車複,1=3,2270,5
2026-04-17,31,4,ST2,二車単,1-3,2540,7
2026-04-17,31,4,RH3,三連複,1=2=3,1690,6
2026-04-17,31,4,RT3,三連単,1-3-2,8950,24
2026-04-17,31,4,W,ワイド,1=3,600,9
2026-04-17,31,4,W,ワイド,1=2,250,4
2026-04-17,31,4,W,ワイド,2=3,650,11
2026-04-17,31,5,SH2,二車複,1=3,240,1
2026-04-17,31,5,ST2,二車単,1-3,320,1
2026-04-17,31,5,RH3,三連複,1=2=3,570,2
2026-04-17,31,5,RT3,三連単,1-3-2,1230,3
2026-04-17,31,5,W,ワイド,1=3,160,2
2026-04-17,31,5,W,ワイド,1=2,160,3
2026-04-17,31,5,W,ワイド,2=3,420,6
2026-04-17,31,6,SH2,二車複,1=2,190,1
2026-04-17,31,6,ST2,二車単,2-1,640,3
2026-04-17,31,6,RH3,三連複,1=2=4,220,1
2026-04-17,31,6,RT3,三連単,2-1-4,1760,4
2026-04-17,31,6,W,ワイド,1=2,120,1
2026-04-17,31,6,W,ワイド,2=4,180,3
2026-04-17,31,6,W,ワイド,1=4,150,2
2026-04-17,31,7,SH2,二車複,1=2,450,2
2026-04-17,31,7,ST2,二車単,1-2,660,2
2026-04-17,31,7,RH3,三連複,1=2=3,550,3
2026-04-17,31,7,RT3,三連単,1-2-3,1970,7
2026-04-17,31,7,W,ワイド,1=2,150,1
2026-04-17,31,7,W,ワイド,1=3,350,7
2026-04-17,31,7,W,ワイド,2=3,230,4
2026-04-17,31,8,SH2,二車複,3=5,3140,8
2026-04-17,31,8,ST2,二車単,3-5,4770,14
2026-04-17,31,8,RH3,三連複,3=4=5,930,4
2026-04-17,31,8,RT3,三連単,3-5-4,10390,33
2026-04-17,31,8,W,ワイド,3=5,440,7
2026-04-17,31,8,W,ワイド,3=4,130,1
2026-04-17,31,8,W,ワイド,4=5,510,8
2026-04-17,31,9,SH2,二車複,1=2,130,1
2026-04-17,31,9,ST2,二車単,1-2,150,1
2026-04-17,31,9,RH3,三連複,1=2=3,310,1
2026-04-17,31,9,RT3,三連単,1-2-3,390,1
2026-04-17,31,9,W,ワイド,1=2,100,1
2026-04-17,31,9,W,ワイド,1=3,190,2
2026-04-17,31,9,W,ワイド,2=3,270,5
2026-04-17,45,1,SH2,二車複,4=5,400,1
2026-04-17,45,1,ST2,二車単,5-4,820,2
2026-04-17,45,1,RH3,三連複,1=4=5,1240,6
2026-04-17,45,1,RT3,三連単,5-4-1,3640,7
2026-04-17,45,1,W,ワイド,4=5,190,1
2026-04-17,45,1,W,ワイド,1=5,370,7
2026-04-17,45,1,W,ワイド,1=4,660,11
2026-04-17,45,2,SH2,二車複,2=7,2330,8
2026-04-17,45,2,ST2,二車単,2-7,3370,9
2026-04-17,45,2,RH3,三連複,1=2=7,1100,4
2026-04-17,45,2,RT3,三連単,2-7-1,12880,28
2026-04-17,45,2,W,ワイド,2=7,820,10
2026-04-17,45,2,W,ワイド,1=2,330,4
2026-04-17,45,2,W,ワイド,1=7,580,6
2026-04-17,45,3,SH2,二車複,3=7,2400,8
2026-04-17,45,3,ST2,二車単,3-7,4330,15
2026-04-17,45,3,RH3,三連複,3=4=7,6700,23
2026-04-17,45,3,RT3,三連単,3-7-4,27670,81
2026-04-17,45,3,W,ワイド,3=7,500,7
2026-04-17,45,3,W,ワイド,3=4,1630,17
2026-04-17,45,3,W,ワイド,4=7,520,10
2026-04-17,45,4,SH2,二車複,2=7,440,3
2026-04-17,45,4,ST2,二車単,2-7,580,2
2026-04-17,45,4,RH3,三連複,1=2=7,260,1
2026-04-17,45,4,RT3,三連単,2-7-1,1030,2
2026-04-17,45,4,W,ワイド,2=7,150,1
2026-04-17,45,4,W,ワイド,1=2,170,2
2026-04-17,45,4,W,ワイド,1=7,180,3
2026-04-17,45,5,SH2,二車複,1=5,190,1
2026-04-17,45,5,ST2,二車単,1-5,340,1
2026-04-17,45,5,RH3,三連複,1=2=5,740,4
2026-04-17,45,5,RT3,三連単,1-5-2,3810,16
2026-04-17,45,5,W,ワイド,1=5,140,1
2026-04-17,45,5,W,ワイド,1=2,330,7
2026-04-17,45,5,W,ワイド,2=5,390,8
2026-04-17,45,6,SH2,二車複,2=5,170,1
2026-04-17,45,6,ST2,二車単,5-2,430,2
2026-04-17,45,6,RH3,三連複,2=3=5,220,1
2026-04-17,45,6,RT3,三連単,5-2-3,1010,4
2026-04-17,45,6,W,ワイド,2=5,120,1
2026-04-17,45,6,W,ワイド,3=5,190,4
2026-04-17,45,6,W,ワイド,2=3,190,5
2026-04-17,45,7,SH2,二車複,3=5,1990,9
2026-04-17,45,7,ST2,二車単,3-5,3750,15
2026-04-17,45,7,RH3,三連複,2=3=5,1370,5
2026-04-17,45,7,RT3,三連単,3-5-2,16620,60
2026-04-17,45,7,W,ワイド,3=5,490,9
2026-04-17,45,7,W,ワイド,2=3,320,4
2026-04-17,45,7,W,ワイド,2=5,240,3
2026-04-17,45,8,SH2,二車複,1=5,350,2
2026-04-17,45,8,ST2,二車単,1-5,690,3
2026-04-17,45,8,RH3,三連複,1=5=6,2220,9
2026-04-17,45,8,RT3,三連単,1-5-6,4640,15
2026-04-17,45,8,W,ワイド,1=5,140,1
2026-04-17,45,8,W,ワイド,1=6,670,8
2026-04-17,45,8,W,ワイド,5=6,1100,17
2026-04-17,45,9,SH2,二車複,1=7,350,2
2026-04-17,45,9,ST2,二車単,1-7,510,2
2026-04-17,45,9,RH3,三連複,1=5=7,170,1
2026-04-17,45,9,RT3,三連単,1-7-5,640,2
2026-04-17,45,9,W,ワイド,1=7,120,1
2026-04-17,45,9,W,ワイド,1=5,120,2
2026-04-17,45,9,W,ワイド,5=7,150,3
2026-04-17,45,10,SH2,二車複,4=5,560,3
2026-04-17,45,10,ST2,二車単,5-4,1390,8
2026-04-17,45,10,RH3,三連複,2=4=5,520,1
2026-04-17,45,10,RT3,三連単,5-4-2,4290,18
2026-04-17,45,10,W,ワイド,4=5,190,2
2026-04-17,45,10,W,ワイド,2=5,170,1
2026-04-17,45,10,W,ワイド,2=4,210,3
2026-04-17,45,11,SH2,二車複,4=7,320,2
2026-04-17,45,11,ST2,二車単,4-7,530,2
2026-04-17,45,11,RH3,三連複,1=4=7,290,2
2026-04-17,45,11,RH3,三連複,4=6=7,1270,9
2026-04-17,45,11,RT3,三連単,4-7-1,1040,6
2026-04-17,45,11,RT3,三連単,4-7-6,4990,33
2026-04-17,45,11,W,ワイド,4=7,120,1
2026-04-17,45,11,W,ワイド,1=4,190,5
2026-04-17,45,11,W,ワイド,4=6,620,15
2026-04-17,45,11,W,ワイド,1=7,170,3
2026-04-17,45,11,W,ワイド,6=7,470,13
2026-04-17,45,12,SH2,二車複,5=7,2840,9
2026-04-17,45,12,ST2,二車単,7-5,11940,22
2026-04-17,45,12,RH3,三連複,3=5=7,7050,20
2026-04-17,45,12,RT3,三連単,7-5-3,56790,102
2026-04-17,45,12,W,ワイド,5=7,490,7
2026-04-17,45,12,W,ワイド,3=7,1100,14
2026-04-17,45,12,W,ワイド,3=5,460,6
2026-04-17,74,1,SH2,二車複,1=3,1280,4
2026-04-17,74,1,ST2,二車単,1-3,3580,10
2026-04-17,74,1,RH3,三連複,1=3=4,1230,4
2026-04-17,74,1,RT3,三連単,1-3-4,14590,34
2026-04-17,74,1,W,ワイド,1=3,360,5
2026-04-17,74,1,W,ワイド,1=4,620,8
2026-04-17,74,1,W,ワイド,3=4,250,2
2026-04-17,74,2,SH2,二車複,4=5,330,1
2026-04-17,74,2,ST2,二車単,5-4,600,1
2026-04-17,74,2,RH3,三連複,4=5=6,1240,5
2026-04-17,74,2,RT3,三連単,5-4-6,6300,17
2026-04-17,74,2,W,ワイド,4=5,180,1
2026-04-17,74,2,W,ワイド,5=6,330,6
2026-04-17,74,2,W,ワイド,4=6,330,5
2026-04-17,74,3,SH2,二車複,3=6,1370,6
2026-04-17,74,3,ST2,二車単,3-6,2090,10
2026-04-17,74,3,RH3,三連複,2=3=6,2690,12
2026-04-17,74,3,RT3,三連単,3-6-2,10120,38
2026-04-17,74,3,W,ワイド,3=6,580,10
2026-04-17,74,3,W,ワイド,2=3,190,1
2026-04-17,74,3,W,ワイド,2=6,820,13
2026-04-17,74,4,SH2,二車複,3=5,640,3
2026-04-17,74,4,ST2,二車単,3-5,1270,7
2026-04-17,74,4,RH3,三連複,3=5=6,2960,13
2026-04-17,74,4,RT3,三連単,3-5-6,9100,35
2026-04-17,74,4,W,ワイド,3=5,320,4
2026-04-17,74,4,W,ワイド,3=6,270,3
2026-04-17,74,4,W,ワイド,5=6,1030,14
2026-04-17,74,5,SH2,二車複,1=3,710,2
2026-04-17,74,5,ST2,二車単,1-3,810,3
2026-04-17,74,5,RH3,三連複,1=3=5,190,1
2026-04-17,74,5,RT3,三連単,1-3-5,980,3
2026-04-17,74,5,W,ワイド,1=3,160,2
2026-04-17,74,5,W,ワイド,1=5,120,1
2026-04-17,74,5,W,ワイド,3=5,170,3
2026-04-17,74,6,SH2,二車複,3=4,140,1
2026-04-17,74,6,ST2,二車単,3-4,200,1
2026-04-17,74,6,RH3,三連複,2=3=4,160,1
2026-04-17,74,6,RT3,三連単,3-4-2,290,1
2026-04-17,74,6,W,ワイド,3=4,100,1
2026-04-17,74,6,W,ワイド,2=3,160,3
2026-04-17,74,6,W,ワイド,2=4,140,2
2026-04-17,74,7,SH2,二車複,1=3,230,1
2026-04-17,74,7,ST2,二車単,3-1,280,1
2026-04-17,74,7,RH3,三連複,1=2=3,490,1
2026-04-17,74,7,RT3,三連単,3-1-2,880,1
2026-04-17,74,7,W,ワイド,1=3,110,1
2026-04-17,74,7,W,ワイド,2=3,250,3
2026-04-17,74,7,W,ワイド,1=2,360,6
2026-04-18,25,1,SH2,二車複,1=7,300,1
2026-04-18,25,1,ST2,二車単,7-1,510,1
2026-04-18,25,1,RH3,三連複,1=5=7,540,3
2026-04-18,25,1,RT3,三連単,7-1-5,1060,1
2026-04-18,25,1,W,ワイド,1=7,230,2
2026-04-18,25,1,W,ワイド,5=7,350,6
2026-04-18,25,1,W,ワイド,1=5,560,9
2026-04-18,25,2,SH2,二車複,5=6,4120,13
2026-04-18,25,2,ST2,二車単,5-6,5910,22
2026-04-18,25,2,RH3,三連複,5=6=7,6940,23
2026-04-18,25,2,RT3,三連単,5-6-7,45150,106
2026-04-18,25,2,W,ワイド,5=6,730,11
2026-04-18,25,2,W,ワイド,5=7,240,2
2026-04-18,25,2,W,ワイド,6=7,1830,19
2026-04-18,25,3,SH2,二車複,3=4,230,2
2026-04-18,25,3,ST2,二車単,4-3,330,2
2026-04-18,25,3,RH3,三連複,1=3=4,2460,6
2026-04-18,25,3,RT3,三連単,4-3-1,3170,8
2026-04-18,25,3,W,ワイド,3=4,190,2
2026-04-18,25,3,W,ワイド,1=4,410,5
2026-04-18,25,3,W,ワイド,1=3,1370,11
2026-04-18,25,4,SH2,二車複,3=4,100,1
2026-04-18,25,4,ST2,二車単,3-4,120,1
2026-04-18,25,4,RH3,三連複,1=3=4,130,1
2026-04-18,25,4,RT3,三連単,3-4-1,150,1
2026-04-18,25,4,W,ワイド,3=4,100,1
2026-04-18,25,4,W,ワイド,1=3,120,2
2026-04-18,25,4,W,ワイド,1=4,140,4
2026-04-18,25,5,SH2,二車複,3=5,150,1
2026-04-18,25,5,ST2,二車単,5-3,180,1
2026-04-18,25,5,RH3,三連複,1=3=5,340,2
2026-04-18,25,5,RT3,三連単,5-3-1,490,2
2026-04-18,25,5,W,ワイド,3=5,100,1
2026-04-18,25,5,W,ワイド,1=5,170,3
2026-04-18,25,5,W,ワイド,1=3,270,4
2026-04-18,25,6,SH2,二車複,1=4,1160,3
2026-04-18,25,6,ST2,二車単,4-1,1680,4
2026-04-18,25,6,RH3,三連複,1=4=5,630,2
2026-04-18,25,6,RT3,三連単,4-1-5,2730,6
2026-04-18,25,6,W,ワイド,1=4,290,4
2026-04-18,25,6,W,ワイド,4=5,100,1
2026-04-18,25,6,W,ワイド,1=5,480,6
2026-04-18,25,7,SH2,二車複,2=5,520,2
2026-04-18,25,7,ST2,二車単,2-5,770,2
2026-04-18,25,7,RH3,三連複,2=4=5,2570,10
2026-04-18,25,7,RT3,三連単,2-5-4,7810,26
2026-04-18,25,7,W,ワイド,2=5,340,4
2026-04-18,25,7,W,ワイド,2=4,520,8
2026-04-18,25,7,W,ワイド,4=5,1190,20
2026-04-18,25,8,SH2,二車複,2=5,1950,8
2026-04-18,25,8,ST2,二車単,5-2,4750,20
2026-04-18,25,8,RH3,三連複,2=3=5,1090,4
2026-04-18,25,8,RT3,三連単,5-2-3,13790,53
2026-04-18,25,8,W,ワイド,2=5,620,7
2026-04-18,25,8,W,ワイド,3=5,340,3
2026-04-18,25,8,W,ワイド,2=3,450,5
2026-04-18,25,9,SH2,二車複,1=6,13200,17
2026-04-18,25,9,ST2,二車単,1-6,12550,26
2026-04-18,25,9,RH3,三連複,1=6=7,9890,20
2026-04-18,25,9,RT3,三連単,1-6-7,95930,126
2026-04-18,25,9,W,ワイド,1=6,2360,19
2026-04-18,25,9,W,ワイド,1=7,310,5
2026-04-18,25,9,W,ワイド,6=7,1070,14
2026-04-18,25,10,SH2,二車複,1=2,740,2
2026-04-18,25,10,ST2,二車単,1-2,1610,4
2026-04-18,25,10,RH3,三連複,1=2=7,1700,6
2026-04-18,25,10,RT3,三連単,1-2-7,5660,15
2026-04-18,25,10,W,ワイド,1=2,270,2
2026-04-18,25,10,W,ワイド,1=7,720,6
2026-04-18,25,10,W,ワイド,2=7,470,5
2026-04-18,25,11,SH2,二車複,1=4,130,1
2026-04-18,25,11,ST2,二車単,1-4,160,1
2026-04-18,25,11,RH3,三連複,1=4=7,160,1
2026-04-18,25,11,RT3,三連単,1-4-7,260,1
2026-04-18,25,11,W,ワイド,1=4,100,1
2026-04-18,25,11,W,ワイド,1=7,160,2
2026-04-18,25,11,W,ワイド,4=7,180,3
2026-04-18,27,1,SH2,二車複,2=4,400,2
2026-04-18,27,1,ST2,二車単,2-4,590,2
2026-04-18,27,1,RH3,三連複,2=3=4,2080,6
2026-04-18,27,1,RT3,三連単,2-4-3,4850,12
2026-04-18,27,1,W,ワイド,2=4,190,2
2026-04-18,27,1,W,ワイド,2=3,260,3
2026-04-18,27,1,W,ワイド,3=4,1460,13
2026-04-18,27,2,SH2,二車複,2=7,2730,10
2026-04-18,27,2,ST2,二車単,2-7,7430,22
2026-04-18,27,2,RH3,三連複,2=4=7,5390,13
2026-04-18,27,2,RT3,三連単,2-7-4,24170,56
2026-04-18,27,2,W,ワイド,2=7,1780,15
2026-04-18,27,2,W,ワイド,2=4,770,8
2026-04-18,27,2,W,ワイド,4=7,1920,17
2026-04-18,27,3,SH2,二車複,1=7,1330,7
2026-04-18,27,3,ST2,二車単,1-7,3280,17
2026-04-18,27,3,RH3,三連複,1=6=7,6420,25
2026-04-18,27,3,RT3,三連単,1-7-6,38380,127
2026-04-18,27,3,W,ワイド,1=7,500,7
2026-04-18,27,3,W,ワイド,1=6,1180,19
2026-04-18,27,3,W,ワイド,6=7,1290,20
2026-04-18,27,4,SH2,二車複,1=5,180,1
2026-04-18,27,4,ST2,二車単,1-5,230,1
2026-04-18,27,4,RH3,三連複,1=2=5,260,1
2026-04-18,27,4,RT3,三連単,1-5-2,500,1
2026-04-18,27,4,W,ワイド,1=5,110,1
2026-04-18,27,4,W,ワイド,1=2,160,2
2026-04-18,27,4,W,ワイド,2=5,200,3
2026-04-18,27,5,SH2,二車複,1=2,2170,5
2026-04-18,27,5,ST2,二車単,1-2,4200,10
2026-04-18,27,5,RH3,三連複,1=2=4,1070,5
2026-04-18,27,5,RT3,三連単,1-2-4,9580,28
2026-04-18,27,5,W,ワイド,1=2,460,8
2026-04-18,27,5,W,ワイド,1=4,560,10
2026-04-18,27,5,W,ワイド,2=4,130,1
2026-04-18,27,6,SH2,二車複,1=5,150,1
2026-04-18,27,6,ST2,二車単,1-5,240,1
2026-04-18,27,6,RH3,三連複,1=3=5,150,1
2026-04-18,27,6,RT3,三連単,1-5-3,270,1
2026-04-18,27,6,W,ワイド,1=5,100,1
2026-04-18,27,6,W,ワイド,1=3,120,2
2026-04-18,27,6,W,ワイド,3=5,150,4
2026-04-18,27,7,SH2,二車複,1=5,600,2
2026-04-18,27,7,ST2,二車単,1-5,440,2
2026-04-18,27,7,RH3,三連複,1=4=5,160,1
2026-04-18,27,7,RT3,三連単,1-5-4,970,3
2026-04-18,27,7,W,ワイド,1=5,120,2
2026-04-18,27,7,W,ワイド,1=4,100,1
2026-04-18,27,7,W,ワイド,4=5,170,4
2026-04-18,27,8,SH2,二車複,2=5,160,1
2026-04-18,27,8,ST2,二車単,2-5,220,1
2026-04-18,27,8,RH3,三連複,1=2=5,180,1
2026-04-18,27,8,RT3,三連単,2-5-1,510,2
2026-04-18,27,8,W,ワイド,2=5,100,1
2026-04-18,27,8,W,ワイド,1=2,120,2
2026-04-18,27,8,W,ワイド,1=5,160,3
2026-04-18,27,9,SH2,二車複,2=5,280,2
2026-04-18,27,9,ST2,二車単,5-2,330,1
2026-04-18,27,9,RH3,三連複,2=3=5,450,2
2026-04-18,27,9,RT3,三連単,5-2-3,1260,3
2026-04-18,27,9,W,ワイド,2=5,110,1
2026-04-18,27,9,W,ワイド,3=5,160,3
2026-04-18,27,9,W,ワイド,2=3,220,4
2026-04-18,27,10,SH2,二車複,1=3,220,1
2026-04-18,27,10,ST2,二車単,1-3,370,1
2026-04-18,27,10,RH3,三連複,1=3=6,1090,4
2026-04-18,27,10,RT3,三連単,1-3-6,2140,6
2026-04-18,27,10,W,ワイド,1=3,140,1
2026-04-18,27,10,W,ワイド,1=6,800,12
2026-04-18,27,10,W,ワイド,3=6,410,8
2026-04-18,27,11,SH2,二車複,2=7,430,3
2026-04-18,27,11,ST2,二車単,2-7,510,3
2026-04-18,27,11,RH3,三連複,1=2=7,340,1
2026-04-18,27,11,RT3,三連単,2-7-1,890,3
2026-04-18,27,11,W,ワイド,2=7,170,3
2026-04-18,27,11,W,ワイド,1=2,160,2
2026-04-18,27,11,W,ワイド,1=7,270,4
2026-04-18,27,12,SH2,二車複,1=5,150,1
2026-04-18,27,12,ST2,二車単,5-1,740,2
2026-04-18,27,12,RH3,三連複,1=4=5,310,1
2026-04-18,27,12,RT3,三連単,5-1-4,2380,5
2026-04-18,27,12,W,ワイド,1=5,110,1
2026-04-18,27,12,W,ワイド,4=5,240,5
2026-04-18,27,12,W,ワイド,1=4,190,2
2026-04-18,31,1,SH2,二車複,2=4,3480,12
2026-04-18,31,1,ST2,二車単,4-2,6270,21
2026-04-18,31,1,RH3,三連複,1=2=4,900,5
2026-04-18,31,1,RT3,三連単,4-2-1,21200,67
2026-04-18,31,1,W,ワイド,2=4,390,7
2026-04-18,31,1,W,ワイド,1=4,230,4
2026-04-18,31,1,W,ワイド,1=2,140,1
2026-04-18,31,2,SH2,二車複,1=3,160,1
2026-04-18,31,2,ST2,二車単,1-3,230,1
2026-04-18,31,2,RH3,三連複,1=3=4,600,2
2026-04-18,31,2,RT3,三連単,1-3-4,1230,3
2026-04-18,31,2,W,ワイド,1=3,150,1
2026-04-18,31,2,W,ワイド,1=4,280,4
2026-04-18,31,2,W,ワイド,3=4,470,7
2026-04-18,31,3,SH2,二車複,1=6,2730,10
2026-04-18,31,3,ST2,二車単,6-1,7610,22
2026-04-18,31,3,RH3,三連複,1=6=7,6900,23
2026-04-18,31,3,RT3,三連単,6-1-7,42020,114
2026-04-18,31,3,W,ワイド,1=6,810,11
2026-04-18,31,3,W,ワイド,6=7,2000,20
2026-04-18,31,3,W,ワイド,1=7,370,4
2026-04-18,31,4,SH2,二車複,1=2,160,1
2026-04-18,31,4,ST2,二車単,2-1,520,2
2026-04-18,31,4,RH3,三連複,1=2=3,340,1
2026-04-18,31,4,RT3,三連単,2-1-3,1850,4
2026-04-18,31,4,W,ワイド,1=2,140,1
2026-04-18,31,4,W,ワイド,2=3,220,3
2026-04-18,31,4,W,ワイド,1=3,210,2
2026-04-18,31,5,SH2,二車複,2=3,900,4
2026-04-18,31,5,ST2,二車単,2-3,1540,6
2026-04-18,31,5,RH3,三連複,1=2=3,870,3
2026-04-18,31,5,RT3,三連単,2-3-1,7670,28
2026-04-18,31,5,W,ワイド,2=3,360,5
2026-04-18,31,5,W,ワイド,1=2,170,1
2026-04-18,31,5,W,ワイド,1=3,370,7
2026-04-18,31,6,SH2,二車複,1=3,730,2
2026-04-18,31,6,ST2,二車単,1-3,1630,7
2026-04-18,31,6,RH3,三連複,1=3=4,1160,4
2026-04-18,31,6,RT3,三連単,1-3-4,7550,28
2026-04-18,31,6,W,ワイド,1=3,250,2
2026-04-18,31,6,W,ワイド,1=4,410,8
2026-04-18,31,6,W,ワイド,3=4,270,3
2026-04-18,31,7,SH2,二車複,4=6,920,3
2026-04-18,31,7,ST2,二車単,4-6,1590,4
2026-04-18,31,7,RH3,三連複,3=4=6,4330,15
2026-04-18,31,7,RT3,三連単,4-6-3,13880,44
2026-04-18,31,7,W,ワイド,4=6,480,6
2026-04-18,31,7,W,ワイド,3=4,930,11
2026-04-18,31,7,W,ワイド,3=6,1220,16
2026-04-18,31,8,SH2,二車複,1=2,130,1
2026-04-18,31,8,ST2,二車単,1-2,210,1
2026-04-18,31,8,RH3,三連複,1=2=7,2560,5
2026-04-18,31,8,RT3,三連単,1-2-7,6580,17
2026-04-18,31,8,W,ワイド,1=2,100,1
2026-04-18,31,8,W,ワイド,1=7,1400,13
2026-04-18,31,8,W,ワイド,2=7,1280,12
2026-04-18,31,9,SH2,二車複,1=3,190,1
2026-04-18,31,9,ST2,二車単,1-3,230,1
2026-04-18,31,9,RH3,三連複,1=2=3,300,1
2026-04-18,31,9,RT3,三連単,1-3-2,570,1
2026-04-18,31,9,W,ワイド,1=3,140,1
2026-04-18,31,9,W,ワイド,1=2,160,2
2026-04-18,31,9,W,ワイド,2=3,230,4
2026-04-18,43,1,SH2,二車複,1=3,540,2
2026-04-18,43,1,ST2,二車単,1-3,580,3
2026-04-18,43,1,RH3,三連複,1=3=6,3210,8
2026-04-18,43,1,RT3,三連単,1-3-6,5670,18
2026-04-18,43,1,W,ワイド,1=3,270,2
2026-04-18,43,1,W,ワイド,1=6,510,6
2026-04-18,43,1,W,ワイド,3=6,1610,15
2026-04-18,43,2,SH2,二車複,1=6,780,3
2026-04-18,43,2,ST2,二車単,6-1,2890,9
2026-04-18,43,2,RH3,三連複,1=5=6,1010,3
2026-04-18,43,2,RT3,三連単,6-1-5,4600,14
2026-04-18,43,2,W,ワイド,1=6,340,4
2026-04-18,43,2,W,ワイド,5=6,670,10
2026-04-18,43,2,W,ワイド,1=5,600,8
2026-04-18,43,3,SH2,二車複,1=3,250,1
2026-04-18,43,3,ST2,二車単,1-3,360,1
2026-04-18,43,3,RH3,三連複,1=3=5,4780,14
2026-04-18,43,3,RT3,三連単,1-3-5,9860,25
2026-04-18,43,3,W,ワイド,1=3,150,1
2026-04-18,43,3,W,ワイド,1=5,1050,12
2026-04-18,43,3,W,ワイド,3=5,2480,20
2026-04-18,43,4,SH2,二車複,1=3,270,1
2026-04-18,43,4,ST2,二車単,1-3,260,1
2026-04-18,43,4,RH3,三連複,1=3=7,620,2
2026-04-18,43,4,RT3,三連単,1-3-7,1010,3
2026-04-18,43,4,W,ワイド,1=3,150,2
2026-04-18,43,4,W,ワイド,1=7,250,3
2026-04-18,43,4,W,ワイド,3=7,620,8
2026-04-18,43,5,SH2,二車複,3=4,350,2
2026-04-18,43,5,ST2,二車単,4-3,1030,4
2026-04-18,43,5,RH3,三連複,3=4=7,3030,10
2026-04-18,43,5,RT3,三連単,4-3-7,8510,22
2026-04-18,43,5,W,ワイド,3=4,240,3
2026-04-18,43,5,W,ワイド,4=7,1380,13
2026-04-18,43,5,W,ワイド,3=7,720,11
2026-04-18,43,6,SH2,二車複,1=2,240,1
2026-04-18,43,6,ST2,二車単,2-1,650,3
2026-04-18,43,6,RH3,三連複,1=2=4,1090,4
2026-04-18,43,6,RT3,三連単,2-1-4,5020,10
2026-04-18,43,6,W,ワイド,1=2,150,1
2026-04-18,43,6,W,ワイド,2=4,610,9
2026-04-18,43,6,W,ワイド,1=4,270,4
2026-04-18,43,7,SH2,二車複,2=4,1340,4
2026-04-18,43,7,ST2,二車単,2-4,3130,10
2026-04-18,43,7,RH3,三連複,2=3=4,4770,13
2026-04-18,43,7,RT3,三連単,2-4-3,20390,41
2026-04-18,43,7,W,ワイド,2=4,270,3
2026-04-18,43,7,W,ワイド,2=3,670,7
2026-04-18,43,7,W,ワイド,3=4,680,8
2026-04-18,43,8,SH2,二車複,1=3,180,1
2026-04-18,43,8,ST2,二車単,1-3,210,1
2026-04-18,43,8,RH3,三連複,1=3=5,340,2
2026-04-18,43,8,RT3,三連単,1-3-5,770,3
2026-04-18,43,8,W,ワイド,1=3,120,1
2026-04-18,43,8,W,ワイド,1=5,200,4
2026-04-18,43,8,W,ワイド,3=5,300,7
2026-04-18,43,9,SH2,二車複,1=6,290,1
2026-04-18,43,9,ST2,二車単,6-1,1020,4
2026-04-18,43,9,RH3,三連複,1=3=6,370,1
2026-04-18,43,9,RT3,三連単,6-1-3,3520,12
2026-04-18,43,9,W,ワイド,1=6,150,1
2026-04-18,43,9,W,ワイド,3=6,340,9
2026-04-18,43,9,W,ワイド,1=3,170,2
2026-04-18,53,1,SH2,二車複,3=7,620,3
2026-04-18,53,1,ST2,二車単,3-7,2230,9
2026-04-18,53,1,RH3,三連複,2=3=7,1140,5
2026-04-18,53,1,RT3,三連単,3-7-2,4990,18
2026-04-18,53,1,W,ワイド,3=7,280,3
2026-04-18,53,1,W,ワイド,2=3,600,9
2026-04-18,53,1,W,ワイド,2=7,670,10
2026-04-18,53,2,SH2,二車複,1=4,120,1
2026-04-18,53,2,ST2,二車単,4-1,390,2
2026-04-18,53,2,RH3,三連複,1=3=4,190,1
2026-04-18,53,2,RT3,三連単,4-1-3,740,2
2026-04-18,53,2,W,ワイド,1=4,100,1
2026-04-18,53,2,W,ワイド,3=4,220,6
2026-04-18,53,2,W,ワイド,1=3,170,2
2026-04-18,53,3,SH2,二車複,5=7,300,2
2026-04-18,53,3,ST2,二車単,5-7,400,3
2026-04-18,53,3,RH3,三連複,1=5=7,260,1
2026-04-18,53,3,RT3,三連単,5-7-1,1150,3
2026-04-18,53,3,W,ワイド,5=7,140,1
2026-04-18,53,3,W,ワイド,1=5,170,2
2026-04-18,53,3,W,ワイド,1=7,310,6
2026-04-18,53,4,SH2,二車複,3=4,520,4
2026-04-18,53,4,ST2,二車単,4-3,480,4
2026-04-18,53,4,RH3,三連複,2=3=4,300,1
2026-04-18,53,4,RT3,三連単,4-3-2,830,4
2026-04-18,53,4,W,ワイド,3=4,160,3
2026-04-18,53,4,W,ワイド,2=4,160,2
2026-04-18,53,4,W,ワイド,2=3,220,4
2026-04-18,53,5,SH2,二車複,1=7,160,1
2026-04-18,53,5,ST2,二車単,7-1,240,1
2026-04-18,53,5,RH3,三連複,1=3=7,310,1
2026-04-18,53,5,RT3,三連単,7-1-3,600,1
2026-04-18,53,5,W,ワイド,1=7,140,1
2026-04-18,53,5,W,ワイド,3=7,150,2
2026-04-18,53,5,W,ワイド,1=3,210,4
2026-04-18,53,6,SH2,二車複,2=6,180,1
2026-04-18,53,6,ST2,二車単,6-2,510,3
2026-04-18,53,6,RH3,三連複,2=4=6,160,1
2026-04-18,53,6,RT3,三連単,6-2-4,950,3
2026-04-18,53,6,W,ワイド,2=6,110,1
2026-04-18,53,6,W,ワイド,4=6,170,4
2026-04-18,53,6,W,ワイド,2=4,110,2
2026-04-18,53,7,SH2,二車複,2=7,110,1
2026-04-18,53,7,ST2,二車単,7-2,200,1
2026-04-18,53,7,RH3,三連複,2=4=7,200,1
2026-04-18,53,7,RT3,三連単,7-2-4,310,1
2026-04-18,53,7,W,ワイド,2=7,110,1
2026-04-18,53,7,W,ワイド,4=7,170,3
2026-04-18,53,7,W,ワイド,2=4,130,2
2026-04-18,53,8,SH2,二車複,1=4,150,1
2026-04-18,53,8,ST2,二車単,4-1,220,1
2026-04-18,53,8,RH3,三連複,1=4=7,240,1
2026-04-18,53,8,RT3,三連単,4-1-7,350,1
2026-04-18,53,8,W,ワイド,1=4,100,1
2026-04-18,53,8,W,ワイド,4=7,230,3
2026-04-18,53,8,W,ワイド,1=7,240,4
2026-04-18,53,9,SH2,二車複,1=7,140,1
2026-04-18,53,9,ST2,二車単,1-7,210,1
2026-04-18,53,9,RH3,三連複,1=5=7,260,1
2026-04-18,53,9,RT3,三連単,1-7-5,280,1
2026-04-18,53,9,W,ワイド,1=7,120,1
2026-04-18,53,9,W,ワイド,1=5,200,3
2026-04-18,53,9,W,ワイド,5=7,250,5
2026-04-18,53,10,SH2,二車複,1=5,170,1
2026-04-18,53,10,ST2,二車単,1-5,280,2
2026-04-18,53,10,RH3,三連複,1=2=5,270,2
2026-04-18,53,10,RT3,三連単,1-5-2,700,3
2026-04-18,53,10,W,ワイド,1=5,100,1
2026-04-18,53,10,W,ワイド,1=2,210,4
2026-04-18,53,10,W,ワイド,2=5,150,2
2026-04-18,53,11,SH2,二車複,1=2,1270,6
2026-04-18,53,11,ST2,二車単,2-1,3210,13
2026-04-18,53,11,RH3,三連複,1=2=5,1210,4
2026-04-18,53,11,RT3,三連単,2-1-5,11500,39
2026-04-18,53,11,W,ワイド,1=2,350,4
2026-04-18,53,11,W,ワイド,2=5,720,11
2026-04-18,53,11,W,ワイド,1=5,200,1
2026-04-18,84,1,WH2,枠複,1=6,270,1
2026-04-18,84,1,WT2,枠単,1-6,470,1
2026-04-18,84,1,SH2,二車複,1=9,230,1
2026-04-18,84,1,ST2,二車単,1-9,460,1
2026-04-18,84,1,RH3,三連複,1=6=9,1710,7
2026-04-18,84,1,RT3,三連単,1-9-6,3980,10
2026-04-18,84,1,W,ワイド,1=9,170,1
2026-04-18,84,1,W,ワイド,1=6,1180,16
2026-04-18,84,1,W,ワイド,6=9,990,14
2026-04-18,84,2,WH2,枠複,5=6,760,2
2026-04-18,84,2,WT2,枠単,5-6,2640,10
2026-04-18,84,2,SH2,二車複,7=9,1180,3
2026-04-18,84,2,ST2,二車単,7-9,2960,10
2026-04-18,84,2,RH3,三連複,1=7=9,1480,5
2026-04-18,84,2,RT3,三連単,7-9-1,12360,34
2026-04-18,84,2,W,ワイド,7=9,320,2
2026-04-18,84,2,W,ワイド,1=7,530,5
2026-04-18,84,2,W,ワイド,1=9,460,4
2026-04-18,84,3,WH2,枠複,4=5,860,4
2026-04-18,84,3,WT2,枠単,4-5,2190,11
2026-04-18,84,3,SH2,二車複,5=7,1000,4
2026-04-18,84,3,ST2,二車単,5-7,2110,9
2026-04-18,84,3,RH3,三連複,3=5=7,790,3
2026-04-18,84,3,RT3,三連単,5-7-3,8390,26
2026-04-18,84,3,W,ワイド,5=7,260,3
2026-04-18,84,3,W,ワイド,3=5,420,8
2026-04-18,84,3,W,ワイド,3=7,190,1
2026-04-18,84,4,WH2,枠複,1=2,1780,10
2026-04-18,84,4,WT2,枠単,1-2,3500,16
2026-04-18,84,4,SH2,二車複,1=2,1830,7
2026-04-18,84,4,ST2,二車単,1-2,3610,13
2026-04-18,84,4,RH3,三連複,1=2=5,1150,3
2026-04-18,84,4,RT3,三連単,1-2-5,10000,32
2026-04-18,84,4,W,ワイド,1=2,590,8
2026-04-18,84,4,W,ワイド,1=5,180,1
2026-04-18,84,4,W,ワイド,2=5,480,6
2026-04-18,84,5,WH2,枠複,2=6,800,4
2026-04-18,84,5,WT2,枠単,2-6,1770,8
2026-04-18,84,5,SH2,二車複,2=9,740,3
2026-04-18,84,5,ST2,二車単,2-9,1700,7
2026-04-18,84,5,RH3,三連複,1=2=9,580,2
2026-04-18,84,5,RT3,三連単,2-9-1,5240,18
2026-04-18,84,5,W,ワイド,2=9,240,3
2026-04-18,84,5,W,ワイド,1=2,320,5
2026-04-18,84,5,W,ワイド,1=9,180,1
2026-04-18,84,6,WH2,枠複,2=4,760,4
2026-04-18,84,6,WT2,枠単,4-2,1750,9
2026-04-18,84,6,SH2,二車複,2=5,780,4
2026-04-18,84,6,ST2,二車単,5-2,1830,7
2026-04-18,84,6,RH3,三連複,1=2=5,550,1
2026-04-18,84,6,RT3,三連単,5-2-1,4000,12
2026-04-18,84,6,W,ワイド,2=5,270,4
2026-04-18,84,6,W,ワイド,1=5,220,2
2026-04-18,84,6,W,ワイド,1=2,250,3
2026-04-18,84,7,WH2,枠複,1=4,130,1
2026-04-18,84,7,WT2,枠単,4-1,220,1
2026-04-18,84,7,SH2,二車複,1=5,120,1
2026-04-18,84,7,ST2,二車単,5-1,230,1
2026-04-18,84,7,RH3,三連複,1=4=5,3690,8
2026-04-18,84,7,RT3,三連単,5-1-4,6620,19
2026-04-18,84,7,W,ワイド,1=5,110,1
2026-04-18,84,7,W,ワイド,4=5,1680,19
2026-04-18,84,7,W,ワイド,1=4,1500,18
2026-04-18,84,8,WH2,枠複,1=6,150,1
2026-04-18,84,8,WT2,枠単,6-1,200,1
2026-04-18,84,8,SH2,二車複,1=9,150,1
2026-04-18,84,8,ST2,二車単,9-1,210,1
2026-04-18,84,8,RH3,三連複,1=4=9,220,1
2026-04-18,84,8,RT3,三連単,9-1-4,430,1
2026-04-18,84,8,W,ワイド,1=9,110,1
2026-04-18,84,8,W,ワイド,4=9,200,2
2026-04-18,84,8,W,ワイド,1=4,200,3
2026-04-18,84,9,WH2,枠複,1=5,170,1
2026-04-18,84,9,WT2,枠単,1-5,380,2
2026-04-18,84,9,SH2,二車複,1=7,160,1
2026-04-18,84,9,ST2,二車単,1-7,320,2
2026-04-18,84,9,RH3,三連複,1=7=8,810,4
2026-04-18,84,9,RT3,三連単,1-7-8,1950,8
2026-04-18,84,9,W,ワイド,1=7,140,1
2026-04-18,84,9,W,ワイド,1=8,790,12
2026-04-18,84,9,W,ワイド,7=8,940,15
2026-04-18,84,10,WH2,枠複,2=4,130,1
2026-04-18,84,10,WT2,枠単,4-2,180,1
2026-04-18,84,10,SH2,二車複,2=5,130,1
2026-04-18,84,10,ST2,二車単,5-2,180,1
2026-04-18,84,10,RH3,三連複,2=5=8,220,1
2026-04-18,84,10,RT3,三連単,5-2-8,380,1
2026-04-18,84,10,W,ワイド,2=5,100,1
2026-04-18,84,10,W,ワイド,5=8,210,3
2026-04-18,84,10,W,ワイド,2=8,210,2
2026-04-18,84,11,WH2,枠複,1=6,150,1
2026-04-18,84,11,WT2,枠単,1-6,280,1
2026-04-18,84,11,SH2,二車複,1=9,140,1
2026-04-18,84,11,ST2,二車単,1-9,260,1
2026-04-18,84,11,RH3,三連複,1=5=9,420,1
2026-04-18,84,11,RT3,三連単,1-9-5,880,1
2026-04-18,84,11,W,ワイド,1=9,120,1
2026-04-18,84,11,W,ワイド,1=5,220,2
2026-04-18,84,11,W,ワイド,5=9,270,3
2026-04-18,84,12,WH2,枠複,4=6,310,1
2026-04-18,84,12,WT2,枠単,6-4,660,2
2026-04-18,84,12,SH2,二車複,5=9,320,1
2026-04-18,84,12,ST2,二車単,9-5,750,2
2026-04-18,84,12,RH3,三連複,1=5=9,1150,2
2026-04-18,84,12,RT3,三連単,9-5-1,5390,8
2026-04-18,84,12,W,ワイド,5=9,200,1
2026-04-18,84,12,W,ワイド,1=9,470,5
2026-04-18,84,12,W,ワイド,1=5,340,3
2026-04-19,25,1,SH2,二車複,2=7,130,1
2026-04-19,25,1,ST2,二車単,7-2,210,1
2026-04-19,25,1,RH3,三連複,2=4=7,610,2
2026-04-19,25,1,RT3,三連単,7-2-4,1120,3
2026-04-19,25,1,W,ワイド,2=7,100,1
2026-04-19,25,1,W,ワイド,4=7,300,4
2026-04-19,25,1,W,ワイド,2=4,310,5
2026-04-19,25,2,SH2,二車複,3=4,990,3
2026-04-19,25,2,ST2,二車単,4-3,2290,7
2026-04-19,25,2,RH3,三連複,2=3=4,2580,7
2026-04-19,25,2,RT3,三連単,4-3-2,11380,29
2026-04-19,25,2,W,ワイド,3=4,310,3
2026-04-19,25,2,W,ワイド,2=4,1110,12
2026-04-19,25,2,W,ワイド,2=3,1480,16
2026-04-19,25,3,SH2,二車複,5=6,2990,11
2026-04-19,25,3,ST2,二車単,6-5,4820,20
2026-04-19,25,3,RH3,三連複,1=5=6,4410,16
2026-04-19,25,3,RT3,三連単,6-5-1,19400,64
2026-04-19,25,3,W,ワイド,5=6,1310,13
2026-04-19,25,3,W,ワイド,1=6,620,7
2026-04-19,25,3,W,ワイド,1=5,710,9
2026-04-19,25,4,SH2,二車複,3=5,230,1
2026-04-19,25,4,ST2,二車単,5-3,910,4
2026-04-19,25,4,RH3,三連複,2=3=5,360,1
2026-04-19,25,4,RT3,三連単,5-3-2,2370,7
2026-04-19,25,4,W,ワイド,3=5,120,1
2026-04-19,25,4,W,ワイド,2=5,300,5
2026-04-19,25,4,W,ワイド,2=3,130,2
2026-04-19,25,5,SH2,二車複,1=7,390,2
2026-04-19,25,5,ST2,二車単,7-1,730,3
2026-04-19,25,5,RH3,三連複,1=2=7,330,1
2026-04-19,25,5,RT3,三連単,7-1-2,2170,5
2026-04-19,25,5,W,ワイド,1=7,130,1
2026-04-19,25,5,W,ワイド,2=7,150,2
2026-04-19,25,5,W,ワイド,1=2,180,3
2026-04-19,25,6,SH2,二車複,6=7,1010,4
2026-04-19,25,6,ST2,二車単,7-6,1510,5
2026-04-19,25,6,RH3,三連複,3=6=7,2250,6
2026-04-19,25,6,RT3,三連単,7-6-3,9620,22
2026-04-19,25,6,W,ワイド,6=7,600,6
2026-04-19,25,6,W,ワイド,3=7,270,3
2026-04-19,25,6,W,ワイド,3=6,2010,15
2026-04-19,25,7,SH2,二車複,2=6,270,1
2026-04-19,25,7,ST2,二車単,6-2,280,1
2026-04-19,25,7,RH3,三連複,2=4=6,1570,5
2026-04-19,25,7,RT3,三連単,6-2-4,2790,7
2026-04-19,25,7,W,ワイド,2=6,130,1
2026-04-19,25,7,W,ワイド,4=6,1000,13
2026-04-19,25,7,W,ワイド,2=4,1260,14
2026-04-19,25,8,SH2,二車複,2=7,120,1
2026-04-19,25,8,ST2,二車単,2-7,220,1
2026-04-19,25,8,RH3,三連複,2=5=7,210,1
2026-04-19,25,8,RT3,三連単,2-7-5,300,1
2026-04-19,25,8,W,ワイド,2=7,100,1
2026-04-19,25,8,W,ワイド,2=5,200,3
2026-04-19,25,8,W,ワイド,5=7,210,4
2026-04-19,25,9,SH2,二車複,3=4,120,1
2026-04-19,25,9,ST2,二車単,4-3,240,1
2026-04-19,25,9,RH3,三連複,2=3=4,220,1
2026-04-19,25,9,RT3,三連単,4-3-2,800,2
2026-04-19,25,9,W,ワイド,3=4,100,1
2026-04-19,25,9,W,ワイド,2=4,180,3
2026-04-19,25,9,W,ワイド,2=3,210,4
2026-04-19,25,10,SH2,二車複,1=7,590,2
2026-04-19,25,10,ST2,二車単,7-1,720,3
2026-04-19,25,10,RH3,三連複,1=2=7,1230,3
2026-04-19,25,10,RT3,三連単,7-1-2,2510,9
2026-04-19,25,10,W,ワイド,1=7,330,3
2026-04-19,25,10,W,ワイド,2=7,360,5
2026-04-19,25,10,W,ワイド,1=2,700,6
2026-04-19,25,11,SH2,二車複,5=7,2300,11
2026-04-19,25,11,ST2,二車単,5-7,3010,17
2026-04-19,25,11,RH3,三連複,1=5=7,1860,11
2026-04-19,25,11,RT3,三連単,5-7-1,10800,44
2026-04-19,25,11,W,ワイド,5=7,680,12
2026-04-19,25,11,W,ワイド,1=5,370,6
2026-04-19,25,11,W,ワイド,1=7,320,3
2026-04-19,27,1,SH2,二車複,2=5,820,4
2026-04-19,27,1,ST2,二車単,5-2,1010,5
2026-04-19,27,1,RH3,三連複,2=4=5,1260,3
2026-04-19,27,1,RT3,三連単,5-2-4,2250,6
2026-04-19,27,1,W,ワイド,2=5,230,2
2026-04-19,27,1,W,ワイド,4=5,650,5
2026-04-19,27,1,W,ワイド,2=4,1100,13
2026-04-19,27,2,SH2,二車複,4=6,17140,21
2026-04-19,27,2,ST2,二車単,6-4,25770,34
2026-04-19,27,2,RH3,三連複,1=4=6,5590,15
2026-04-19,27,2,RT3,三連単,6-4-1,130130,128
2026-04-19,27,2,W,ワイド,4=6,4980,21
2026-04-19,27,2,W,ワイド,1=6,680,7
2026-04-19,27,2,W,ワイド,1=4,240,3
2026-04-19,27,3,SH2,二車複,1=4,1420,6
2026-04-19,27,3,ST2,二車単,1-4,2100,8
2026-04-19,27,3,RH3,三連複,1=4=5,850,2
2026-04-19,27,3,RT3,三連単,1-4-5,6230,18
2026-04-19,27,3,W,ワイド,1=4,350,9
2026-04-19,27,3,W,ワイド,1=5,320,5
2026-04-19,27,3,W,ワイド,4=5,140,1
2026-04-19,27,4,SH2,二車複,1=7,210,1
2026-04-19,27,4,ST2,二車単,7-1,810,2
2026-04-19,27,4,RH3,三連複,1=5=7,490,2
2026-04-19,27,4,RT3,三連単,7-1-5,2380,7
2026-04-19,27,4,W,ワイド,1=7,130,1
2026-04-19,27,4,W,ワイド,5=7,430,8
2026-04-19,27,4,W,ワイド,1=5,270,4
2026-04-19,27,5,SH2,二車複,1=3,160,1
2026-04-19,27,5,ST2,二車単,1-3,330,2
2026-04-19,27,5,RH3,三連複,1=3=4,460,2
2026-04-19,27,5,RT3,三連単,1-3-4,1010,3
2026-04-19,27,5,W,ワイド,1=3,100,1
2026-04-19,27,5,W,ワイド,1=4,220,6
2026-04-19,27,5,W,ワイド,3=4,150,2
2026-04-19,27,6,SH2,二車複,2=4,670,3
2026-04-19,27,6,ST2,二車単,4-2,760,3
2026-04-19,27,6,RH3,三連複,2=3=4,640,5
2026-04-19,27,6,RT3,三連単,4-2-3,1480,3
2026-04-19,27,6,W,ワイド,2=4,370,6
2026-04-19,27,6,W,ワイド,3=4,400,7
2026-04-19,27,6,W,ワイド,2=3,620,9
2026-04-19,27,7,SH2,二車複,2=5,190,1
2026-04-19,27,7,ST2,二車単,5-2,330,1
2026-04-19,27,7,RH3,三連複,2=4=5,280,1
2026-04-19,27,7,RT3,三連単,5-2-4,750,1
2026-04-19,27,7,W,ワイド,2=5,130,1
2026-04-19,27,7,W,ワイド,4=5,250,3
2026-04-19,27,7,W,ワイド,2=4,300,6
2026-04-19,27,8,SH2,二車複,3=6,1360,5
2026-04-19,27,8,ST2,二車単,3-6,3400,12
2026-04-19,27,8,RH3,三連複,2=3=6,1570,6
2026-04-19,27,8,RT3,三連単,3-6-2,8440,29
2026-04-19,27,8,W,ワイド,3=6,570,8
2026-04-19,27,8,W,ワイド,2=3,230,2
2026-04-19,27,8,W,ワイド,2=6,680,11
2026-04-19,27,9,SH2,二車複,1=7,150,1
2026-04-19,27,9,ST2,二車単,7-1,210,1
2026-04-19,27,9,RH3,三連複,1=5=7,160,1
2026-04-19,27,9,RT3,三連単,7-1-5,300,1
2026-04-19,27,9,W,ワイド,1=7,100,1
2026-04-19,27,9,W,ワイド,5=7,120,2
2026-04-19,27,9,W,ワイド,1=5,140,3
2026-04-19,27,10,SH2,二車複,2=7,160,1
2026-04-19,27,10,ST2,二車単,7-2,450,2
2026-04-19,27,10,RH3,三連複,2=6=7,490,2
2026-04-19,27,10,RT3,三連単,7-2-6,1470,4
2026-04-19,27,10,W,ワイド,2=7,110,1
2026-04-19,27,10,W,ワイド,6=7,380,8
2026-04-19,27,10,W,ワイド,2=6,370,7
2026-04-19,27,11,SH2,二車複,1=7,630,3
2026-04-19,27,11,ST2,二車単,1-7,1090,4
2026-04-19,27,11,RH3,三連複,1=4=7,700,2
2026-04-19,27,11,RT3,三連単,1-7-4,3830,10
2026-04-19,27,11,W,ワイド,1=7,270,3
2026-04-19,27,11,W,ワイド,1=4,160,1
2026-04-19,27,11,W,ワイド,4=7,360,5
2026-04-19,27,12,SH2,二車複,3=4,3620,11
2026-04-19,27,12,ST2,二車単,3-4,3970,15
2026-04-19,27,12,RH3,三連複,2=3=4,1520,8
2026-04-19,27,12,RT3,三連単,3-4-2,10380,43
2026-04-19,27,12,W,ワイド,3=4,670,10
2026-04-19,27,12,W,ワイド,2=3,290,3
2026-04-19,27,12,W,ワイド,2=4,650,9
2026-04-19,44,1,SH2,二車複,1=3,190,1
2026-04-19,44,1,ST2,二車単,1-3,230,1
2026-04-19,44,1,RH3,三連複,1=2=3,240,1
2026-04-19,44,1,RT3,三連単,1-3-2,720,3
2026-04-19,44,1,W,ワイド,1=3,120,2
2026-04-19,44,1,W,ワイド,1=2,110,1
2026-04-19,44,1,W,ワイド,2=3,150,3
2026-04-19,44,2,SH2,二車複,1=7,5870,11
2026-04-19,44,2,ST2,二車単,1-7,8540,17
2026-04-19,44,2,RH3,三連複,1=3=7,6380,16
2026-04-19,44,2,RT3,三連単,1-7-3,66120,100
2026-04-19,44,2,W,ワイド,1=7,880,10
2026-04-19,44,2,W,ワイド,1=3,220,2
2026-04-19,44,2,W,ワイド,3=7,3730,19
2026-04-19,44,3,SH2,二車複,1=2,130,1
2026-04-19,44,3,ST2,二車単,1-2,140,1
2026-04-19,44,3,RH3,三連複,1=2=6,3860,8
2026-04-19,44,3,RT3,三連単,1-2-6,6780,15
2026-04-19,44,3,W,ワイド,1=2,120,1
2026-04-19,44,3,W,ワイド,1=6,710,10
2026-04-19,44,3,W,ワイド,2=6,3610,17
2026-04-19,44,4,SH2,二車複,3=6,4330,8
2026-04-19,44,4,ST2,二車単,6-3,18690,18
2026-04-19,44,4,RH3,三連複,1=3=6,1740,6
2026-04-19,44,4,RT3,三連単,6-3-1,67100,74
2026-04-19,44,4,W,ワイド,3=6,850,10
2026-04-19,44,4,W,ワイド,1=6,350,5
2026-04-19,44,4,W,ワイド,1=3,150,1
2026-04-19,44,5,SH2,二車複,1=6,420,2
2026-04-19,44,5,ST2,二車単,1-6,460,1
2026-04-19,44,5,RH3,三連複,1=4=6,470,2
2026-04-19,44,5,RT3,三連単,1-6-4,800,1
2026-04-19,44,5,W,ワイド,1=6,220,4
2026-04-19,44,5,W,ワイド,1=4,200,2
2026-04-19,44,5,W,ワイド,4=6,540,9
2026-04-19,44,6,SH2,二車複,2=5,2680,7
2026-04-19,44,6,ST2,二車単,5-2,2370,6
2026-04-19,44,6,RH3,三連複,1=2=5,1310,3
2026-04-19,44,6,RT3,三連単,5-2-1,11950,28
2026-04-19,44,6,W,ワイド,2=5,430,6
2026-04-19,44,6,W,ワイド,1=5,150,1
2026-04-19,44,6,W,ワイド,1=2,290,4
2026-04-19,44,7,SH2,二車複,3=5,1730,6
2026-04-19,44,7,ST2,二車単,3-5,4460,15
2026-04-19,44,7,RH3,三連複,2=3=5,870,3
2026-04-19,44,7,RT3,三連単,3-5-2,9730,21
2026-04-19,44,7,W,ワイド,3=5,390,6
2026-04-19,44,7,W,ワイド,2=3,140,1
2026-04-19,44,7,W,ワイド,2=5,560,10
2026-04-19,44,8,SH2,二車複,1=2,120,1
2026-04-19,44,8,ST2,二車単,1-2,200,1
2026-04-19,44,8,RH3,三連複,1=2=3,2160,4
2026-04-19,44,8,RT3,三連単,1-2-3,4760,9
2026-04-19,44,8,W,ワイド,1=2,100,1
2026-04-19,44,8,W,ワイド,1=3,1310,11
2026-04-19,44,8,W,ワイド,2=3,1200,10
2026-04-19,44,9,SH2,二車複,3=5,1190,5
2026-04-19,44,9,ST2,二車単,3-5,2000,7
2026-04-19,44,9,RH3,三連複,3=4=5,7090,22
2026-04-19,44,9,RT3,三連単,3-5-4,16470,55
2026-04-19,44,9,W,ワイド,3=5,530,6
2026-04-19,44,9,W,ワイド,3=4,1260,15
2026-04-19,44,9,W,ワイド,4=5,2340,20
2026-04-19,63,1,SH2,二車複,3=5,140,1
2026-04-19,63,1,ST2,二車単,5-3,220,1
2026-04-19,63,1,RH3,三連複,3=5=6,1200,5
2026-04-19,63,1,RT3,三連単,5-3-6,2170,7
2026-04-19,63,1,W,ワイド,3=5,130,1
2026-04-19,63,1,W,ワイド,5=6,380,7
2026-04-19,63,1,W,ワイド,3=6,700,9
2026-04-19,63,2,SH2,二車複,2=6,480,2
2026-04-19,63,2,ST2,二車単,2-6,650,1
2026-04-19,63,2,RH3,三連複,2=6=7,1110,6
2026-04-19,63,2,RT3,三連単,2-6-7,3750,14
2026-04-19,63,2,W,ワイド,2=6,290,5
2026-04-19,63,2,W,ワイド,2=7,150,1
2026-04-19,63,2,W,ワイド,6=7,610,8
2026-04-19,63,3,SH2,二車複,5=7,830,3
2026-04-19,63,3,ST2,二車単,5-7,1400,4
2026-04-19,63,3,RH3,三連複,1=5=7,2140,10
2026-04-19,63,3,RT3,三連単,5-7-1,4750,17
2026-04-19,63,3,W,ワイド,5=7,290,4
2026-04-19,63,3,W,ワイド,1=5,400,6
2026-04-19,63,3,W,ワイド,1=7,850,13
2026-04-19,63,4,SH2,二車複,4=7,100,1
2026-04-19,63,4,ST2,二車単,4-7,220,1
2026-04-19,63,4,RH3,三連複,3=4=7,130,1
2026-04-19,63,4,RT3,三連単,4-7-3,260,1
2026-04-19,63,4,W,ワイド,4=7,100,1
2026-04-19,63,4,W,ワイド,3=4,130,2
2026-04-19,63,4,W,ワイド,3=7,140,3
2026-04-19,63,5,SH2,二車複,3=7,280,1
2026-04-19,63,5,ST2,二車単,3-7,1070,3
2026-04-19,63,5,RH3,三連複,3=4=7,690,2
2026-04-19,63,5,RT3,三連単,3-7-4,2000,3
2026-04-19,63,5,W,ワイド,3=7,140,1
2026-04-19,63,5,W,ワイド,3=4,380,7
2026-04-19,63,5,W,ワイド,4=7,680,13
2026-04-19,63,6,SH2,二車複,1=4,110,1
2026-04-19,63,6,ST2,二車単,1-4,200,1
2026-04-19,63,6,RH3,三連複,1=3=4,860,3
2026-04-19,63,6,RT3,三連単,1-4-3,1600,5
2026-04-19,63,6,W,ワイド,1=4,100,1
2026-04-19,63,6,W,ワイド,1=3,180,3
2026-04-19,63,6,W,ワイド,3=4,300,5
2026-04-19,63,7,SH2,二車複,2=7,200,1
2026-04-19,63,7,ST2,二車単,7-2,340,1
2026-04-19,63,7,RH3,三連複,2=5=7,3210,10
2026-04-19,63,7,RT3,三連単,7-2-5,5680,18
2026-04-19,63,7,W,ワイド,2=7,140,1
2026-04-19,63,7,W,ワイド,5=7,820,9
2026-04-19,63,7,W,ワイド,2=5,610,8
2026-04-20,11,1,SH2,二車複,1=4,550,3
2026-04-20,11,1,ST2,二車単,1-4,660,3
2026-04-20,11,1,RH3,三連複,1=4=5,1270,7
2026-04-20,11,1,RT3,三連単,1-4-5,2850,12
2026-04-20,11,1,W,ワイド,1=4,280,4
2026-04-20,11,1,W,ワイド,1=5,340,7
2026-04-20,11,1,W,ワイド,4=5,690,10
2026-04-20,11,2,SH2,二車複,1=5,620,3
2026-04-20,11,2,ST2,二車単,5-1,2750,11
2026-04-20,11,2,RH3,三連複,1=3=5,1310,6
2026-04-20,11,2,RT3,三連単,5-1-3,9960,39
2026-04-20,11,2,W,ワイド,1=5,370,5
2026-04-20,11,2,W,ワイド,3=5,1250,13
2026-04-20,11,2,W,ワイド,1=3,300,2
2026-04-20,11,3,SH2,二車複,1=4,220,1
2026-04-20,11,3,ST2,二車単,1-4,230,1
2026-04-20,11,3,RH3,三連複,1=2=4,410,1
2026-04-20,11,3,RT3,三連単,1-4-2,980,3
2026-04-20,11,3,W,ワイド,1=4,150,2
2026-04-20,11,3,W,ワイド,1=2,120,1
2026-04-20,11,3,W,ワイド,2=4,310,5
2026-04-20,11,4,SH2,二車複,1=7,440,2
2026-04-20,11,4,ST2,二車単,1-7,460,2
2026-04-20,11,4,RH3,三連複,1=2=7,470,2
2026-04-20,11,4,RT3,三連単,1-7-2,960,3
2026-04-20,11,4,W,ワイド,1=7,230,4
2026-04-20,11,4,W,ワイド,1=2,130,1
2026-04-20,11,4,W,ワイド,2=7,520,9
2026-04-20,11,5,SH2,二車複,2=4,760,4
2026-04-20,11,5,ST2,二車単,4-2,1000,4
2026-04-20,11,5,RH3,三連複,1=2=4,650,2
2026-04-20,11,5,RT3,三連単,4-2-1,3030,8
2026-04-20,11,5,W,ワイド,2=4,270,4
2026-04-20,11,5,W,ワイド,1=4,180,1
2026-04-20,11,5,W,ワイド,1=2,310,6
2026-04-20,11,6,SH2,二車複,2=4,200,1
2026-04-20,11,6,ST2,二車単,2-4,420,1
2026-04-20,11,6,RH3,三連複,1=2=4,420,1
2026-04-20,11,6,RT3,三連単,2-4-1,1290,2
2026-04-20,11,6,W,ワイド,2=4,120,1
2026-04-20,11,6,W,ワイド,1=2,160,2
2026-04-20,11,6,W,ワイド,1=4,280,6
2026-04-20,11,7,SH2,二車複,1=4,540,4
2026-04-20,11,7,ST2,二車単,1-4,700,3
2026-04-20,11,7,RH3,三連複,1=2=4,570,3
2026-04-20,11,7,RT3,三連単,1-4-2,1210,3
2026-04-20,11,7,W,ワイド,1=4,220,3
2026-04-20,11,7,W,ワイド,1=2,200,2
2026-04-20,11,7,W,ワイド,2=4,390,6
2026-04-20,11,8,SH2,二車複,1=4,1280,3
2026-04-20,11,8,ST2,二車単,1-4,1800,5
2026-04-20,11,8,RH3,三連複,1=2=4,1270,4
2026-04-20,11,8,RT3,三連単,1-4-2,5800,17
2026-04-20,11,8,W,ワイド,1=4,270,4
2026-04-20,11,8,W,ワイド,1=2,160,2
2026-04-20,11,8,W,ワイド,2=4,340,5
2026-04-20,11,9,SH2,二車複,1=4,880,3
2026-04-20,11,9,ST2,二車単,1-4,590,3
2026-04-20,11,9,RH3,三連複,1=3=4,230,1
2026-04-20,11,9,RT3,三連単,1-4-3,1110,3
2026-04-20,11,9,W,ワイド,1=4,160,3
2026-04-20,11,9,W,ワイド,1=3,100,1
2026-04-20,11,9,W,ワイド,3=4,230,4
2026-04-20,23,1,SH2,二車複,1=4,120,1
2026-04-20,23,1,ST2,二車単,1-4,300,2
2026-04-20,23,1,RH3,三連複,1=3=4,150,1
2026-04-20,23,1,RT3,三連単,1-4-3,430,2
2026-04-20,23,1,W,ワイド,1=4,100,1
2026-04-20,23,1,W,ワイド,1=3,140,3
2026-04-20,23,1,W,ワイド,3=4,120,2
2026-04-20,23,2,SH2,二車複,4=5,120,1
2026-04-20,23,2,ST2,二車単,4-5,230,1
2026-04-20,23,2,RH3,三連複,3=4=5,1120,4
2026-04-20,23,2,RT3,三連単,4-5-3,2560,7
2026-04-20,23,2,W,ワイド,4=5,120,1
2026-04-20,23,2,W,ワイド,3=4,300,6
2026-04-20,23,2,W,ワイド,3=5,570,8
2026-04-20,23,3,SH2,二車複,5=7,1120,5
2026-04-20,23,3,ST2,二車単,5-7,1370,5
2026-04-20,23,3,RH3,三連複,1=5=7,680,2
2026-04-20,23,3,RT3,三連単,5-7-1,3590,8
2026-04-20,23,3,W,ワイド,5=7,220,2
2026-04-20,23,3,W,ワイド,1=5,190,1
2026-04-20,23,3,W,ワイド,1=7,250,3
2026-04-20,23,4,SH2,二車複,3=5,150,1
2026-04-20,23,4,ST2,二車単,5-3,360,2
2026-04-20,23,4,RH3,三連複,1=3=5,220,1
2026-04-20,23,4,RT3,三連単,5-3-1,540,2
2026-04-20,23,4,W,ワイド,3=5,110,1
2026-04-20,23,4,W,ワイド,1=5,190,2
2026-04-20,23,4,W,ワイド,1=3,230,4
2026-04-20,23,5,SH2,二車複,3=5,640,4
2026-04-20,23,5,ST2,二車単,3-5,1670,6
2026-04-20,23,5,RH3,三連複,1=3=5,650,7
2026-04-20,23,5,RH3,三連複,3=5=6,1530,9
2026-04-20,23,5,RT3,三連単,3-5-1,2650,23
2026-04-20,23,5,RT3,三連単,3-5-6,2530,19
2026-04-20,23,5,W,ワイド,3=5,190,5
2026-04-20,23,5,W,ワイド,1=3,440,11
2026-04-20,23,5,W,ワイド,3=6,1500,15
2026-04-20,23,5,W,ワイド,1=5,330,8
2026-04-20,23,5,W,ワイド,5=6,1400,14
2026-04-20,23,6,SH2,二車複,3=7,160,1
2026-04-20,23,6,ST2,二車単,3-7,220,1
2026-04-20,23,6,RH3,三連複,1=3=7,300,2
2026-04-20,23,6,RT3,三連単,3-7-1,590,1
2026-04-20,23,6,W,ワイド,3=7,130,1
2026-04-20,23,6,W,ワイド,1=3,300,6
2026-04-20,23,6,W,ワイド,1=7,160,2
2026-04-20,23,7,SH2,二車複,1=3,970,3
2026-04-20,23,7,ST2,二車単,3-1,3050,8
2026-04-20,23,7,RH3,三連複,1=3=4,1460,6
2026-04-20,23,7,RT3,三連単,3-1-4,9440,26
2026-04-20,23,7,W,ワイド,1=3,420,7
2026-04-20,23,7,W,ワイド,3=4,810,10
2026-04-20,23,7,W,ワイド,1=4,170,2
2026-04-20,63,1,SH2,二車複,1=5,250,1
2026-04-20,63,1,ST2,二車単,1-5,500,1
2026-04-20,63,1,RH3,三連複,1=4=5,2650,11
2026-04-20,63,1,RT3,三連単,1-5-4,5020,22
2026-04-20,63,1,W,ワイド,1=5,150,1
2026-04-20,63,1,W,ワイド,1=4,670,10
2026-04-20,63,1,W,ワイド,4=5,920,14
2026-04-20,63,2,SH2,二車複,2=4,110,1
2026-04-20,63,2,ST2,二車単,2-4,340,2
2026-04-20,63,2,RH3,三連複,2=4=6,170,1
2026-04-20,63,2,RT3,三連単,2-4-6,530,2
2026-04-20,63,2,W,ワイド,2=4,100,1
2026-04-20,63,2,W,ワイド,2=6,130,2
2026-04-20,63,2,W,ワイド,4=6,150,3
2026-04-20,63,3,SH2,二車複,2=6,5030,10
2026-04-20,63,3,ST2,二車単,6-2,9330,22
2026-04-20,63,3,RH3,三連複,2=6=7,3710,12
2026-04-20,63,3,RT3,三連単,6-2-7,41150,74
2026-04-20,63,3,W,ワイド,2=6,2140,16
2026-04-20,63,3,W,ワイド,6=7,1690,14
2026-04-20,63,3,W,ワイド,2=7,480,7
2026-04-20,63,4,SH2,二車複,3=4,1450,5
2026-04-20,63,4,ST2,二車単,3-4,2990,10
2026-04-20,63,4,RH3,三連複,3=4=6,3400,8
2026-04-20,63,4,RT3,三連単,3-4-6,8820,31
2026-04-20,63,4,W,ワイド,3=4,470,7
2026-04-20,63,4,W,ワイド,3=6,1110,13
2026-04-20,63,4,W,ワイド,4=6,900,11
2026-04-20,63,5,SH2,二車複,4=7,220,1
2026-04-20,63,5,ST2,二車単,4-7,200,1
2026-04-20,63,5,RH3,三連複,1=4=7,410,1
2026-04-20,63,5,RT3,三連単,4-7-1,720,1
2026-04-20,63,5,W,ワイド,4=7,110,1
2026-04-20,63,5,W,ワイド,1=4,270,2
2026-04-20,63,5,W,ワイド,1=7,300,4
2026-04-20,63,6,SH2,二車複,1=4,240,1
2026-04-20,63,6,ST2,二車単,4-1,920,3
2026-04-20,63,6,RH3,三連複,1=4=7,210,1
2026-04-20,63,6,RT3,三連単,4-1-7,1550,3
2026-04-20,63,6,W,ワイド,1=4,110,2
2026-04-20,63,6,W,ワイド,4=7,160,3
2026-04-20,63,6,W,ワイド,1=7,110,1
2026-04-20,63,7,SH2,二車複,2=6,920,5
2026-04-20,63,7,ST2,二車単,2-6,800,2
2026-04-20,63,7,RH3,三連複,1=2=6,1940,10
2026-04-20,63,7,RT3,三連単,2-6-1,6040,19
2026-04-20,63,7,W,ワイド,2=6,420,7
2026-04-20,63,7,W,ワイド,1=2,320,4
2026-04-20,63,7,W,ワイド,1=6,1590,17
2026-04-21,11,1,SH2,二車複,2=4,480,3
2026-04-21,11,1,ST2,二車単,4-2,1290,6
2026-04-21,11,1,RH3,三連複,1=2=4,370,2
2026-04-21,11,1,RT3,三連単,4-2-1,4000,17
2026-04-21,11,1,W,ワイド,2=4,240,4
2026-04-21,11,1,W,ワイド,1=4,200,3
2026-04-21,11,1,W,ワイド,1=2,120,2
2026-04-21,11,2,SH2,二車複,1=2,1070,5
2026-04-21,11,2,ST2,二車単,2-1,1330,4
2026-04-21,11,2,RH3,三連複,1=2=3,910,4
2026-04-21,11,2,RT3,三連単,2-1-3,3920,11
2026-04-21,11,2,W,ワイド,1=2,210,2
2026-04-21,11,2,W,ワイド,2=3,250,3
2026-04-21,11,2,W,ワイド,1=3,340,6
2026-04-21,11,3,SH2,二車複,2=4,1920,4
2026-04-21,11,3,ST2,二車単,4-2,2250,5
2026-04-21,11,3,RH3,三連複,2=3=4,3980,7
2026-04-21,11,3,RT3,三連単,4-2-3,17020,24
2026-04-21,11,3,W,ワイド,2=4,200,3
2026-04-21,11,3,W,ワイド,3=4,490,5
2026-04-21,11,3,W,ワイド,2=3,620,6
2026-04-21,11,4,SH2,二車複,1=4,210,1
2026-04-21,11,4,ST2,二車単,1-4,310,1
2026-04-21,11,4,RH3,三連複,1=4=6,320,1
2026-04-21,11,4,RT3,三連単,1-4-6,680,1
2026-04-21,11,4,W,ワイド,1=4,160,1
2026-04-21,11,4,W,ワイド,1=6,250,3
2026-04-21,11,4,W,ワイド,4=6,320,5
2026-04-21,11,5,SH2,二車複,1=2,130,1
2026-04-21,11,5,ST2,二車単,2-1,210,1
2026-04-21,11,5,RH3,三連複,1=2=4,230,1
2026-04-21,11,5,RT3,三連単,2-1-4,580,3
2026-04-21,11,5,W,ワイド,1=2,110,1
2026-04-21,11,5,W,ワイド,2=4,200,4
2026-04-21,11,5,W,ワイド,1=4,210,5
2026-04-21,11,6,SH2,二車複,1=3,1150,5
2026-04-21,11,6,ST2,二車単,3-1,2680,11
2026-04-21,11,6,RH3,三連複,1=3=6,3690,15
2026-04-21,11,6,RT3,三連単,3-1-6,23600,98
2026-04-21,11,6,W,ワイド,1=3,350,4
2026-04-21,11,6,W,ワイド,3=6,650,12
2026-04-21,11,6,W,ワイド,1=6,430,6
2026-04-21,11,7,SH2,二車複,2=3,210,1
2026-04-21,11,7,ST2,二車単,3-2,350,1
2026-04-21,11,7,RH3,三連複,2=3=6,2730,7
2026-04-21,11,7,RT3,三連単,3-2-6,5710,16
2026-04-21,11,7,W,ワイド,2=3,150,1
2026-04-21,11,7,W,ワイド,3=6,1130,13
2026-04-21,11,7,W,ワイド,2=6,590,8
2026-04-21,11,8,SH2,二車複,1=7,670,2
2026-04-21,11,8,ST2,二車単,1-7,620,2
2026-04-21,11,8,RH3,三連複,1=4=7,1880,6
2026-04-21,11,8,RT3,三連単,1-7-4,3860,11
2026-04-21,11,8,W,ワイド,1=7,260,5
2026-04-21,11,8,W,ワイド,1=4,240,4
2026-04-21,11,8,W,ワイド,4=7,890,11
2026-04-21,11,9,SH2,二車複,1=2,250,1
2026-04-21,11,9,ST2,二車単,1-2,280,1
2026-04-21,11,9,RH3,三連複,1=2=4,560,3
2026-04-21,11,9,RT3,三連単,1-2-4,870,2
2026-04-21,11,9,W,ワイド,1=2,120,1
2026-04-21,11,9,W,ワイド,1=4,210,3
2026-04-21,11,9,W,ワイド,2=4,450,9
2026-04-21,23,1,SH2,二車複,3=5,3130,7
2026-04-21,23,1,ST2,二車単,3-5,3760,11
2026-04-21,23,1,RH3,三連複,2=3=5,7700,14
2026-04-21,23,1,RT3,三連単,3-5-2,48210,69
2026-04-21,23,1,W,ワイド,3=5,770,11
2026-04-21,23,1,W,ワイド,2=3,530,7
2026-04-21,23,1,W,ワイド,2=5,1500,14
2026-04-21,23,2,SH2,二車複,3=5,150,1
2026-04-21,23,2,ST2,二車単,5-3,230,1
2026-04-21,23,2,RH3,三連複,2=3=5,170,1
2026-04-21,23,2,RT3,三連単,5-3-2,340,1
2026-04-21,23,2,W,ワイド,3=5,110,1
2026-04-21,23,2,W,ワイド,2=5,150,2
2026-04-21,23,2,W,ワイド,2=3,160,3
2026-04-21,23,3,SH2,二車複,4=5,1000,2
2026-04-21,23,3,ST2,二車単,5-4,4170,10
2026-04-21,23,3,RH3,三連複,1=4=5,170,1
2026-04-21,23,3,RT3,三連単,5-4-1,7350,13
2026-04-21,23,3,W,ワイド,4=5,140,2
2026-04-21,23,3,W,ワイド,1=5,170,3
2026-04-21,23,3,W,ワイド,1=4,100,1
2026-04-21,23,4,SH2,二車複,5=7,4190,12
2026-04-21,23,4,ST2,二車単,5-7,5810,19
2026-04-21,23,4,RH3,三連複,3=5=7,1200,6
2026-04-21,23,4,RT3,三連単,5-7-3,13560,39
2026-04-21,23,4,W,ワイド,5=7,540,10
2026-04-21,23,4,W,ワイド,3=5,100,1
2026-04-21,23,4,W,ワイド,3=7,390,6
2026-04-21,23,5,SH2,二車複,5=6,210,1
2026-04-21,23,5,ST2,二車単,6-5,860,4
2026-04-21,23,5,RH3,三連複,3=5=6,410,1
2026-04-21,23,5,RT3,三連単,6-5-3,1690,5
2026-04-21,23,5,W,ワイド,5=6,160,1
2026-04-21,23,5,W,ワイド,3=6,290,6
2026-04-21,23,5,W,ワイド,3=5,220,3
2026-04-21,23,6,SH2,二車複,2=7,330,1
2026-04-21,23,6,ST2,二車単,7-2,330,1
2026-04-21,23,6,RH3,三連複,2=3=7,470,2
2026-04-21,23,6,RT3,三連単,7-2-3,620,1
2026-04-21,23,6,W,ワイド,2=7,160,1
2026-04-21,23,6,W,ワイド,3=7,340,4
2026-04-21,23,6,W,ワイド,2=3,420,5
2026-04-21,23,7,SH2,二車複,2=4,550,2
2026-04-21,23,7,ST2,二車単,2-4,1630,7
2026-04-21,23,7,RH3,三連複,2=4=6,780,3
2026-04-21,23,7,RT3,三連単,2-4-6,6290,25
2026-04-21,23,7,W,ワイド,2=4,170,1
2026-04-21,23,7,W,ワイド,2=6,490,7
2026-04-21,23,7,W,ワイド,4=6,230,3
2026-04-21,73,1,SH2,二車複,1=7,220,1
2026-04-21,73,1,ST2,二車単,7-1,540,3
2026-04-21,73,1,RH3,三連複,1=4=7,170,1
2026-04-21,73,1,RT3,三連単,7-1-4,910,4
2026-04-21,73,1,W,ワイド,1=7,100,1
2026-04-21,73,1,W,ワイド,4=7,180,4
2026-04-21,73,1,W,ワイド,1=4,110,2
2026-04-21,73,2,SH2,二車複,1=7,140,1
2026-04-21,73,2,ST2,二車単,1-7,200,1
2026-04-21,73,2,RH3,三連複,1=4=7,190,1
2026-04-21,73,2,RT3,三連単,1-7-4,350,1
2026-04-21,73,2,W,ワイド,1=7,110,1
2026-04-21,73,2,W,ワイド,1=4,160,2
2026-04-21,73,2,W,ワイド,4=7,190,4
2026-04-21,73,3,SH2,二車複,3=5,170,1
2026-04-21,73,3,ST2,二車単,3-5,180,1
2026-04-21,73,3,RH3,三連複,3=5=6,380,2
2026-04-21,73,3,RT3,三連単,3-5-6,460,1
2026-04-21,73,3,W,ワイド,3=5,150,1
2026-04-21,73,3,W,ワイド,3=6,280,4
2026-04-21,73,3,W,ワイド,5=6,330,6
2026-04-21,73,4,SH2,二車複,3=5,11190,13
2026-04-21,73,4,ST2,二車単,5-3,31940,25
2026-04-21,73,4,RH3,三連複,3=5=7,13230,18
2026-04-21,73,4,RT3,三連単,5-3-7,181830,114
2026-04-21,73,4,W,ワイド,3=5,1850,13
2026-04-21,73,4,W,ワイド,5=7,490,5
2026-04-21,73,4,W,ワイド,3=7,850,9
2026-04-21,73,5,SH2,二車複,1=5,160,1
2026-04-21,73,5,ST2,二車単,1-5,200,1
2026-04-21,73,5,RH3,三連複,1=5=6,5010,11
2026-04-21,73,5,RT3,三連単,1-5-6,7600,18
2026-04-21,73,5,W,ワイド,1=5,130,1
2026-04-21,73,5,W,ワイド,1=6,830,8
2026-04-21,73,5,W,ワイド,5=6,1760,14
2026-04-21,73,6,SH2,二車複,1=4,1400,7
2026-04-21,73,6,ST2,二車単,1-4,2580,13
2026-04-21,73,6,RH3,三連複,1=4=7,660,2
2026-04-21,73,6,RT3,三連単,1-4-7,6600,28
2026-04-21,73,6,W,ワイド,1=4,220,3
2026-04-21,73,6,W,ワイド,1=7,280,5
2026-04-21,73,6,W,ワイド,4=7,130,1
2026-04-21,73,7,SH2,二車複,4=5,240,1
2026-04-21,73,7,ST2,二車単,4-5,280,1
2026-04-21,73,7,RH3,三連複,4=5=6,2280,9
2026-04-21,73,7,RT3,三連単,4-5-6,3360,8
2026-04-21,73,7,W,ワイド,4=5,200,2
2026-04-21,73,7,W,ワイド,4=6,540,8
2026-04-21,73,7,W,ワイド,5=6,1170,12
2026-04-21,73,8,SH2,二車複,3=7,160,1
2026-04-21,73,8,ST2,二車単,3-7,200,1
2026-04-21,73,8,RH3,三連複,3=6=7,340,1
2026-04-21,73,8,RT3,三連単,3-7-6,660,1
2026-04-21,73,8,W,ワイド,3=7,120,1
2026-04-21,73,8,W,ワイド,3=6,280,3
2026-04-21,73,8,W,ワイド,6=7,310,5
2026-04-21,73,9,SH2,二車複,2=4,160,1
2026-04-21,73,9,ST2,二車単,4-2,190,1
2026-04-21,73,9,RH3,三連複,2=4=5,1520,5
2026-04-21,73,9,RT3,三連単,4-2-5,2280,6
2026-04-21,73,9,W,ワイド,2=4,120,1
2026-04-21,73,9,W,ワイド,4=5,410,6
2026-04-21,73,9,W,ワイド,2=5,790,11
2026-04-21,73,10,SH2,二車複,2=5,110,1
2026-04-21,73,10,ST2,二車単,2-5,170,1
2026-04-21,73,10,RH3,三連複,2=4=5,520,2
2026-04-21,73,10,RT3,三連単,2-5-4,810,3
2026-04-21,73,10,W,ワイド,2=5,110,1
2026-04-21,73,10,W,ワイド,2=4,330,4
2026-04-21,73,10,W,ワイド,4=5,340,5
2026-04-21,73,11,SH2,二車複,2=7,4100,12
2026-04-21,73,11,ST2,二車単,2-7,10250,19
2026-04-21,73,11,RH3,三連複,1=2=7,4390,13
2026-04-21,73,11,RT3,三連単,2-7-1,58930,110
2026-04-21,73,11,W,ワイド,2=7,980,13
2026-04-21,73,11,W,ワイド,1=2,500,7
2026-04-21,73,11,W,ワイド,1=7,250,2
2026-04-21,84,1,WH2,枠複,1=2,630,2
2026-04-21,84,1,WT2,枠単,2-1,1500,5
2026-04-21,84,1,SH2,二車複,1=2,920,3
2026-04-21,84,1,ST2,二車単,2-1,1260,3
2026-04-21,84,1,RH3,三連複,1=2=7,2550,8
2026-04-21,84,1,RT3,三連単,2-1-7,8230,22
2026-04-21,84,1,W,ワイド,1=2,260,2
2026-04-21,84,1,W,ワイド,2=7,650,9
2026-04-21,84,1,W,ワイド,1=7,490,6
2026-04-21,84,2,WH2,枠複,2=5,290,1
2026-04-21,84,2,WT2,枠単,2-5,1110,5
2026-04-21,84,2,SH2,二車複,2=5,410,2
2026-04-21,84,2,ST2,二車単,2-5,970,4
2026-04-21,84,2,RH3,三連複,1=2=5,520,2
2026-04-21,84,2,RT3,三連単,2-5-1,3410,11
2026-04-21,84,2,W,ワイド,2=5,140,1
2026-04-21,84,2,W,ワイド,1=2,370,6
2026-04-21,84,2,W,ワイド,1=5,220,3
2026-04-21,84,3,WH2,枠複,5=6,190,1
2026-04-21,84,3,WT2,枠単,5-6,290,1
2026-04-21,84,3,SH2,二車複,5=7,320,1
2026-04-21,84,3,ST2,二車単,5-7,370,1
2026-04-21,84,3,RH3,三連複,1=5=7,360,1
2026-04-21,84,3,RT3,三連単,5-7-1,950,1
2026-04-21,84,3,W,ワイド,5=7,130,1
2026-04-21,84,3,W,ワイド,1=5,140,2
2026-04-21,84,3,W,ワイド,1=7,270,3
2026-04-21,84,4,WH2,枠複,5=6,910,5
2026-04-21,84,4,WT2,枠単,5-6,1520,8
2026-04-21,84,4,SH2,二車複,7=9,3600,15
2026-04-21,84,4,ST2,二車単,7-9,5250,25
2026-04-21,84,4,RH3,三連複,4=7=9,19640,68
2026-04-21,84,4,RT3,三連単,7-9-4,74800,236
2026-04-21,84,4,W,ワイド,7=9,1060,18
2026-04-21,84,4,W,ワイド,4=7,3550,35
2026-04-21,84,4,W,ワイド,4=9,3830,36
2026-04-21,84,5,WH2,枠複,3=6,2140,11
2026-04-21,84,5,WT2,枠単,3-6,4330,19
2026-04-21,84,5,SH2,二車複,3=9,2380,10
2026-04-21,84,5,ST2,二車単,3-9,4000,18
2026-04-21,84,5,RH3,三連複,3=6=9,8550,34
2026-04-21,84,5,RT3,三連単,3-9-6,66490,196
2026-04-21,84,5,W,ワイド,3=9,1070,14
2026-04-21,84,5,W,ワイド,3=6,1240,19
2026-04-21,84,5,W,ワイド,6=9,4600,29
2026-04-21,84,6,WH2,枠複,2=6,940,3
2026-04-21,84,6,WT2,枠単,2-6,1380,4
2026-04-21,84,6,SH2,二車複,2=9,850,2
2026-04-21,84,6,ST2,二車単,2-9,1280,4
2026-04-21,84,6,RH3,三連複,2=4=9,1780,5
2026-04-21,84,6,RT3,三連単,2-9-4,3500,6
2026-04-21,84,6,W,ワイド,2=9,460,4
2026-04-21,84,6,W,ワイド,2=4,600,8
2026-04-21,84,6,W,ワイド,4=9,1290,15
2026-04-21,84,7,WH2,枠複,3=5,1500,6
2026-04-21,84,7,WT2,枠単,5-3,2480,8
2026-04-21,84,7,SH2,二車複,3=7,1620,4
2026-04-21,84,7,ST2,二車単,7-3,2300,7
2026-04-21,84,7,RH3,三連複,1=3=7,4160,14
2026-04-21,84,7,RT3,三連単,7-3-1,15620,40
2026-04-21,84,7,W,ワイド,3=7,420,5
2026-04-21,84,7,W,ワイド,1=7,660,7
2026-04-21,84,7,W,ワイド,1=3,830,13
2026-04-21,84,8,WH2,枠複,4=6,250,1
2026-04-21,84,8,WT2,枠単,6-4,640,1
2026-04-21,84,8,SH2,二車複,5=9,310,1
2026-04-21,84,8,ST2,二車単,9-5,640,2
2026-04-21,84,8,RH3,三連複,1=5=9,700,2
2026-04-21,84,8,RT3,三連単,9-5-1,3000,4
2026-04-21,84,8,W,ワイド,5=9,180,1
2026-04-21,84,8,W,ワイド,1=9,300,3
2026-04-21,84,8,W,ワイド,1=5,360,4
2026-04-21,84,9,WH2,枠複,2=4,340,1
2026-04-21,84,9,WT2,枠単,2-4,370,1
2026-04-21,84,9,SH2,二車複,2=4,380,1
2026-04-21,84,9,ST2,二車単,2-4,410,1
2026-04-21,84,9,RH3,三連複,2=4=6,980,2
2026-04-21,84,9,RT3,三連単,2-4-6,1440,2
2026-04-21,84,9,W,ワイド,2=4,310,3
2026-04-21,84,9,W,ワイド,2=6,800,10
2026-04-21,84,9,W,ワイド,4=6,1130,14
2026-04-21,84,10,WH2,枠複,2=6,290,1
2026-04-21,84,10,WT2,枠単,2-6,480,1
2026-04-21,84,10,SH2,二車複,2=8,11550,24
2026-04-21,84,10,ST2,二車単,2-8,14290,35
2026-04-21,84,10,RH3,三連複,2=8=9,3800,13
2026-04-21,84,10,RT3,三連単,2-8-9,53840,106
2026-04-21,84,10,W,ワイド,2=8,1580,22
2026-04-21,84,10,W,ワイド,2=9,190,1
2026-04-21,84,10,W,ワイド,8=9,1680,23
2026-04-21,84,11,WH2,枠複,3=4,1070,6
2026-04-21,84,11,WT2,枠単,4-3,2320,15
2026-04-21,84,11,SH2,二車複,3=5,960,3
2026-04-21,84,11,ST2,二車単,5-3,2360,9
2026-04-21,84,11,RH3,三連複,2=3=5,1550,3
2026-04-21,84,11,RT3,三連単,5-3-2,11700,43
2026-04-21,84,11,W,ワイド,3=5,310,2
2026-04-21,84,11,W,ワイド,2=5,370,4
2026-04-21,84,11,W,ワイド,2=3,320,3
2026-04-21,84,12,WH2,枠複,2=6,370,1
2026-04-21,84,12,WT2,枠単,2-6,460,1
2026-04-21,84,12,SH2,二車複,2=9,390,1
2026-04-21,84,12,ST2,二車単,2-9,500,1
2026-04-21,84,12,RH3,三連複,2=8=9,5450,21
2026-04-21,84,12,RT3,三連単,2-9-8,8450,30
2026-04-21,84,12,W,ワイド,2=9,280,2
2026-04-21,84,12,W,ワイド,2=8,930,13
2026-04-21,84,12,W,ワイド,8=9,2830,29
2026-04-22,21,1,SH2,二車複,1=3,890,5
2026-04-22,21,1,ST2,二車単,1-3,1620,9
2026-04-22,21,1,RH3,三連複,1=2=3,510,1
2026-04-22,21,1,RT3,三連単,1-3-2,4610,19
2026-04-22,21,1,W,ワイド,1=3,260,4
2026-04-22,21,1,W,ワイド,1=2,190,1
2026-04-22,21,1,W,ワイド,2=3,220,3
2026-04-22,21,2,SH2,二車複,1=3,180,1
2026-04-22,21,2,ST2,二車単,1-3,320,1
2026-04-22,21,2,RH3,三連複,1=2=3,350,1
2026-04-22,21,2,RT3,三連単,1-3-2,960,2
2026-04-22,21,2,W,ワイド,1=3,110,1
2026-04-22,21,2,W,ワイド,1=2,180,3
2026-04-22,21,2,W,ワイド,2=3,160,2
2026-04-22,21,3,SH2,二車複,2=4,1110,4
2026-04-22,21,3,ST2,二車単,4-2,2560,9
2026-04-22,21,3,RH3,三連複,2=3=4,690,3
2026-04-22,21,3,RT3,三連単,4-2-3,6970,21
2026-04-22,21,3,W,ワイド,2=4,280,5
2026-04-22,21,3,W,ワイド,3=4,410,7
2026-04-22,21,3,W,ワイド,2=3,140,1
2026-04-22,21,4,SH2,二車複,1=2,180,1
2026-04-22,21,4,ST2,二車単,1-2,280,1
2026-04-22,21,4,RH3,三連複,1=2=6,610,2
2026-04-22,21,4,RT3,三連単,1-2-6,1280,5
2026-04-22,21,4,W,ワイド,1=2,130,1
2026-04-22,21,4,W,ワイド,1=6,310,6
2026-04-22,21,4,W,ワイド,2=6,350,7
2026-04-22,21,5,SH2,二車複,1=2,160,1
2026-04-22,21,5,ST2,二車単,1-2,200,1
2026-04-22,21,5,RH3,三連複,1=2=4,180,1
2026-04-22,21,5,RT3,三連単,1-2-4,340,1
2026-04-22,21,5,W,ワイド,1=2,110,1
2026-04-22,21,5,W,ワイド,1=4,150,2
2026-04-22,21,5,W,ワイド,2=4,190,3
2026-04-22,21,6,SH2,二車複,1=2,100,1
2026-04-22,21,6,ST2,二車単,2-1,320,2
2026-04-22,21,6,RH3,三連複,1=2=3,120,1
2026-04-22,21,6,RT3,三連単,2-1-3,350,2
2026-04-22,21,6,W,ワイド,1=2,100,1
2026-04-22,21,6,W,ワイド,2=3,130,3
2026-04-22,21,6,W,ワイド,1=3,110,2
2026-04-22,21,7,SH2,二車複,1=3,250,1
2026-04-22,21,7,ST2,二車単,1-3,270,1
2026-04-22,21,7,RH3,三連複,1=3=4,1710,7
2026-04-22,21,7,RT3,三連単,1-3-4,2800,9
2026-04-22,21,7,W,ワイド,1=3,180,2
2026-04-22,21,7,W,ワイド,1=4,510,8
2026-04-22,21,7,W,ワイド,3=4,1360,15
2026-04-22,28,1,SH2,二車複,4=5,1180,5
2026-04-22,28,1,ST2,二車単,5-4,1860,7
2026-04-22,28,1,RH3,三連複,1=4=5,1480,5
2026-04-22,28,1,RT3,三連単,5-4-1,7140,19
2026-04-22,28,1,W,ワイド,4=5,390,5
2026-04-22,28,1,W,ワイド,1=5,170,1
2026-04-22,28,1,W,ワイド,1=4,920,10
2026-04-22,28,2,SH2,二車複,2=7,5930,11
2026-04-22,28,2,ST2,二車単,7-2,29880,28
2026-04-22,28,2,RH3,三連複,2=3=7,4180,13
2026-04-22,28,2,RT3,三連単,7-2-3,69420,100
2026-04-22,28,2,W,ワイド,2=7,1030,13
2026-04-22,28,2,W,ワイド,3=7,910,10
2026-04-22,28,2,W,ワイド,2=3,360,4
2026-04-22,28,3,SH2,二車複,2=7,190,1
2026-04-22,28,3,ST2,二車単,7-2,1510,5
2026-04-22,28,3,RH3,三連複,2=3=7,1300,6
2026-04-22,28,3,RT3,三連単,7-2-3,11410,33
2026-04-22,28,3,W,ワイド,2=7,140,1
2026-04-22,28,3,W,ワイド,3=7,860,13
2026-04-22,28,3,W,ワイド,2=3,580,8
2026-04-22,28,4,SH2,二車複,5=7,4640,8
2026-04-22,28,4,ST2,二車単,7-5,6370,11
2026-04-22,28,4,RH3,三連複,1=5=7,17730,26
2026-04-22,28,4,RT3,三連単,7-5-1,73690,79
2026-04-22,28,4,W,ワイド,5=7,390,5
2026-04-22,28,4,W,ワイド,1=7,1070,10
2026-04-22,28,4,W,ワイド,1=5,3560,20
2026-04-22,28,5,SH2,二車複,1=5,120,1
2026-04-22,28,5,ST2,二車単,1-5,220,1
2026-04-22,28,5,RH3,三連複,1=5=6,1090,4
2026-04-22,28,5,RT3,三連単,1-5-6,1910,7
2026-04-22,28,5,W,ワイド,1=5,120,1
2026-04-22,28,5,W,ワイド,1=6,660,10
2026-04-22,28,5,W,ワイド,5=6,860,13
2026-04-22,28,6,SH2,二車複,1=4,120,1
2026-04-22,28,6,ST2,二車単,1-4,540,2
2026-04-22,28,6,RH3,三連複,1=4=5,310,2
2026-04-22,28,6,RT3,三連単,1-4-5,2570,8
2026-04-22,28,6,W,ワイド,1=4,100,1
2026-04-22,28,6,W,ワイド,1=5,270,5
2026-04-22,28,6,W,ワイド,4=5,180,2
2026-04-22,28,7,SH2,二車複,3=7,360,1
2026-04-22,28,7,ST2,二車単,7-3,1410,5
2026-04-22,28,7,RH3,三連複,1=3=7,1290,5
2026-04-22,28,7,RT3,三連単,7-3-1,7510,26
2026-04-22,28,7,W,ワイド,3=7,180,1
2026-04-22,28,7,W,ワイド,1=7,980,19
2026-04-22,28,7,W,ワイド,1=3,370,6
2026-04-22,38,1,SH2,二車複,5=7,620,2
2026-04-22,38,1,ST2,二車単,5-7,1160,3
2026-04-22,38,1,RH3,三連複,1=5=7,220,1
2026-04-22,38,1,RT3,三連単,5-7-1,2130,4
2026-04-22,38,1,W,ワイド,5=7,200,3
2026-04-22,38,1,W,ワイド,1=5,100,1
2026-04-22,38,1,W,ワイド,1=7,180,2
2026-04-22,38,2,SH2,二車複,2=4,790,5
2026-04-22,38,2,ST2,二車単,2-4,1700,10
2026-04-22,38,2,RH3,三連複,2=3=4,1510,6
2026-04-22,38,2,RT3,三連単,2-4-3,5750,22
2026-04-22,38,2,W,ワイド,2=4,270,3
2026-04-22,38,2,W,ワイド,2=3,440,7
2026-04-22,38,2,W,ワイド,3=4,1220,13
2026-04-22,38,3,SH2,二車複,2=5,130,1
2026-04-22,38,3,ST2,二車単,5-2,230,1
2026-04-22,38,3,RH3,三連複,2=5=7,450,1
2026-04-22,38,3,RT3,三連単,5-2-7,760,2
2026-04-22,38,3,W,ワイド,2=5,120,1
2026-04-22,38,3,W,ワイド,5=7,200,2
2026-04-22,38,3,W,ワイド,2=7,260,5
2026-04-22,38,4,SH2,二車複,4=7,390,2
2026-04-22,38,4,ST2,二車単,4-7,690,2
2026-04-22,38,4,RH3,三連複,4=6=7,3990,15
2026-04-22,38,4,RT3,三連単,4-7-6,10530,37
2026-04-22,38,4,W,ワイド,4=7,230,2
2026-04-22,38,4,W,ワイド,4=6,750,12
2026-04-22,38,4,W,ワイド,6=7,1440,18
2026-04-22,38,5,SH2,二車複,2=4,640,2
2026-04-22,38,5,ST2,二車単,2-4,820,3
2026-04-22,38,5,RH3,三連複,2=4=7,4980,13
2026-04-22,38,5,RT3,三連単,2-4-7,8410,22
2026-04-22,38,5,W,ワイド,2=4,220,2
2026-04-22,38,5,W,ワイド,2=7,520,7
2026-04-22,38,5,W,ワイド,4=7,2090,19
2026-04-22,38,6,SH2,二車複,1=4,250,1
2026-04-22,38,6,ST2,二車単,4-1,350,1
2026-04-22,38,6,RH3,三連複,1=3=4,820,3
2026-04-22,38,6,RT3,三連単,4-1-3,2110,7
2026-04-22,38,6,W,ワイド,1=4,180,2
2026-04-22,38,6,W,ワイド,3=4,240,4
2026-04-22,38,6,W,ワイド,1=3,370,8
2026-04-22,38,7,SH2,二車複,4=5,140,1
2026-04-22,38,7,ST2,二車単,4-5,260,1
2026-04-22,38,7,RH3,三連複,4=5=7,540,2
2026-04-22,38,7,RT3,三連単,4-5-7,840,2
2026-04-22,38,7,W,ワイド,4=5,120,1
2026-04-22,38,7,W,ワイド,4=7,220,4
2026-04-22,38,7,W,ワイド,5=7,380,6
2026-04-22,38,8,SH2,二車複,4=5,1170,4
2026-04-22,38,8,ST2,二車単,5-4,1520,4
2026-04-22,38,8,RH3,三連複,1=4=5,200,1
2026-04-22,38,8,RT3,三連単,5-4-1,1590,5
2026-04-22,38,8,W,ワイド,4=5,200,4
2026-04-22,38,8,W,ワイド,1=5,110,1
2026-04-22,38,8,W,ワイド,1=4,190,3
2026-04-22,38,9,SH2,二車複,2=5,1240,4
2026-04-22,38,9,ST2,二車単,2-5,1660,5
2026-04-22,38,9,RH3,三連複,2=5=7,2970,13
2026-04-22,38,9,RT3,三連単,2-5-7,5800,16
2026-04-22,38,9,W,ワイド,2=5,630,10
2026-04-22,38,9,W,ワイド,2=7,770,13
2026-04-22,38,9,W,ワイド,5=7,890,14
2026-04-22,38,10,SH2,二車複,2=7,910,5
2026-04-22,38,10,ST2,二車単,2-7,1490,6
2026-04-22,38,10,RH3,三連複,1=2=7,3560,15
2026-04-22,38,10,RT3,三連単,2-7-1,11050,46
2026-04-22,38,10,W,ワイド,2=7,560,9
2026-04-22,38,10,W,ワイド,1=2,450,6
2026-04-22,38,10,W,ワイド,1=7,1430,17
2026-04-22,38,11,SH2,二車複,4=5,840,2
2026-04-22,38,11,ST2,二車単,5-4,1260,5
2026-04-22,38,11,RH3,三連複,1=4=5,1480,6
2026-04-22,38,11,RT3,三連単,5-4-1,2490,7
2026-04-22,38,11,W,ワイド,4=5,470,7
2026-04-22,38,11,W,ワイド,1=5,350,3
2026-04-22,38,11,W,ワイド,1=4,1080,13
2026-04-22,38,12,SH2,二車複,2=4,11800,16
2026-04-22,38,12,ST2,二車単,4-2,36060,32
2026-04-22,38,12,RH3,三連複,2=4=5,8570,13
2026-04-22,38,12,RT3,三連単,4-2-5,153460,119
2026-04-22,38,12,W,ワイド,2=4,2140,14
2026-04-22,38,12,W,ワイド,4=5,520,5
2026-04-22,38,12,W,ワイド,2=5,290,3
2026-04-22,75,1,SH2,二車複,4=5,1940,8
2026-04-22,75,1,ST2,二車単,5-4,4210,15
2026-04-22,75,1,RH3,三連複,2=4=5,660,4
2026-04-22,75,1,RT3,三連単,5-4-2,9530,40
2026-04-22,75,1,W,ワイド,4=5,590,9
2026-04-22,75,1,W,ワイド,2=5,300,3
2026-04-22,75,1,W,ワイド,2=4,340,4
2026-04-22,75,2,SH2,二車複,3=5,390,2
2026-04-22,75,2,ST2,二車単,3-5,1340,7
2026-04-22,75,2,RH3,三連複,2=3=5,1010,5
2026-04-22,75,2,RT3,三連単,3-5-2,4850,21
2026-04-22,75,2,W,ワイド,3=5,270,2
2026-04-22,75,2,W,ワイド,2=3,560,8
2026-04-22,75,2,W,ワイド,2=5,400,5
2026-04-22,75,3,SH2,二車複,3=4,430,2
2026-04-22,75,3,ST2,二車単,4-3,920,3
2026-04-22,75,3,RH3,三連複,1=3=4,1280,6
2026-04-22,75,3,RT3,三連単,4-3-1,3220,10
2026-04-22,75,3,W,ワイド,3=4,340,6
2026-04-22,75,3,W,ワイド,1=4,330,4
2026-04-22,75,3,W,ワイド,1=3,940,14
2026-04-22,75,4,SH2,二車複,1=3,440,2
2026-04-22,75,4,ST2,二車単,1-3,720,2
2026-04-22,75,4,RH3,三連複,1=3=5,1480,5
2026-04-22,75,4,RT3,三連単,1-3-5,4420,15
2026-04-22,75,4,W,ワイド,1=3,210,2
2026-04-22,75,4,W,ワイド,1=5,490,8
2026-04-22,75,4,W,ワイド,3=5,920,14
2026-04-22,75,5,SH2,二車複,1=5,450,2
2026-04-22,75,5,ST2,二車単,5-1,750,2
2026-04-22,75,5,RH3,三連複,1=2=5,820,2
2026-04-22,75,5,RT3,三連単,5-1-2,3060,7
2026-04-22,75,5,W,ワイド,1=5,200,1
2026-04-22,75,5,W,ワイド,2=5,250,4
2026-04-22,75,5,W,ワイド,1=2,480,8
2026-04-22,75,6,SH2,二車複,3=4,160,1
2026-04-22,75,6,ST2,二車単,4-3,510,2
2026-04-22,75,6,RH3,三連複,3=4=7,730,2
2026-04-22,75,6,RT3,三連単,4-3-7,2330,3
2026-04-22,75,6,W,ワイド,3=4,140,1
2026-04-22,75,6,W,ワイド,4=7,560,9
2026-04-22,75,6,W,ワイド,3=7,370,6
2026-04-22,75,7,SH2,二車複,4=5,370,2
2026-04-22,75,7,ST2,二車単,5-4,1370,5
2026-04-22,75,7,RH3,三連複,4=5=7,680,3
2026-04-22,75,7,RT3,三連単,5-4-7,4020,15
2026-04-22,75,7,W,ワイド,4=5,220,2
2026-04-22,75,7,W,ワイド,5=7,310,4
2026-04-22,75,7,W,ワイド,4=7,260,3
2026-04-22,75,8,SH2,二車複,3=5,240,1
2026-04-22,75,8,ST2,二車単,5-3,960,3
2026-04-22,75,8,RH3,三連複,3=5=7,2870,13
2026-04-22,75,8,RT3,三連単,5-3-7,10530,34
2026-04-22,75,8,W,ワイド,3=5,190,1
2026-04-22,75,8,W,ワイド,5=7,2040,20
2026-04-22,75,8,W,ワイド,3=7,510,8
2026-04-22,75,9,SH2,二車複,4=7,950,3
2026-04-22,75,9,ST2,二車単,4-7,1640,5
2026-04-22,75,9,RH3,三連複,2=4=7,930,1
2026-04-22,75,9,RT3,三連単,4-7-2,5060,9
2026-04-22,75,9,W,ワイド,4=7,390,8
2026-04-22,75,9,W,ワイド,2=4,310,2
2026-04-22,75,9,W,ワイド,2=7,320,3
2026-04-22,75,10,SH2,二車複,1=5,200,1
2026-04-22,75,10,ST2,二車単,5-1,580,2
2026-04-22,75,10,RH3,三連複,1=5=7,230,1
2026-04-22,75,10,RT3,三連単,5-1-7,1070,2
2026-04-22,75,10,W,ワイド,1=5,130,2
2026-04-22,75,10,W,ワイド,5=7,190,3
2026-04-22,75,10,W,ワイド,1=7,130,1
2026-04-22,75,11,SH2,二車複,2=7,3200,12
2026-04-22,75,11,ST2,二車単,2-7,6290,22
2026-04-22,75,11,RH3,三連複,2=3=7,2950,15
2026-04-22,75,11,RT3,三連単,2-7-3,26550,84
2026-04-22,75,11,W,ワイド,2=7,570,9
2026-04-22,75,11,W,ワイド,2=3,1060,15
2026-04-22,75,11,W,ワイド,3=7,490,8
2026-04-22,75,12,SH2,二車複,1=7,240,1
2026-04-22,75,12,ST2,二車単,7-1,410,1
2026-04-22,75,12,RH3,三連複,1=4=7,450,2
2026-04-22,75,12,RT3,三連単,7-1-4,1490,3
2026-04-22,75,12,W,ワイド,1=7,150,1
2026-04-22,75,12,W,ワイド,4=7,260,5
2026-04-22,75,12,W,ワイド,1=4,250,4
2026-04-22,81,1,SH2,二車複,1=2,180,1
2026-04-22,81,1,ST2,二車単,1-2,240,1
2026-04-22,81,1,RH3,三連複,1=2=4,540,2
2026-04-22,81,1,RT3,三連単,1-2-4,810,3
2026-04-22,81,1,W,ワイド,1=2,120,1
2026-04-22,81,1,W,ワイド,1=4,260,4
2026-04-22,81,1,W,ワイド,2=4,410,6
2026-04-22,81,2,SH2,二車複,1=5,230,1
2026-04-22,81,2,ST2,二車単,5-1,450,2
2026-04-22,81,2,RH3,三連複,1=2=5,810,4
2026-04-22,81,2,RT3,三連単,5-1-2,2960,7
2026-04-22,81,2,W,ワイド,1=5,150,1
2026-04-22,81,2,W,ワイド,2=5,520,9
2026-04-22,81,2,W,ワイド,1=2,230,4
2026-04-22,81,3,SH2,二車複,1=3,170,1
2026-04-22,81,3,ST2,二車単,1-3,220,1
2026-04-22,81,3,RH3,三連複,1=3=6,380,2
2026-04-22,81,3,RT3,三連単,1-3-6,460,1
2026-04-22,81,3,W,ワイド,1=3,140,1
2026-04-22,81,3,W,ワイド,1=6,340,6
2026-04-22,81,3,W,ワイド,3=6,410,7
2026-04-22,81,4,SH2,二車複,1=3,470,2
2026-04-22,81,4,ST2,二車単,1-3,530,2
2026-04-22,81,4,RH3,三連複,1=2=3,150,1
2026-04-22,81,4,RT3,三連単,1-3-2,560,2
2026-04-22,81,4,W,ワイド,1=3,130,2
2026-04-22,81,4,W,ワイド,1=2,110,1
2026-04-22,81,4,W,ワイド,2=3,160,3
2026-04-22,81,5,SH2,二車複,1=2,100,1
2026-04-22,81,5,ST2,二車単,2-1,250,2
2026-04-22,81,5,RH3,三連複,1=2=3,320,2
2026-04-22,81,5,RT3,三連単,2-1-3,1040,4
2026-04-22,81,5,W,ワイド,1=2,100,1
2026-04-22,81,5,W,ワイド,2=3,170,3
2026-04-22,81,5,W,ワイド,1=3,200,5
2026-04-22,81,6,SH2,二車複,1=2,110,1
2026-04-22,81,6,ST2,二車単,1-2,140,1
2026-04-22,81,6,RH3,三連複,1=2=3,460,2
2026-04-22,81,6,RT3,三連単,1-2-3,610,2
2026-04-22,81,6,W,ワイド,1=2,100,1
2026-04-22,81,6,W,ワイド,1=3,220,4
2026-04-22,81,6,W,ワイド,2=3,320,7
2026-04-22,81,7,SH2,二車複,1=2,100,1
2026-04-22,81,7,ST2,二車単,1-2,120,1
2026-04-22,81,7,RH3,三連複,1=2=6,130,1
2026-04-22,81,7,RT3,三連単,1-2-6,170,1
2026-04-22,81,7,W,ワイド,1=2,100,1
2026-04-22,81,7,W,ワイド,1=6,120,2
2026-04-22,81,7,W,ワイド,2=6,140,3
2026-04-22,83,1,SH2,二車複,1=2,160,1
2026-04-22,83,1,ST2,二車単,2-1,360,2
2026-04-22,83,1,RH3,三連複,1=2=5,190,1
2026-04-22,83,1,RT3,三連単,2-1-5,460,1
2026-04-22,83,1,W,ワイド,1=2,100,1
2026-04-22,83,1,W,ワイド,2=5,210,5
2026-04-22,83,1,W,ワイド,1=5,210,3
2026-04-22,83,2,SH2,二車複,3=5,1750,5
2026-04-22,83,2,ST2,二車単,3-5,2040,5
2026-04-22,83,2,RH3,三連複,2=3=5,5030,11
2026-04-22,83,2,RT3,三連単,3-5-2,9740,24
2026-04-22,83,2,W,ワイド,3=5,610,6
2026-04-22,83,2,W,ワイド,2=3,250,4
2026-04-22,83,2,W,ワイド,2=5,1610,12
2026-04-22,83,3,SH2,二車複,3=5,430,3
2026-04-22,83,3,ST2,二車単,3-5,510,1
2026-04-22,83,3,RH3,三連複,1=3=5,470,2
2026-04-22,83,3,RT3,三連単,3-5-1,1540,3
2026-04-22,83,3,W,ワイド,3=5,240,4
2026-04-22,83,3,W,ワイド,1=3,170,1
2026-04-22,83,3,W,ワイド,1=5,320,5
2026-04-22,83,4,SH2,二車複,1=3,790,2
2026-04-22,83,4,ST2,二車単,3-1,4320,8
2026-04-22,83,4,RH3,三連複,1=2=3,440,2
2026-04-22,83,4,RT3,三連単,3-1-2,10480,17
2026-04-22,83,4,W,ワイド,1=3,200,4
2026-04-22,83,4,W,ワイド,2=3,430,7
2026-04-22,83,4,W,ワイド,1=2,100,1
2026-04-22,83,5,SH2,二車複,1=2,160,1
2026-04-22,83,5,ST2,二車単,2-1,420,2
2026-04-22,83,5,RH3,三連複,1=2=5,330,2
2026-04-22,83,5,RT3,三連単,2-1-5,780,3
2026-04-22,83,5,W,ワイド,1=2,120,1
2026-04-22,83,5,W,ワイド,2=5,210,3
2026-04-22,83,5,W,ワイド,1=5,270,5
2026-04-22,83,6,SH2,二車複,3=5,2410,5
2026-04-22,83,6,ST2,二車単,5-3,3360,9
2026-04-22,83,6,RH3,三連複,2=3=5,2900,7
2026-04-22,83,6,RT3,三連単,5-3-2,11130,24
2026-04-22,83,6,W,ワイド,3=5,650,10
2026-04-22,83,6,W,ワイド,2=5,510,7
2026-04-22,83,6,W,ワイド,2=3,280,4
2026-04-22,83,7,SH2,二車複,1=4,990,5
2026-04-22,83,7,ST2,二車単,4-1,3140,10
2026-04-22,83,7,RH3,三連複,1=3=4,1710,8
2026-04-22,83,7,RT3,三連単,4-1-3,19410,59
2026-04-22,83,7,W,ワイド,1=4,230,3
2026-04-22,83,7,W,ワイド,3=4,900,15
2026-04-22,83,7,W,ワイド,1=3,250,4
2026-04-23,21,1,SH2,二車複,5=6,1730,5
2026-04-23,21,1,ST2,二車単,6-5,3770,12
2026-04-23,21,1,RH3,三連複,4=5=6,4360,14
2026-04-23,21,1,RT3,三連単,6-5-4,29610,74
2026-04-23,21,1,W,ワイド,5=6,1100,11
2026-04-23,21,1,W,ワイド,4=6,1500,15
2026-04-23,21,1,W,ワイド,4=5,1430,14
2026-04-23,21,2,SH2,二車複,2=5,1520,8
2026-04-23,21,2,ST2,二車単,2-5,1830,6
2026-04-23,21,2,RH3,三連複,2=5=6,8440,24
2026-04-23,21,2,RT3,三連単,2-5-6,18990,77
2026-04-23,21,2,W,ワイド,2=5,520,8
2026-04-23,21,2,W,ワイド,2=6,1150,15
2026-04-23,21,2,W,ワイド,5=6,3450,21
2026-04-23,21,3,SH2,二車複,1=2,320,2
2026-04-23,21,3,ST2,二車単,1-2,370,2
2026-04-23,21,3,RH3,三連複,1=2=4,150,1
2026-04-23,21,3,RT3,三連単,1-2-4,430,2
2026-04-23,21,3,W,ワイド,1=2,120,1
2026-04-23,21,3,W,ワイド,1=4,130,2
2026-04-23,21,3,W,ワイド,2=4,130,3
2026-04-23,21,4,SH2,二車複,2=5,370,1
2026-04-23,21,4,ST2,二車単,2-5,530,1
2026-04-23,21,4,RH3,三連複,1=2=5,520,1
2026-04-23,21,4,RT3,三連単,2-5-1,1600,2
2026-04-23,21,4,W,ワイド,2=5,180,1
2026-04-23,21,4,W,ワイド,1=2,200,2
2026-04-23,21,4,W,ワイド,1=5,300,7
2026-04-23,21,5,SH2,二車複,1=3,150,1
2026-04-23,21,5,ST2,二車単,1-3,180,1
2026-04-23,21,5,RH3,三連複,1=3=6,1230,4
2026-04-23,21,5,RT3,三連単,1-3-6,3910,10
2026-04-23,21,5,W,ワイド,1=3,140,1
2026-04-23,21,5,W,ワイド,1=6,560,8
2026-04-23,21,5,W,ワイド,3=6,730,10
2026-04-23,21,6,SH2,二車複,1=3,180,1
2026-04-23,21,6,ST2,二車単,3-1,350,1
2026-04-23,21,6,RH3,三連複,1=3=6,1260,4
2026-04-23,21,6,RT3,三連単,3-1-6,3010,4
2026-04-23,21,6,W,ワイド,1=3,160,1
2026-04-23,21,6,W,ワイド,3=6,380,6
2026-04-23,21,6,W,ワイド,1=6,830,15
2026-04-23,21,7,SH2,二車複,1=2,140,1
2026-04-23,21,7,ST2,二車単,1-2,160,1
2026-04-23,21,7,RH3,三連複,1=2=4,200,1
2026-04-23,21,7,RT3,三連単,1-2-4,300,1
2026-04-23,21,7,W,ワイド,1=2,120,1
2026-04-23,21,7,W,ワイド,1=4,150,2
2026-04-23,21,7,W,ワイド,2=4,210,4
2026-04-23,22,1,SH2,二車複,2=4,450,2
2026-04-23,22,1,ST2,二車単,4-2,760,3
2026-04-23,22,1,RH3,三連複,2=4=5,1240,5
2026-04-23,22,1,RT3,三連単,4-2-5,3600,11
2026-04-23,22,1,W,ワイド,2=4,260,2
2026-04-23,22,1,W,ワイド,4=5,390,7
2026-04-23,22,1,W,ワイド,2=5,380,6
2026-04-23,22,2,SH2,二車複,4=7,650,4
2026-04-23,22,2,ST2,二車単,7-4,850,5
2026-04-23,22,2,RH3,三連複,1=4=7,350,1
2026-04-23,22,2,RT3,三連単,7-4-1,1650,4
2026-04-23,22,2,W,ワイド,4=7,180,3
2026-04-23,22,2,W,ワイド,1=7,170,2
2026-04-23,22,2,W,ワイド,1=4,100,1
2026-04-23,22,3,SH2,二車複,1=5,1020,4
2026-04-23,22,3,ST2,二車単,5-1,3930,11
2026-04-23,22,3,RH3,三連複,1=4=5,10300,20
2026-04-23,22,3,RT3,三連単,5-1-4,28210,59
2026-04-23,22,3,W,ワイド,1=5,320,3
2026-04-23,22,3,W,ワイド,4=5,1790,21
2026-04-23,22,3,W,ワイド,1=4,540,6
2026-04-23,22,4,SH2,二車複,2=7,450,3
2026-04-23,22,4,ST2,二車単,2-7,530,3
2026-04-23,22,4,RH3,三連複,1=2=7,410,2
2026-04-23,22,4,RT3,三連単,2-7-1,800,3
2026-04-23,22,4,W,ワイド,2=7,200,3
2026-04-23,22,4,W,ワイド,1=2,170,2
2026-04-23,22,4,W,ワイド,1=7,280,4
2026-04-23,22,5,SH2,二車複,1=4,180,1
2026-04-23,22,5,ST2,二車単,1-4,560,2
2026-04-23,22,5,RH3,三連複,1=2=4,330,1
2026-04-23,22,5,RT3,三連単,1-4-2,1600,4
2026-04-23,22,5,W,ワイド,1=4,130,1
2026-04-23,22,5,W,ワイド,1=2,190,3
2026-04-23,22,5,W,ワイド,2=4,160,2
2026-04-23,22,6,SH2,二車複,1=4,130,1
2026-04-23,22,6,ST2,二車単,4-1,170,1
2026-04-23,22,6,RH3,三連複,1=2=4,390,2
2026-04-23,22,6,RT3,三連単,4-1-2,850,3
2026-04-23,22,6,W,ワイド,1=4,110,1
2026-04-23,22,6,W,ワイド,2=4,240,5
2026-04-23,22,6,W,ワイド,1=2,180,3
2026-04-23,22,7,SH2,二車複,1=5,860,3
2026-04-23,22,7,ST2,二車単,1-5,2060,6
2026-04-23,22,7,RH3,三連複,1=5=6,2310,10
2026-04-23,22,7,RT3,三連単,1-5-6,12470,36
2026-04-23,22,7,W,ワイド,1=5,350,4
2026-04-23,22,7,W,ワイド,1=6,1040,13
2026-04-23,22,7,W,ワイド,5=6,650,10
2026-04-23,22,8,SH2,二車複,2=4,1220,5
2026-04-23,22,8,ST2,二車単,4-2,1860,7
2026-04-23,22,8,RH3,三連複,2=4=6,2680,12
2026-04-23,22,8,RT3,三連単,4-2-6,5120,15
2026-04-23,22,8,W,ワイド,2=4,460,6
2026-04-23,22,8,W,ワイド,4=6,770,9
2026-04-23,22,8,W,ワイド,2=6,1450,15
2026-04-23,22,9,SH2,二車複,2=7,130,1
2026-04-23,22,9,ST2,二車単,7-2,240,1
2026-04-23,22,9,RH3,三連複,2=4=7,650,2
2026-04-23,22,9,RT3,三連単,7-2-4,1390,3
2026-04-23,22,9,W,ワイド,2=7,130,1
2026-04-23,22,9,W,ワイド,4=7,330,4
2026-04-23,22,9,W,ワイド,2=4,370,5
2026-04-23,22,10,SH2,二車複,1=4,380,2
2026-04-23,22,10,ST2,二車単,1-4,940,4
2026-04-23,22,10,RH3,三連複,1=4=6,1170,5
2026-04-23,22,10,RT3,三連単,1-4-6,2740,10
2026-04-23,22,10,W,ワイド,1=4,260,3
2026-04-23,22,10,W,ワイド,1=6,700,7
2026-04-23,22,10,W,ワイド,4=6,990,12
2026-04-23,22,11,SH2,二車複,1=3,1770,6
2026-04-23,22,11,ST2,二車単,1-3,2840,8
2026-04-23,22,11,RH3,三連複,1=2=3,4260,11
2026-04-23,22,11,RT3,三連単,1-3-2,13970,39
2026-04-23,22,11,W,ワイド,1=3,790,10
2026-04-23,22,11,W,ワイド,1=2,420,6
2026-04-23,22,11,W,ワイド,2=3,800,11
2026-04-23,22,12,SH2,二車複,1=2,530,2
2026-04-23,22,12,ST2,二車単,2-1,970,2
2026-04-23,22,12,RH3,三連複,1=2=7,1320,3
2026-04-23,22,12,RT3,三連単,2-1-7,3200,9
2026-04-23,22,12,W,ワイド,1=2,200,2
2026-04-23,22,12,W,ワイド,2=7,430,5
2026-04-23,22,12,W,ワイド,1=7,270,4
2026-04-23,28,1,SH2,二車複,1=4,970,5
2026-04-23,28,1,ST2,二車単,1-4,2030,10
2026-04-23,28,1,RH3,三連複,1=2=4,870,5
2026-04-23,28,1,RT3,三連単,1-4-2,6800,27
2026-04-23,28,1,W,ワイド,1=4,370,6
2026-04-23,28,1,W,ワイド,1=2,270,3
2026-04-23,28,1,W,ワイド,2=4,220,2
2026-04-23,28,2,SH2,二車複,2=4,330,1
2026-04-23,28,2,ST2,二車単,2-4,890,2
2026-04-23,28,2,RH3,三連複,1=2=4,920,3
2026-04-23,28,2,RT3,三連単,2-4-1,3180,8
2026-04-23,28,2,W,ワイド,2=4,190,2
2026-04-23,28,2,W,ワイド,1=2,550,11
2026-04-23,28,2,W,ワイド,1=4,270,3
2026-04-23,28,3,SH2,二車複,2=4,600,3
2026-04-23,28,3,ST2,二車単,2-4,2640,11
2026-04-23,28,3,RH3,三連複,2=3=4,2760,11
2026-04-23,28,3,RT3,三連単,2-4-3,18270,58
2026-04-23,28,3,W,ワイド,2=4,330,5
2026-04-23,28,3,W,ワイド,2=3,1700,20
2026-04-23,28,3,W,ワイド,3=4,1280,14
2026-04-23,28,4,SH2,二車複,3=7,970,2
2026-04-23,28,4,ST2,二車単,3-7,1270,4
2026-04-23,28,4,RH3,三連複,1=3=7,1410,6
2026-04-23,28,4,RT3,三連単,3-7-1,4310,12
2026-04-23,28,4,W,ワイド,3=7,350,3
2026-04-23,28,4,W,ワイド,1=3,530,8
2026-04-23,28,4,W,ワイド,1=7,570,9
2026-04-23,28,5,SH2,二車複,2=4,280,1
2026-04-23,28,5,ST2,二車単,4-2,590,1
2026-04-23,28,5,RH3,三連複,2=4=7,330,1
2026-04-23,28,5,RT3,三連単,4-2-7,1000,1
2026-04-23,28,5,W,ワイド,2=4,200,4
2026-04-23,28,5,W,ワイド,4=7,170,1
2026-04-23,28,5,W,ワイド,2=7,220,5
2026-04-23,28,6,SH2,二車複,2=5,110,1
2026-04-23,28,6,ST2,二車単,5-2,200,1
2026-04-23,28,6,RH3,三連複,2=4=5,460,2
2026-04-23,28,6,RT3,三連単,5-2-4,1170,3
2026-04-23,28,6,W,ワイド,2=5,110,1
2026-04-23,28,6,W,ワイド,4=5,240,3
2026-04-23,28,6,W,ワイド,2=4,390,7
2026-04-23,28,7,SH2,二車複,1=5,440,2
2026-04-23,28,7,ST2,二車単,1-5,540,2
2026-04-23,28,7,RH3,三連複,1=4=5,830,3
2026-04-23,28,7,RT3,三連単,1-5-4,1380,3
2026-04-23,28,7,W,ワイド,1=5,220,3
2026-04-23,28,7,W,ワイド,1=4,430,5
2026-04-23,28,7,W,ワイド,4=5,720,10
2026-04-23,55,1,SH2,二車複,1=7,220,1
2026-04-23,55,1,ST2,二車単,7-1,270,1
2026-04-23,55,1,RH3,三連複,1=4=7,170,1
2026-04-23,55,1,RT3,三連単,7-1-4,340,1
2026-04-23,55,1,W,ワイド,1=7,120,1
2026-04-23,55,1,W,ワイド,4=7,120,2
2026-04-23,55,1,W,ワイド,1=4,190,4
2026-04-23,55,2,SH2,二車複,1=4,540,2
2026-04-23,55,2,ST2,二車単,1-4,990,5
2026-04-23,55,2,RH3,三連複,1=4=7,840,3
2026-04-23,55,2,RT3,三連単,1-4-7,3300,10
2026-04-23,55,2,W,ワイド,1=4,210,2
2026-04-23,55,2,W,ワイド,1=7,340,6
2026-04-23,55,2,W,ワイド,4=7,390,7
2026-04-23,55,3,SH2,二車複,1=5,310,1
2026-04-23,55,3,ST2,二車単,1-5,240,1
2026-04-23,55,3,RH3,三連複,1=2=5,1780,4
2026-04-23,55,3,RT3,三連単,1-5-2,2750,8
2026-04-23,55,3,W,ワイド,1=5,130,1
2026-04-23,55,3,W,ワイド,1=2,740,11
2026-04-23,55,3,W,ワイド,2=5,1320,14
2026-04-23,55,4,SH2,二車複,1=5,220,1
2026-04-23,55,4,ST2,二車単,1-5,340,1
2026-04-23,55,4,RH3,三連複,1=5=7,230,1
2026-04-23,55,4,RT3,三連単,1-5-7,640,1
2026-04-23,55,4,W,ワイド,1=5,120,1
2026-04-23,55,4,W,ワイド,1=7,180,2
2026-04-23,55,4,W,ワイド,5=7,220,3
2026-04-23,55,5,SH2,二車複,1=3,1060,4
2026-04-23,55,5,ST2,二車単,3-1,3250,5
2026-04-23,55,5,RH3,三連複,1=2=3,3490,9
2026-04-23,55,5,RT3,三連単,3-1-2,12390,31
2026-04-23,55,5,W,ワイド,1=3,390,7
2026-04-23,55,5,W,ワイド,2=3,240,3
2026-04-23,55,5,W,ワイド,1=2,380,6
2026-04-23,55,6,SH2,二車複,5=7,140,1
2026-04-23,55,6,ST2,二車単,7-5,170,1
2026-04-23,55,6,RH3,三連複,1=5=7,410,2
2026-04-23,55,6,RT3,三連単,7-5-1,740,3
2026-04-23,55,6,W,ワイド,5=7,120,1
2026-04-23,55,6,W,ワイド,1=7,250,4
2026-04-23,55,6,W,ワイド,1=5,470,8
2026-04-23,55,7,SH2,二車複,2=5,590,2
2026-04-23,55,7,ST2,二車単,2-5,1090,2
2026-04-23,55,7,RH3,三連複,2=5=7,1210,3
2026-04-23,55,7,RT3,三連単,2-5-7,3770,6
2026-04-23,55,7,W,ワイド,2=5,330,3
2026-04-23,55,7,W,ワイド,2=7,280,2
2026-04-23,55,7,W,ワイド,5=7,470,9
2026-04-23,81,1,SH2,二車複,1=3,410,2
2026-04-23,81,1,ST2,二車単,1-3,450,2
2026-04-23,81,1,RH3,三連複,1=2=3,180,1
2026-04-23,81,1,RT3,三連単,1-3-2,920,3
2026-04-23,81,1,W,ワイド,1=3,120,1
2026-04-23,81,1,W,ワイド,1=2,120,2
2026-04-23,81,1,W,ワイド,2=3,140,3
2026-04-23,81,2,SH2,二車複,2=3,190,1
2026-04-23,81,2,ST2,二車単,2-3,280,1
2026-04-23,81,2,RH3,三連複,2=3=5,1090,4
2026-04-23,81,2,RT3,三連単,2-3-5,2040,7
2026-04-23,81,2,W,ワイド,2=3,150,2
2026-04-23,81,2,W,ワイド,2=5,280,4
2026-04-23,81,2,W,ワイド,3=5,710,8
2026-04-23,81,3,SH2,二車複,1=2,1480,7
2026-04-23,81,3,ST2,二車単,1-2,3250,14
2026-04-23,81,3,RH3,三連複,1=2=5,4460,17
2026-04-23,81,3,RT3,三連単,1-2-5,25950,91
2026-04-23,81,3,W,ワイド,1=2,410,5
2026-04-23,81,3,W,ワイド,1=5,620,10
2026-04-23,81,3,W,ワイド,2=5,830,15
2026-04-23,81,4,SH2,二車複,2=7,1840,6
2026-04-23,81,4,ST2,二車単,2-7,1780,7
2026-04-23,81,4,RH3,三連複,2=3=7,560,2
2026-04-23,81,4,RT3,三連単,2-7-3,3250,10
2026-04-23,81,4,W,ワイド,2=7,370,5
2026-04-23,81,4,W,ワイド,2=3,170,2
2026-04-23,81,4,W,ワイド,3=7,370,5
2026-04-23,81,5,SH2,二車複,3=5,460,2
2026-04-23,81,5,ST2,二車単,3-5,900,4
2026-04-23,81,5,RH3,三連複,3=4=5,1670,7
2026-04-23,81,5,RT3,三連単,3-5-4,2890,7
2026-04-23,81,5,W,ワイド,3=5,250,3
2026-04-23,81,5,W,ワイド,3=4,450,8
2026-04-23,81,5,W,ワイド,4=5,340,7
2026-04-23,81,6,SH2,二車複,1=2,310,2
2026-04-23,81,6,ST2,二車単,2-1,660,4
2026-04-23,81,6,RH3,三連複,1=2=3,220,1
2026-04-23,81,6,RT3,三連単,2-1-3,1670,5
2026-04-23,81,6,W,ワイド,1=2,160,2
2026-04-23,81,6,W,ワイド,2=3,200,5
2026-04-23,81,6,W,ワイド,1=3,150,1
2026-04-23,81,7,SH2,二車複,1=4,130,1
2026-04-23,81,7,ST2,二車単,1-4,140,1
2026-04-23,81,7,RH3,三連複,1=3=4,370,2
2026-04-23,81,7,RT3,三連単,1-4-3,560,2
2026-04-23,81,7,W,ワイド,1=4,120,1
2026-04-23,81,7,W,ワイド,1=3,210,3
2026-04-23,81,7,W,ワイド,3=4,460,9
2026-04-24,22,1,SH2,二車複,3=7,460,2
2026-04-24,22,1,ST2,二車単,3-7,1100,5
2026-04-24,22,1,RH3,三連複,3=5=7,640,3
2026-04-24,22,1,RT3,三連単,3-7-5,2620,8
2026-04-24,22,1,W,ワイド,3=7,210,3
2026-04-24,22,1,W,ワイド,3=5,230,4
2026-04-24,22,1,W,ワイド,5=7,190,2
2026-04-24,22,2,SH2,二車複,1=7,230,1
2026-04-24,22,2,ST2,二車単,7-1,450,1
2026-04-24,22,2,RH3,三連複,1=5=7,480,2
2026-04-24,22,2,RT3,三連単,7-1-5,2490,9
2026-04-24,22,2,W,ワイド,1=7,130,1
2026-04-24,22,2,W,ワイド,5=7,200,3
2026-04-24,22,2,W,ワイド,1=5,430,8
2026-04-24,22,3,SH2,二車複,3=7,140,1
2026-04-24,22,3,ST2,二車単,7-3,240,1
2026-04-24,22,3,RH3,三連複,1=3=7,1470,3
2026-04-24,22,3,RT3,三連単,7-3-1,2510,6
2026-04-24,22,3,W,ワイド,3=7,120,1
2026-04-24,22,3,W,ワイド,1=7,450,7
2026-04-24,22,3,W,ワイド,1=3,580,9
2026-04-24,22,4,SH2,二車複,1=4,130,1
2026-04-24,22,4,ST2,二車単,4-1,280,2
2026-04-24,22,4,RH3,三連複,1=4=7,150,1
2026-04-24,22,4,RT3,三連単,4-1-7,350,2
2026-04-24,22,4,W,ワイド,1=4,100,1
2026-04-24,22,4,W,ワイド,4=7,160,3
2026-04-24,22,4,W,ワイド,1=7,150,2
2026-04-24,22,5,SH2,二車複,2=5,2580,6
2026-04-24,22,5,ST2,二車単,5-2,3020,7
2026-04-24,22,5,RH3,三連複,2=5=7,1160,3
2026-04-24,22,5,RT3,三連単,5-2-7,7360,16
2026-04-24,22,5,W,ワイド,2=5,510,7
2026-04-24,22,5,W,ワイド,5=7,120,1
2026-04-24,22,5,W,ワイド,2=7,1140,12
2026-04-24,22,6,SH2,二車複,6=7,4040,14
2026-04-24,22,6,ST2,二車単,6-7,5800,18
2026-04-24,22,6,RH3,三連複,5=6=7,7440,21
2026-04-24,22,6,RT3,三連単,6-7-5,25230,61
2026-04-24,22,6,W,ワイド,6=7,820,9
2026-04-24,22,6,W,ワイド,5=6,1020,13
2026-04-24,22,6,W,ワイド,5=7,300,3
2026-04-24,22,7,SH2,二車複,1=2,780,2
2026-04-24,22,7,ST2,二車単,2-1,1460,4
2026-04-24,22,7,RH3,三連複,1=2=3,1680,4
2026-04-24,22,7,RT3,三連単,2-1-3,8720,24
2026-04-24,22,7,W,ワイド,1=2,250,3
2026-04-24,22,7,W,ワイド,2=3,470,6
2026-04-24,22,7,W,ワイド,1=3,710,8
2026-04-24,22,8,SH2,二車複,3=5,570,4
2026-04-24,22,8,ST2,二車単,3-5,750,4
2026-04-24,22,8,RH3,三連複,3=4=5,580,2
2026-04-24,22,8,RT3,三連単,3-5-4,1530,3
2026-04-24,22,8,W,ワイド,3=5,290,4
2026-04-24,22,8,W,ワイド,3=4,200,2
2026-04-24,22,8,W,ワイド,4=5,370,6
2026-04-24,22,9,SH2,二車複,1=5,160,1
2026-04-24,22,9,ST2,二車単,5-1,440,2
2026-04-24,22,9,RH3,三連複,1=5=7,770,3
2026-04-24,22,9,RT3,三連単,5-1-7,2960,8
2026-04-24,22,9,W,ワイド,1=5,120,1
2026-04-24,22,9,W,ワイド,5=7,500,9
2026-04-24,22,9,W,ワイド,1=7,450,7
2026-04-24,22,10,SH2,二車複,2=4,690,3
2026-04-24,22,10,ST2,二車単,2-4,1410,5
2026-04-24,22,10,RH3,三連複,2=4=7,2450,9
2026-04-24,22,10,RT3,三連単,2-4-7,4100,9
2026-04-24,22,10,W,ワイド,2=4,710,11
2026-04-24,22,10,W,ワイド,2=7,690,10
2026-04-24,22,10,W,ワイド,4=7,820,12
2026-04-24,22,11,SH2,二車複,1=7,3650,13
2026-04-24,22,11,ST2,二車単,1-7,7490,23
2026-04-24,22,11,RH3,三連複,1=5=7,9120,24
2026-04-24,22,11,RT3,三連単,1-7-5,60770,123
2026-04-24,22,11,W,ワイド,1=7,760,8
2026-04-24,22,11,W,ワイド,1=5,870,11
2026-04-24,22,11,W,ワイド,5=7,1010,13
2026-04-24,22,12,SH2,二車複,1=2,2090,10
2026-04-24,22,12,ST2,二車単,1-2,3350,16
2026-04-24,22,12,RH3,三連複,1=2=6,4850,21
2026-04-24,22,12,RT3,三連単,1-2-6,25450,95
2026-04-24,22,12,W,ワイド,1=2,490,6
2026-04-24,22,12,W,ワイド,1=6,390,4
2026-04-24,22,12,W,ワイド,2=6,1470,19
2026-04-24,28,1,SH2,二車複,1=3,150,1
2026-04-24,28,1,ST2,二車単,3-1,250,1
2026-04-24,28,1,RH3,三連複,1=3=4,280,1
2026-04-24,28,1,RT3,三連単,3-1-4,630,1
2026-04-24,28,1,W,ワイド,1=3,110,1
2026-04-24,28,1,W,ワイド,3=4,240,5
2026-04-24,28,1,W,ワイド,1=4,230,4
2026-04-24,28,2,SH2,二車複,1=5,1550,6
2026-04-24,28,2,ST2,二車単,5-1,5050,17
2026-04-24,28,2,RH3,三連複,1=5=7,5020,17
2026-04-24,28,2,RT3,三連単,5-1-7,29860,81
2026-04-24,28,2,W,ワイド,1=5,850,12
2026-04-24,28,2,W,ワイド,5=7,1070,15
2026-04-24,28,2,W,ワイド,1=7,790,11
2026-04-24,28,3,SH2,二車複,2=5,2870,9
2026-04-24,28,3,ST2,二車単,5-2,5330,20
2026-04-24,28,3,RH3,三連複,1=2=5,2290,10
2026-04-24,28,3,RT3,三連単,5-2-1,20430,74
2026-04-24,28,3,W,ワイド,2=5,770,13
2026-04-24,28,3,W,ワイド,1=5,730,12
2026-04-24,28,3,W,ワイド,1=2,460,5
2026-04-24,28,4,SH2,二車複,2=6,1160,3
2026-04-24,28,4,ST2,二車単,6-2,1410,4
2026-04-24,28,4,RH3,三連複,2=5=6,2080,7
2026-04-24,28,4,RT3,三連単,6-2-5,7070,19
2026-04-24,28,4,W,ワイド,2=6,750,10
2026-04-24,28,4,W,ワイド,5=6,540,7
2026-04-24,28,4,W,ワイド,2=5,730,9
2026-04-24,28,5,SH2,二車複,2=7,850,4
2026-04-24,28,5,ST2,二車単,2-7,2660,9
2026-04-24,28,5,RH3,三連複,1=2=7,5810,16
2026-04-24,28,5,RT3,三連単,2-7-1,31470,72
2026-04-24,28,5,W,ワイド,2=7,460,7
2026-04-24,28,5,W,ワイド,1=2,2340,15
2026-04-24,28,5,W,ワイド,1=7,430,6
2026-04-24,28,6,SH2,二車複,1=7,330,2
2026-04-24,28,6,ST2,二車単,1-7,260,2
2026-04-24,28,6,RH3,三連複,1=4=7,130,1
2026-04-24,28,6,RT3,三連単,1-7-4,420,2
2026-04-24,28,6,W,ワイド,1=7,120,2
2026-04-24,28,6,W,ワイド,1=4,100,1
2026-04-24,28,6,W,ワイド,4=7,130,3
2026-04-24,28,7,SH2,二車複,2=3,1520,7
2026-04-24,28,7,ST2,二車単,2-3,2010,11
2026-04-24,28,7,RH3,三連複,2=3=4,800,5
2026-04-24,28,7,RT3,三連単,2-3-4,6240,25
2026-04-24,28,7,W,ワイド,2=3,440,7
2026-04-24,28,7,W,ワイド,2=4,270,4
2026-04-24,28,7,W,ワイド,3=4,220,2
2026-04-24,31,1,SH2,二車複,1=5,260,1
2026-04-24,31,1,ST2,二車単,1-5,420,1
2026-04-24,31,1,RH3,三連複,1=4=5,880,2
2026-04-24,31,1,RT3,三連単,1-5-4,2760,8
2026-04-24,31,1,W,ワイド,1=5,150,2
2026-04-24,31,1,W,ワイド,1=4,430,5
2026-04-24,31,1,W,ワイド,4=5,370,4
2026-04-24,31,2,SH2,二車複,2=5,660,3
2026-04-24,31,2,ST2,二車単,2-5,870,4
2026-04-24,31,2,RH3,三連複,2=5=7,290,1
2026-04-24,31,2,RT3,三連単,2-5-7,2030,7
2026-04-24,31,2,W,ワイド,2=5,160,2
2026-04-24,31,2,W,ワイド,2=7,120,1
2026-04-24,31,2,W,ワイド,5=7,170,3
2026-04-24,31,3,SH2,二車複,4=7,2600,7
2026-04-24,31,3,ST2,二車単,7-4,2370,6
2026-04-24,31,3,RH3,三連複,4=6=7,9840,18
2026-04-24,31,3,RT3,三連単,7-4-6,27980,54
2026-04-24,31,3,W,ワイド,4=7,530,6
2026-04-24,31,3,W,ワイド,6=7,800,8
2026-04-24,31,3,W,ワイド,4=6,3760,20
2026-04-24,31,4,SH2,二車複,4=7,5770,11
2026-04-24,31,4,ST2,二車単,7-4,7620,17
2026-04-24,31,4,RH3,三連複,4=5=7,4200,12
2026-04-24,31,4,RT3,三連単,7-4-5,27940,57
2026-04-24,31,4,W,ワイド,4=7,790,11
2026-04-24,31,4,W,ワイド,5=7,150,1
2026-04-24,31,4,W,ワイド,4=5,2240,18
2026-04-24,31,5,SH2,二車複,2=6,240,1
2026-04-24,31,5,ST2,二車単,2-6,330,1
2026-04-24,31,5,RH3,三連複,2=5=6,230,1
2026-04-24,31,5,RT3,三連単,2-6-5,670,1
2026-04-24,31,5,W,ワイド,2=6,110,1
2026-04-24,31,5,W,ワイド,2=5,120,2
2026-04-24,31,5,W,ワイド,5=6,190,3
2026-04-24,31,6,SH2,二車複,2=3,160,1
2026-04-24,31,6,ST2,二車単,3-2,160,1
2026-04-24,31,6,RH3,三連複,2=3=7,190,1
2026-04-24,31,6,RT3,三連単,3-2-7,380,1
2026-04-24,31,6,W,ワイド,2=3,110,1
2026-04-24,31,6,W,ワイド,3=7,120,2
2026-04-24,31,6,W,ワイド,2=7,230,5
2026-04-24,31,7,SH2,二車複,2=4,660,2
2026-04-24,31,7,ST2,二車単,2-4,1080,3
2026-04-24,31,7,RH3,三連複,2=3=4,2130,6
2026-04-24,31,7,RT3,三連単,2-4-3,4760,17
2026-04-24,31,7,W,ワイド,2=4,210,2
2026-04-24,31,7,W,ワイド,2=3,270,3
2026-04-24,31,7,W,ワイド,3=4,730,9
2026-04-24,31,8,SH2,二車複,2=6,2770,9
2026-04-24,31,8,ST2,二車単,2-6,4710,15
2026-04-24,31,8,RH3,三連複,2=5=6,8030,22
2026-04-24,31,8,RT3,三連単,2-6-5,23420,68
2026-04-24,31,8,W,ワイド,2=6,650,7
2026-04-24,31,8,W,ワイド,2=5,1080,13
2026-04-24,31,8,W,ワイド,5=6,1610,16
2026-04-24,31,9,SH2,二車複,1=3,230,1
2026-04-24,31,9,ST2,二車単,3-1,790,3
2026-04-24,31,9,RH3,三連複,1=3=7,2950,9
2026-04-24,31,9,RT3,三連単,3-1-7,11270,33
2026-04-24,31,9,W,ワイド,1=3,180,2
2026-04-24,31,9,W,ワイド,3=7,1140,14
2026-04-24,31,9,W,ワイド,1=7,720,12
2026-04-24,31,10,SH2,二車複,1=2,160,1
2026-04-24,31,10,ST2,二車単,2-1,210,1
2026-04-24,31,10,RH3,三連複,1=2=6,350,2
2026-04-24,31,10,RT3,三連単,2-1-6,710,2
2026-04-24,31,10,W,ワイド,1=2,120,1
2026-04-24,31,10,W,ワイド,2=6,180,3
2026-04-24,31,10,W,ワイド,1=6,250,5
2026-04-24,31,11,SH2,二車複,1=3,1380,4
2026-04-24,31,11,ST2,二車単,1-3,1790,5
2026-04-24,31,11,RH3,三連複,1=3=7,4530,13
2026-04-24,31,11,RT3,三連単,1-3-7,11410,33
2026-04-24,31,11,W,ワイド,1=3,320,4
2026-04-24,31,11,W,ワイド,1=7,470,6
2026-04-24,31,11,W,ワイド,3=7,1670,18
2026-04-24,31,12,SH2,二車複,1=2,440,3
2026-04-24,31,12,ST2,二車単,1-2,480,3
2026-04-24,31,12,RH3,三連複,1=2=5,670,2
2026-04-24,31,12,RT3,三連単,1-2-5,1440,4
2026-04-24,31,12,W,ワイド,1=2,190,3
2026-04-24,31,12,W,ワイド,1=5,150,1
2026-04-24,31,12,W,ワイド,2=5,560,8
2026-04-24,61,1,SH2,二車複,3=5,790,2
2026-04-24,61,1,ST2,二車単,5-3,650,3
2026-04-24,61,1,RH3,三連複,3=4=5,6670,18
2026-04-24,61,1,RT3,三連単,5-3-4,15970,45
2026-04-24,61,1,W,ワイド,3=5,190,2
2026-04-24,61,1,W,ワイド,4=5,1120,18
2026-04-24,61,1,W,ワイド,3=4,2630,21
2026-04-24,61,2,SH2,二車複,1=3,1000,5
2026-04-24,61,2,ST2,二車単,1-3,2090,9
2026-04-24,61,2,RH3,三連複,1=3=5,790,2
2026-04-24,61,2,RT3,三連単,1-3-5,5340,16
2026-04-24,61,2,W,ワイド,1=3,340,3
2026-04-24,61,2,W,ワイド,1=5,380,4
2026-04-24,61,2,W,ワイド,3=5,470,8
2026-04-24,61,3,SH2,二車複,1=5,270,1
2026-04-24,61,3,ST2,二車単,1-5,530,2
2026-04-24,61,3,RH3,三連複,1=5=7,270,1
2026-04-24,61,3,RT3,三連単,1-5-7,720,1
2026-04-24,61,3,W,ワイド,1=5,120,1
2026-04-24,61,3,W,ワイド,1=7,120,2
2026-04-24,61,3,W,ワイド,5=7,180,3
2026-04-24,61,4,SH2,二車複,2=5,190,1
2026-04-24,61,4,ST2,二車単,2-5,220,1
2026-04-24,61,4,RH3,三連複,2=5=6,840,4
2026-04-24,61,4,RT3,三連単,2-5-6,1250,4
2026-04-24,61,4,W,ワイド,2=5,120,1
2026-04-24,61,4,W,ワイド,2=6,410,8
2026-04-24,61,4,W,ワイド,5=6,420,9
2026-04-24,61,5,SH2,二車複,2=4,140,1
2026-04-24,61,5,ST2,二車単,2-4,160,1
2026-04-24,61,5,RH3,三連複,2=4=7,180,1
2026-04-24,61,5,RT3,三連単,2-4-7,220,1
2026-04-24,61,5,W,ワイド,2=4,110,1
2026-04-24,61,5,W,ワイド,2=7,170,3
2026-04-24,61,5,W,ワイド,4=7,160,2
2026-04-24,61,6,SH2,二車複,5=7,510,2
2026-04-24,61,6,ST2,二車単,5-7,470,2
2026-04-24,61,6,RH3,三連複,4=5=7,3540,14
2026-04-24,61,6,RT3,三連単,5-7-4,6710,22
2026-04-24,61,6,W,ワイド,5=7,190,1
2026-04-24,61,6,W,ワイド,4=5,540,10
2026-04-24,61,6,W,ワイド,4=7,1380,18
2026-04-24,61,7,SH2,二車複,1=3,130,1
2026-04-24,61,7,ST2,二車単,3-1,370,2
2026-04-24,61,7,RH3,三連複,1=3=4,580,2
2026-04-24,61,7,RT3,三連単,3-1-4,2080,6
2026-04-24,61,7,W,ワイド,1=3,130,1
2026-04-24,61,7,W,ワイド,3=4,330,5
2026-04-24,61,7,W,ワイド,1=4,260,4
2026-04-24,61,8,SH2,二車複,6=7,2310,6
2026-04-24,61,8,ST2,二車単,7-6,2900,9
2026-04-24,61,8,RH3,三連複,1=6=7,4810,14
2026-04-24,61,8,RT3,三連単,7-6-1,19340,41
2026-04-24,61,8,W,ワイド,6=7,950,10
2026-04-24,61,8,W,ワイド,1=7,180,1
2026-04-24,61,8,W,ワイド,1=6,4170,21
2026-04-24,61,9,SH2,二車複,1=5,360,2
2026-04-24,61,9,ST2,二車単,5-1,1870,7
2026-04-24,61,9,RH3,三連複,1=2=5,520,2
2026-04-24,61,9,RT3,三連単,5-1-2,4230,19
2026-04-24,61,9,W,ワイド,1=5,160,1
2026-04-24,61,9,W,ワイド,2=5,250,5
2026-04-24,61,9,W,ワイド,1=2,190,3
2026-04-24,61,10,SH2,二車複,2=7,2840,9
2026-04-24,61,10,ST2,二車単,2-7,3950,14
2026-04-24,61,10,RH3,三連複,1=2=7,3340,11
2026-04-24,61,10,RT3,三連単,2-7-1,27540,76
2026-04-24,61,10,W,ワイド,2=7,980,12
2026-04-24,61,10,W,ワイド,1=2,470,6
2026-04-24,61,10,W,ワイド,1=7,210,2
2026-04-24,61,11,SH2,二車複,2=4,610,3
2026-04-24,61,11,ST2,二車単,4-2,590,2
2026-04-24,61,11,RH3,三連複,2=4=5,3850,10
2026-04-24,61,11,RT3,三連単,4-2-5,5390,16
2026-04-24,61,11,W,ワイド,2=4,290,5
2026-04-24,61,11,W,ワイド,4=5,280,4
2026-04-24,61,11,W,ワイド,2=5,1970,15
2026-04-24,83,1,SH2,二車複,3=4,1020,3
2026-04-24,83,1,ST2,二車単,4-3,4990,12
2026-04-24,83,1,RH3,三連複,3=4=7,3910,12
2026-04-24,83,1,RT3,三連単,4-3-7,38960,78
2026-04-24,83,1,W,ワイド,3=4,260,2
2026-04-24,83,1,W,ワイド,4=7,2640,20
2026-04-24,83,1,W,ワイド,3=7,860,10
2026-04-24,83,2,SH2,二車複,4=6,2600,10
2026-04-24,83,2,ST2,二車単,6-4,3120,11
2026-04-24,83,2,RH3,三連複,1=4=6,610,2
2026-04-24,83,2,RT3,三連単,6-4-1,5680,17
2026-04-24,83,2,W,ワイド,4=6,460,7
2026-04-24,83,2,W,ワイド,1=6,230,3
2026-04-24,83,2,W,ワイド,1=4,440,6
2026-04-24,83,3,SH2,二車複,1=3,2990,9
2026-04-24,83,3,ST2,二車単,3-1,7850,21
2026-04-24,83,3,RH3,三連複,1=2=3,890,2
2026-04-24,83,3,RT3,三連単,3-1-2,16220,38
2026-04-24,83,3,W,ワイド,1=3,580,7
2026-04-24,83,3,W,ワイド,2=3,520,6
2026-04-24,83,3,W,ワイド,1=2,130,1
2026-04-24,83,4,SH2,二車複,1=2,130,1
2026-04-24,83,4,ST2,二車単,1-2,170,1
2026-04-24,83,4,RH3,三連複,1=2=6,250,1
2026-04-24,83,4,RT3,三連単,1-2-6,390,1
2026-04-24,83,4,W,ワイド,1=2,120,1
2026-04-24,83,4,W,ワイド,1=6,180,2
2026-04-24,83,4,W,ワイド,2=6,240,5
2026-04-24,83,5,SH2,二車複,2=6,1280,7
2026-04-24,83,5,ST2,二車単,6-2,2400,11
2026-04-24,83,5,RH3,三連複,2=5=6,1380,7
2026-04-24,83,5,RT3,三連単,6-2-5,8540,34
2026-04-24,83,5,W,ワイド,2=6,510,8
2026-04-24,83,5,W,ワイド,5=6,430,6
2026-04-24,83,5,W,ワイド,2=5,420,5
2026-04-24,83,6,SH2,二車複,2=5,1360,3
2026-04-24,83,6,ST2,二車単,5-2,6970,17
2026-04-24,83,6,RH3,三連複,2=4=5,3170,10
2026-04-24,83,6,RT3,三連単,5-2-4,17040,40
2026-04-24,83,6,W,ワイド,2=5,400,5
2026-04-24,83,6,W,ワイド,4=5,2340,16
2026-04-24,83,6,W,ワイド,2=4,470,6
2026-04-24,83,7,SH2,二車複,1=4,2810,8
2026-04-24,83,7,ST2,二車単,1-4,3590,14
2026-04-24,83,7,RH3,三連複,1=4=5,810,4
2026-04-24,83,7,RT3,三連単,1-4-5,6870,26
2026-04-24,83,7,W,ワイド,1=4,470,8
2026-04-24,83,7,W,ワイド,1=5,170,2
2026-04-24,83,7,W,ワイド,4=5,400,5
2026-04-25,31,1,SH2,二車複,4=6,180,1
2026-04-25,31,1,ST2,二車単,6-4,390,1
2026-04-25,31,1,RH3,三連複,1=4=6,250,1
2026-04-25,31,1,RT3,三連単,6-4-1,740,1
2026-04-25,31,1,W,ワイド,4=6,120,1
2026-04-25,31,1,W,ワイド,1=6,150,3
2026-04-25,31,1,W,ワイド,1=4,150,2
2026-04-25,31,2,SH2,二車複,1=4,1850,6
2026-04-25,31,2,ST2,二車単,1-4,2690,10
2026-04-25,31,2,RH3,三連複,1=4=7,720,2
2026-04-25,31,2,RT3,三連単,1-4-7,7050,22
2026-04-25,31,2,W,ワイド,1=4,310,6
2026-04-25,31,2,W,ワイド,1=7,150,1
2026-04-25,31,2,W,ワイド,4=7,310,5
2026-04-25,31,3,SH2,二車複,2=3,210,1
2026-04-25,31,3,ST2,二車単,2-3,1150,5
2026-04-25,31,3,RH3,三連複,2=3=7,210,1
2026-04-25,31,3,RT3,三連単,2-3-7,2640,11
2026-04-25,31,3,W,ワイド,2=3,120,2
2026-04-25,31,3,W,ワイド,2=7,260,5
2026-04-25,31,3,W,ワイド,3=7,120,1
2026-04-25,31,4,SH2,二車複,1=2,600,3
2026-04-25,31,4,ST2,二車単,2-1,2660,9
2026-04-25,31,4,RH3,三連複,1=2=4,700,3
2026-04-25,31,4,RT3,三連単,2-1-4,10950,29
2026-04-25,31,4,W,ワイド,1=2,210,2
2026-04-25,31,4,W,ワイド,2=4,390,6
2026-04-25,31,4,W,ワイド,1=4,210,3
2026-04-25,31,5,SH2,二車複,3=6,260,2
2026-04-25,31,5,ST2,二車単,6-3,360,2
2026-04-25,31,5,RH3,三連複,1=3=6,1080,3
2026-04-25,31,5,RT3,三連単,6-3-1,2470,7
2026-04-25,31,5,W,ワイド,3=6,150,1
2026-04-25,31,5,W,ワイド,1=6,310,5
2026-04-25,31,5,W,ワイド,1=3,410,6
2026-04-25,31,6,SH2,二車複,2=4,130,1
2026-04-25,31,6,ST2,二車単,2-4,130,1
2026-04-25,31,6,RH3,三連複,2=4=5,1320,4
2026-04-25,31,6,RT3,三連単,2-4-5,1680,6
2026-04-25,31,6,W,ワイド,2=4,100,1
2026-04-25,31,6,W,ワイド,2=5,470,8
2026-04-25,31,6,W,ワイド,4=5,870,11
2026-04-25,31,7,SH2,二車複,2=5,1910,5
2026-04-25,31,7,ST2,二車単,2-5,3460,10
2026-04-25,31,7,RH3,三連複,2=5=6,680,2
2026-04-25,31,7,RT3,三連単,2-5-6,7890,26
2026-04-25,31,7,W,ワイド,2=5,330,5
2026-04-25,31,7,W,ワイド,2=6,140,1
2026-04-25,31,7,W,ワイド,5=6,300,4
2026-04-25,31,8,SH2,二車複,1=2,610,4
2026-04-25,31,8,ST2,二車単,1-2,720,4
2026-04-25,31,8,RH3,三連複,1=2=7,1690,10
2026-04-25,31,8,RT3,三連単,1-2-7,3790,19
2026-04-25,31,8,W,ワイド,1=2,240,4
2026-04-25,31,8,W,ワイド,1=7,230,3
2026-04-25,31,8,W,ワイド,2=7,1420,16
2026-04-25,31,9,SH2,二車複,1=3,240,1
2026-04-25,31,9,ST2,二車単,3-1,370,1
2026-04-25,31,9,RH3,三連複,1=3=6,480,2
2026-04-25,31,9,RT3,三連単,3-1-6,1410,2
2026-04-25,31,9,W,ワイド,1=3,150,1
2026-04-25,31,9,W,ワイド,3=6,260,4
2026-04-25,31,9,W,ワイド,1=6,280,5
2026-04-25,31,10,SH2,二車複,1=3,240,1
2026-04-25,31,10,ST2,二車単,1-3,530,2
2026-04-25,31,10,RH3,三連複,1=3=6,2160,7
2026-04-25,31,10,RT3,三連単,1-3-6,6860,24
2026-04-25,31,10,W,ワイド,1=3,160,1
2026-04-25,31,10,W,ワイド,1=6,600,9
2026-04-25,31,10,W,ワイド,3=6,830,11
2026-04-25,31,11,SH2,二車複,3=4,2010,7
2026-04-25,31,11,ST2,二車単,4-3,6880,17
2026-04-25,31,11,RH3,三連複,2=3=4,2630,9
2026-04-25,31,11,RT3,三連単,4-3-2,31720,70
2026-04-25,31,11,W,ワイド,3=4,560,7
2026-04-25,31,11,W,ワイド,2=4,630,8
2026-04-25,31,11,W,ワイド,2=3,280,3
2026-04-25,31,12,SH2,二車複,1=4,140,1
2026-04-25,31,12,ST2,二車単,1-4,170,1
2026-04-25,31,12,RH3,三連複,1=2=4,370,2
2026-04-25,31,12,RT3,三連単,1-4-2,520,2
2026-04-25,31,12,W,ワイド,1=4,100,1
2026-04-25,31,12,W,ワイド,1=2,200,3
2026-04-25,31,12,W,ワイド,2=4,310,6
2026-04-25,61,1,SH2,二車複,4=5,1940,6
2026-04-25,61,1,ST2,二車単,5-4,3970,12
2026-04-25,61,1,RH3,三連複,3=4=5,6830,15
2026-04-25,61,1,RT3,三連単,5-4-3,46800,79
2026-04-25,61,1,W,ワイド,4=5,420,5
2026-04-25,61,1,W,ワイド,3=5,1560,15
2026-04-25,61,1,W,ワイド,3=4,1480,14
2026-04-25,61,2,SH2,二車複,2=5,340,1
2026-04-25,61,2,ST2,二車単,5-2,490,1
2026-04-25,61,2,RH3,三連複,1=2=5,3130,14
2026-04-25,61,2,RT3,三連単,5-2-1,6170,22
2026-04-25,61,2,W,ワイド,2=5,200,1
2026-04-25,61,2,W,ワイド,1=5,750,12
2026-04-25,61,2,W,ワイド,1=2,790,15
2026-04-25,61,3,SH2,二車複,4=7,8990,21
2026-04-25,61,3,ST2,二車単,4-7,16360,41
2026-04-25,61,3,RH3,三連複,2=4=7,11390,31
2026-04-25,61,3,RT3,三連単,4-7-2,162010,207
2026-04-25,61,3,W,ワイド,4=7,2880,21
2026-04-25,61,3,W,ワイド,2=4,1450,18
2026-04-25,61,3,W,ワイド,2=7,600,8
2026-04-25,61,4,SH2,二車複,2=3,930,4
2026-04-25,61,4,ST2,二車単,2-3,1400,5
2026-04-25,61,4,RH3,三連複,2=3=6,3560,12
2026-04-25,61,4,RT3,三連単,2-3-6,12510,29
2026-04-25,61,4,W,ワイド,2=3,440,5
2026-04-25,61,4,W,ワイド,2=6,1400,15
2026-04-25,61,4,W,ワイド,3=6,1620,17
2026-04-25,61,5,SH2,二車複,1=7,1010,4
2026-04-25,61,5,ST2,二車単,7-1,2160,8
2026-04-25,61,5,RH3,三連複,1=2=7,760,3
2026-04-25,61,5,RT3,三連単,7-1-2,7430,25
2026-04-25,61,5,W,ワイド,1=7,280,4
2026-04-25,61,5,W,ワイド,2=7,340,5
2026-04-25,61,5,W,ワイド,1=2,120,1
2026-04-25,61,6,SH2,二車複,3=7,350,1
2026-04-25,61,6,ST2,二車単,3-7,550,3
2026-04-25,61,6,RH3,三連複,3=5=7,1660,6
2026-04-25,61,6,RT3,三連単,3-7-5,2870,7
2026-04-25,61,6,W,ワイド,3=7,150,1
2026-04-25,61,6,W,ワイド,3=5,1000,13
2026-04-25,61,6,W,ワイド,5=7,920,12
2026-04-25,61,7,SH2,二車複,2=4,3520,12
2026-04-25,61,7,ST2,二車単,2-4,6760,22
2026-04-25,61,7,RH3,三連複,2=4=6,11160,24
2026-04-25,61,7,RT3,三連単,2-4-6,53420,117
2026-04-25,61,7,W,ワイド,2=4,550,6
2026-04-25,61,7,W,ワイド,2=6,1490,15
2026-04-25,61,7,W,ワイド,4=6,3610,19
2026-04-25,61,8,SH2,二車複,2=5,170,1
2026-04-25,61,8,ST2,二車単,2-5,400,2
2026-04-25,61,8,RH3,三連複,2=5=7,340,1
2026-04-25,61,8,RT3,三連単,2-5-7,700,1
2026-04-25,61,8,W,ワイド,2=5,150,1
2026-04-25,61,8,W,ワイド,2=7,240,4
2026-04-25,61,8,W,ワイド,5=7,250,5
2026-04-25,61,9,SH2,二車複,2=7,160,1
2026-04-25,61,9,ST2,二車単,7-2,230,1
2026-04-25,61,9,RH3,三連複,2=5=7,340,1
2026-04-25,61,9,RT3,三連単,7-2-5,540,1
2026-04-25,61,9,W,ワイド,2=7,120,1
2026-04-25,61,9,W,ワイド,5=7,220,2
2026-04-25,61,9,W,ワイド,2=5,280,6
2026-04-25,61,10,SH2,二車複,1=5,490,3
2026-04-25,61,10,ST2,二車単,5-1,430,2
2026-04-25,61,10,RH3,三連複,1=5=6,3670,11
2026-04-25,61,10,RT3,三連単,5-1-6,8300,23
2026-04-25,61,10,W,ワイド,1=5,190,2
2026-04-25,61,10,W,ワイド,5=6,690,11
2026-04-25,61,10,W,ワイド,1=6,1500,16
2026-04-25,61,11,SH2,二車複,1=5,250,1
2026-04-25,61,11,ST2,二車単,5-1,300,1
2026-04-25,61,11,RH3,三連複,1=4=5,900,5
2026-04-25,61,11,RT3,三連単,5-1-4,1680,3
2026-04-25,61,11,W,ワイド,1=5,180,1
2026-04-25,61,11,W,ワイド,4=5,270,4
2026-04-25,61,11,W,ワイド,1=4,650,13
2026-03-26,23,1,SH2,二車複,1=3,140,1
2026-03-26,23,1,ST2,二車単,1-3,190,1
2026-03-26,23,1,RH3,三連複,1=3=7,400,2
2026-03-26,23,1,RT3,三連単,1-3-7,800,2
2026-03-26,23,1,W,ワイド,1=3,100,1
2026-03-26,23,1,W,ワイド,1=7,150,2
2026-03-26,23,1,W,ワイド,3=7,280,5
2026-03-26,23,2,SH2,二車複,1=3,1080,5
2026-03-26,23,2,ST2,二車単,3-1,4350,14
2026-03-26,23,2,RH3,三連複,1=3=4,370,1
2026-03-26,23,2,RT3,三連単,3-1-4,12480,39
2026-03-26,23,2,W,ワイド,1=3,240,4
2026-03-26,23,2,W,ワイド,3=4,180,2
2026-03-26,23,2,W,ワイド,1=4,150,1
2026-03-26,23,3,SH2,二車複,1=2,560,2
2026-03-26,23,3,ST2,二車単,1-2,760,3
2026-03-26,23,3,RH3,三連複,1=2=5,3100,9
2026-03-26,23,3,RT3,三連単,1-2-5,5170,14
2026-03-26,23,3,W,ワイド,1=2,340,4
2026-03-26,23,3,W,ワイド,1=5,1160,13
2026-03-26,23,3,W,ワイド,2=5,1860,15
2026-03-26,23,4,SH2,二車複,2=4,160,1
2026-03-26,23,4,ST2,二車単,2-4,220,1
2026-03-26,23,4,RH3,三連複,2=4=6,330,2
2026-03-26,23,4,RT3,三連単,2-4-6,540,2
2026-03-26,23,4,W,ワイド,2=4,120,1
2026-03-26,23,4,W,ワイド,2=6,200,3
2026-03-26,23,4,W,ワイド,4=6,370,5
2026-03-26,23,5,SH2,二車複,1=3,760,3
2026-03-26,23,5,ST2,二車単,1-3,1820,8
2026-03-26,23,5,RH3,三連複,1=3=4,3230,9
2026-03-26,23,5,RT3,三連単,1-3-4,13320,37
2026-03-26,23,5,W,ワイド,1=3,320,4
2026-03-26,23,5,W,ワイド,1=4,860,10
2026-03-26,23,5,W,ワイド,3=4,560,8
2026-03-26,23,6,SH2,二車複,2=7,330,1
2026-03-26,23,6,ST2,二車単,2-7,360,1
2026-03-26,23,6,RH3,三連複,1=2=7,630,3
2026-03-26,23,6,RT3,三連単,2-7-1,1210,1
2026-03-26,23,6,W,ワイド,2=7,210,2
2026-03-26,23,6,W,ワイド,1=2,210,3
2026-03-26,23,6,W,ワイド,1=7,420,8
2026-03-26,23,7,SH2,二車複,1=7,950,2
2026-03-26,23,7,ST2,二車単,1-7,2640,8
2026-03-26,23,7,RH3,三連複,1=4=7,370,2
2026-03-26,23,7,RT3,三連単,1-7-4,4030,8
2026-03-26,23,7,W,ワイド,1=7,290,7
2026-03-26,23,7,W,ワイド,1=4,110,1
2026-03-26,23,7,W,ワイド,4=7,260,5
2026-03-26,23,8,SH2,二車複,4=7,1380,6
2026-03-26,23,8,ST2,二車単,4-7,4200,12
2026-03-26,23,8,RH3,三連複,2=4=7,1430,6
2026-03-26,23,8,RT3,三連単,4-7-2,16860,53
2026-03-26,23,8,W,ワイド,4=7,570,7
2026-03-26,23,8,W,ワイド,2=4,910,13
2026-03-26,23,8,W,ワイド,2=7,280,5
2026-03-26,23,9,SH2,二車複,3=5,1160,4
2026-03-26,23,9,ST2,二車単,3-5,1400,5
2026-03-26,23,9,RH3,三連複,2=3=5,3730,13
2026-03-26,23,9,RT3,三連単,3-5-2,7590,26
2026-03-26,23,9,W,ワイド,3=5,590,7
2026-03-26,23,9,W,ワイド,2=3,1090,13
2026-03-26,23,9,W,ワイド,2=5,1180,15
2026-03-26,23,10,SH2,二車複,1=2,180,1
2026-03-26,23,10,ST2,二車単,1-2,220,1
2026-03-26,23,10,RH3,三連複,1=2=4,210,1
2026-03-26,23,10,RT3,三連単,1-2-4,490,1
2026-03-26,23,10,W,ワイド,1=2,100,1
2026-03-26,23,10,W,ワイド,1=4,150,2
2026-03-26,23,10,W,ワイド,2=4,180,4
2026-03-26,23,11,SH2,二車複,2=5,590,3
2026-03-26,23,11,ST2,二車単,5-2,2470,11
2026-03-26,23,11,RH3,三連複,2=4=5,3370,13
2026-03-26,23,11,RT3,三連単,5-2-4,17360,61
2026-03-26,23,11,W,ワイド,2=5,210,3
2026-03-26,23,11,W,ワイド,4=5,900,14
2026-03-26,23,11,W,ワイド,2=4,430,8
2026-03-26,23,12,SH2,二車複,3=7,180,1
2026-03-26,23,12,ST2,二車単,3-7,250,1
2026-03-26,23,12,RH3,三連複,3=4=7,350,2
2026-03-26,23,12,RT3,三連単,3-7-4,590,1
2026-03-26,23,12,W,ワイド,3=7,120,1
2026-03-26,23,12,W,ワイド,3=4,180,2
2026-03-26,23,12,W,ワイド,4=7,280,6
2026-03-26,36,1,SH2,二車複,2=4,330,2
2026-03-26,36,1,ST2,二車単,4-2,570,3
2026-03-26,36,1,RH3,三連複,2=4=6,850,4
2026-03-26,36,1,RT3,三連単,4-2-6,1430,3
2026-03-26,36,1,W,ワイド,2=4,190,1
2026-03-26,36,1,W,ワイド,4=6,310,6
2026-03-26,36,1,W,ワイド,2=6,760,11
2026-03-26,36,2,SH2,二車複,5=7,5090,13
2026-03-26,36,2,ST2,二車単,7-5,14610,30
2026-03-26,36,2,RH3,三連複,1=5=7,12560,23
2026-03-26,36,2,RT3,三連単,7-5-1,117910,145
2026-03-26,36,2,W,ワイド,5=7,1270,15
2026-03-26,36,2,W,ワイド,1=7,1330,16
2026-03-26,36,2,W,ワイド,1=5,1000,13
2026-03-26,36,3,SH2,二車複,1=3,1160,3
2026-03-26,36,3,ST2,二車単,1-3,1870,5
2026-03-26,36,3,RH3,三連複,1=3=6,4670,16
2026-03-26,36,3,RT3,三連単,1-3-6,12440,40
2026-03-26,36,3,W,ワイド,1=3,290,2
2026-03-26,36,3,W,ワイド,1=6,520,6
2026-03-26,36,3,W,ワイド,3=6,1470,17
2026-03-26,36,4,SH2,二車複,5=7,180,1
2026-03-26,36,4,ST2,二車単,5-7,230,1
2026-03-26,36,4,RH3,三連複,4=5=7,1330,4
2026-03-26,36,4,RT3,三連単,5-7-4,2620,8
2026-03-26,36,4,W,ワイド,5=7,140,1
2026-03-26,36,4,W,ワイド,4=5,240,4
2026-03-26,36,4,W,ワイド,4=7,1070,11
2026-03-26,36,5,SH2,二車複,1=4,100,1
2026-03-26,36,5,ST2,二車単,4-1,230,2
2026-03-26,36,5,RH3,三連複,1=4=6,170,1
2026-03-26,36,5,RT3,三連単,4-1-6,420,2
2026-03-26,36,5,W,ワイド,1=4,100,1
2026-03-26,36,5,W,ワイド,4=6,170,2
2026-03-26,36,5,W,ワイド,1=6,170,3
2026-03-26,36,6,SH2,二車複,5=7,1390,3
2026-03-26,36,6,ST2,二車単,7-5,2240,4
2026-03-26,36,6,RH3,三連複,4=5=7,580,2
2026-03-26,36,6,RT3,三連単,7-5-4,4670,9
2026-03-26,36,6,W,ワイド,5=7,370,8
2026-03-26,36,6,W,ワイド,4=7,130,1
2026-03-26,36,6,W,ワイド,4=5,400,9
2026-03-26,36,7,SH2,二車複,1=4,150,1
2026-03-26,36,7,ST2,二車単,4-1,170,1
2026-03-26,36,7,RH3,三連複,1=2=4,250,1
2026-03-26,36,7,RT3,三連単,4-1-2,630,2
2026-03-26,36,7,W,ワイド,1=4,110,1
2026-03-26,36,7,W,ワイド,2=4,130,2
2026-03-26,36,7,W,ワイド,1=2,200,4
2026-03-26,36,8,SH2,二車複,5=7,2720,6
2026-03-26,36,8,ST2,二車単,5-7,3200,11
2026-03-26,36,8,RH3,三連複,2=5=7,440,2
2026-03-26,36,8,RT3,三連単,5-7-2,7310,22
2026-03-26,36,8,W,ワイド,5=7,310,7
2026-03-26,36,8,W,ワイド,2=5,110,1
2026-03-26,36,8,W,ワイド,2=7,190,2
2026-03-26,36,9,SH2,二車複,4=6,860,3
2026-03-26,36,9,ST2,二車単,4-6,2130,4
2026-03-26,36,9,RH3,三連複,1=4=6,1800,5
2026-03-26,36,9,RT3,三連単,4-6-1,7220,15
2026-03-26,36,9,W,ワイド,4=6,550,7
2026-03-26,36,9,W,ワイド,1=4,610,11
2026-03-26,36,9,W,ワイド,1=6,520,5
2026-03-26,36,10,SH2,二車複,2=7,140,1
2026-03-26,36,10,ST2,二車単,7-2,310,2
2026-03-26,36,10,RH3,三連複,2=5=7,250,1
2026-03-26,36,10,RT3,三連単,7-2-5,880,3
2026-03-26,36,10,W,ワイド,2=7,100,1
2026-03-26,36,10,W,ワイド,5=7,260,6
2026-03-26,36,10,W,ワイド,2=5,250,3
2026-03-26,36,11,SH2,二車複,3=5,640,2
2026-03-26,36,11,ST2,二車単,3-5,650,2
2026-03-26,36,11,RH3,三連複,3=5=6,1590,7
2026-03-26,36,11,RT3,三連単,3-5-6,5050,15
2026-03-26,36,11,W,ワイド,3=5,260,3
2026-03-26,36,11,W,ワイド,3=6,230,2
2026-03-26,36,11,W,ワイド,5=6,670,10
2026-03-26,61,1,SH2,二車複,2=7,200,1
2026-03-26,61,1,ST2,二車単,7-2,1350,5
2026-03-26,61,1,RH3,三連複,1=2=7,420,2
2026-03-26,61,1,RT3,三連単,7-2-1,5080,14
2026-03-26,61,1,W,ワイド,2=7,130,2
2026-03-26,61,1,W,ワイド,1=7,310,8
2026-03-26,61,1,W,ワイド,1=2,120,1
2026-03-26,61,2,SH2,二車複,3=7,5770,8
2026-03-26,61,2,ST2,二車単,7-3,11370,19
2026-03-26,61,2,RH3,三連複,3=5=7,25850,25
2026-03-26,61,2,RT3,三連単,7-3-5,285020,154
2026-03-26,61,2,W,ワイド,3=7,820,8
2026-03-26,61,2,W,ワイド,5=7,3350,18
2026-03-26,61,2,W,ワイド,3=5,6370,21
2026-03-26,61,3,SH2,二車複,2=7,170,1
2026-03-26,61,3,ST2,二車単,7-2,210,1
2026-03-26,61,3,RH3,三連複,2=5=7,480,2
2026-03-26,61,3,RT3,三連単,7-2-5,700,2
2026-03-26,61,3,W,ワイド,2=7,100,1
2026-03-26,61,3,W,ワイド,5=7,120,2
2026-03-26,61,3,W,ワイド,2=5,410,7
2026-03-26,61,4,SH2,二車複,3=5,140,1
2026-03-26,61,4,ST2,二車単,3-5,220,1
2026-03-26,61,4,RH3,三連複,1=3=5,1390,4
2026-03-26,61,4,RT3,三連単,3-5-1,2660,8
2026-03-26,61,4,W,ワイド,3=5,120,1
2026-03-26,61,4,W,ワイド,1=3,560,8
2026-03-26,61,4,W,ワイド,1=5,720,10
2026-03-26,61,5,SH2,二車複,1=2,410,3
2026-03-26,61,5,ST2,二車単,2-1,720,4
2026-03-26,61,5,RH3,三連複,1=2=5,130,1
2026-03-26,61,5,RT3,三連単,2-1-5,1180,4
2026-03-26,61,5,W,ワイド,1=2,100,2
2026-03-26,61,5,W,ワイド,2=5,100,1
2026-03-26,61,5,W,ワイド,1=5,110,3
2026-03-26,61,6,SH2,二車複,4=7,1640,4
2026-03-26,61,6,ST2,二車単,7-4,1950,5
2026-03-26,61,6,RH3,三連複,2=4=7,2130,6
2026-03-26,61,6,RT3,三連単,7-4-2,6660,18
2026-03-26,61,6,W,ワイド,4=7,430,6
2026-03-26,61,6,W,ワイド,2=7,170,2
2026-03-26,61,6,W,ワイド,2=4,2430,13
2026-03-26,61,7,SH2,二車複,1=5,420,1
2026-03-26,61,7,ST2,二車単,1-5,700,2
2026-03-26,61,7,RH3,三連複,1=5=7,500,2
2026-03-26,61,7,RT3,三連単,1-5-7,1700,3
2026-03-26,61,7,W,ワイド,1=5,200,2
2026-03-26,61,7,W,ワイド,1=7,310,7
2026-03-26,61,7,W,ワイド,5=7,210,3
2026-03-26,61,8,SH2,二車複,1=7,130,1
2026-03-26,61,8,ST2,二車単,1-7,200,1
2026-03-26,61,8,RH3,三連複,1=5=7,740,4
2026-03-26,61,8,RT3,三連単,1-7-5,1440,5
2026-03-26,61,8,W,ワイド,1=7,110,1
2026-03-26,61,8,W,ワイド,1=5,350,5
2026-03-26,61,8,W,ワイド,5=7,550,7
2026-03-26,61,9,SH2,二車複,1=7,330,2
2026-03-26,61,9,ST2,二車単,1-7,410,2
2026-03-26,61,9,RH3,三連複,1=3=7,340,1
2026-03-26,61,9,RT3,三連単,1-7-3,640,2
2026-03-26,61,9,W,ワイド,1=7,150,1
2026-03-26,61,9,W,ワイド,1=3,160,3
2026-03-26,61,9,W,ワイド,3=7,290,5
2026-03-26,61,10,SH2,二車複,1=5,100,1
2026-03-26,61,10,ST2,二車単,5-1,120,1
2026-03-26,61,10,RH3,三連複,1=3=5,130,1
2026-03-26,61,10,RT3,三連単,5-1-3,180,1
2026-03-26,61,10,W,ワイド,1=5,100,1
2026-03-26,61,10,W,ワイド,3=5,110,3
2026-03-26,61,10,W,ワイド,1=3,110,2
2026-03-26,61,11,SH2,二車複,2=4,460,2
2026-03-26,61,11,ST2,二車単,2-4,580,2
2026-03-26,61,11,RH3,三連複,2=4=7,220,1
2026-03-26,61,11,RT3,三連単,2-4-7,880,2
2026-03-26,61,11,W,ワイド,2=4,150,2
2026-03-26,61,11,W,ワイド,2=7,110,1
2026-03-26,61,11,W,ワイド,4=7,210,3
2026-03-26,74,1,SH2,二車複,2=5,940,2
2026-03-26,74,1,ST2,二車単,2-5,1990,5
2026-03-26,74,1,RH3,三連複,1=2=5,1210,5
2026-03-26,74,1,RT3,三連単,2-5-1,6770,17
2026-03-26,74,1,W,ワイド,2=5,380,6
2026-03-26,74,1,W,ワイド,1=2,350,3
2026-03-26,74,1,W,ワイド,1=5,290,2
2026-03-26,74,2,SH2,二車複,1=5,270,1
2026-03-26,74,2,ST2,二車単,5-1,580,1
2026-03-26,74,2,RH3,三連複,1=2=5,390,1
2026-03-26,74,2,RT3,三連単,5-1-2,1490,2
2026-03-26,74,2,W,ワイド,1=5,130,2
2026-03-26,74,2,W,ワイド,2=5,130,1
2026-03-26,74,2,W,ワイド,1=2,230,5
2026-03-26,74,3,SH2,二車複,1=4,130,1
2026-03-26,74,3,ST2,二車単,1-4,200,1
2026-03-26,74,3,RH3,三連複,1=4=7,230,1
2026-03-26,74,3,RT3,三連単,1-4-7,390,1
2026-03-26,74,3,W,ワイド,1=4,100,1
2026-03-26,74,3,W,ワイド,1=7,200,3
2026-03-26,74,3,W,ワイド,4=7,190,2
2026-03-26,74,4,SH2,二車複,2=6,3230,9
2026-03-26,74,4,ST2,二車単,6-2,8850,19
2026-03-26,74,4,RH3,三連複,2=5=6,16780,30
2026-03-26,74,4,RT3,三連単,6-2-5,67880,106
2026-03-26,74,4,W,ワイド,2=6,1920,13
2026-03-26,74,4,W,ワイド,5=6,3010,18
2026-03-26,74,4,W,ワイド,2=5,2500,16
2026-03-26,74,5,SH2,二車複,3=7,630,3
2026-03-26,74,5,ST2,二車単,7-3,1250,4
2026-03-26,74,5,RH3,三連複,3=5=7,640,2
2026-03-26,74,5,RT3,三連単,7-3-5,2820,8
2026-03-26,74,5,W,ワイド,3=7,260,3
2026-03-26,74,5,W,ワイド,5=7,140,1
2026-03-26,74,5,W,ワイド,3=5,500,8
2026-03-26,74,6,SH2,二車複,1=4,200,1
2026-03-26,74,6,ST2,二車単,1-4,550,2
2026-03-26,74,6,RH3,三連複,1=3=4,490,1
2026-03-26,74,6,RT3,三連単,1-4-3,1830,5
2026-03-26,74,6,W,ワイド,1=4,120,1
2026-03-26,74,6,W,ワイド,1=3,390,7
2026-03-26,74,6,W,ワイド,3=4,200,2
2026-03-26,74,7,SH2,二車複,3=5,310,1
2026-03-26,74,7,ST2,二車単,5-3,570,1
2026-03-26,74,7,RH3,三連複,1=3=5,1540,6
2026-03-26,74,7,RT3,三連単,5-3-1,5010,13
2026-03-26,74,7,W,ワイド,3=5,220,2
2026-03-26,74,7,W,ワイド,1=5,360,5
2026-03-26,74,7,W,ワイド,1=3,690,12
2026-03-27,36,1,SH2,二車複,1=5,140,1
2026-03-27,36,1,ST2,二車単,5-1,220,1
2026-03-27,36,1,RH3,三連複,1=3=5,190,1
2026-03-27,36,1,RT3,三連単,5-1-3,390,1
2026-03-27,36,1,W,ワイド,1=5,100,1
2026-03-27,36,1,W,ワイド,3=5,150,2
2026-03-27,36,1,W,ワイド,1=3,210,6
2026-03-27,36,2,SH2,二車複,3=4,1720,5
2026-03-27,36,2,ST2,二車単,3-4,2840,7
2026-03-27,36,2,RH3,三連複,2=3=4,890,3
2026-03-27,36,2,RT3,三連単,3-4-2,8050,21
2026-03-27,36,2,W,ワイド,3=4,310,5
2026-03-27,36,2,W,ワイド,2=3,160,2
2026-03-27,36,2,W,ワイド,2=4,260,4
2026-03-27,36,3,SH2,二車複,3=5,480,2
2026-03-27,36,3,ST2,二車単,5-3,880,2
2026-03-27,36,3,RH3,三連複,1=3=5,640,2
2026-03-27,36,3,RT3,三連単,5-3-1,3140,9
2026-03-27,36,3,W,ワイド,3=5,200,3
2026-03-27,36,3,W,ワイド,1=5,190,1
2026-03-27,36,3,W,ワイド,1=3,330,6
2026-03-27,36,4,SH2,二車複,3=5,140,1
2026-03-27,36,4,ST2,二車単,5-3,170,1
2026-03-27,36,4,RH3,三連複,3=5=6,240,1
2026-03-27,36,4,RT3,三連単,5-3-6,360,1
2026-03-27,36,4,W,ワイド,3=5,100,1
2026-03-27,36,4,W,ワイド,5=6,240,4
2026-03-27,36,4,W,ワイド,3=6,250,5
2026-03-27,36,5,SH2,二車複,1=3,110,1
2026-03-27,36,5,ST2,二車単,1-3,260,2
2026-03-27,36,5,RH3,三連複,1=3=7,890,3
2026-03-27,36,5,RT3,三連単,1-3-7,2010,5
2026-03-27,36,5,W,ワイド,1=3,120,1
2026-03-27,36,5,W,ワイド,1=7,460,8
2026-03-27,36,5,W,ワイド,3=7,610,10
2026-03-27,36,6,SH2,二車複,3=4,770,4
2026-03-27,36,6,ST2,二車単,4-3,2040,11
2026-03-27,36,6,RH3,三連複,3=4=6,2650,12
2026-03-27,36,6,RT3,三連単,4-3-6,14430,54
2026-03-27,36,6,W,ワイド,3=4,350,6
2026-03-27,36,6,W,ワイド,4=6,590,12
2026-03-27,36,6,W,ワイド,3=6,310,4
2026-03-27,36,7,SH2,二車複,2=7,160,1
2026-03-27,36,7,ST2,二車単,2-7,300,2
2026-03-27,36,7,RH3,三連複,2=4=7,180,1
2026-03-27,36,7,RT3,三連単,2-7-4,510,2
2026-03-27,36,7,W,ワイド,2=7,110,1
2026-03-27,36,7,W,ワイド,2=4,150,3
2026-03-27,36,7,W,ワイド,4=7,110,2
2026-03-27,36,8,SH2,二車複,2=5,1690,6
2026-03-27,36,8,ST2,二車単,5-2,11250,26
2026-03-27,36,8,RH3,三連複,2=3=5,3190,10
2026-03-27,36,8,RT3,三連単,5-2-3,68930,126
2026-03-27,36,8,W,ワイド,2=5,610,9
2026-03-27,36,8,W,ワイド,3=5,1320,13
2026-03-27,36,8,W,ワイド,2=3,300,2
2026-03-27,36,9,SH2,二車複,2=7,1590,5
2026-03-27,36,9,ST2,二車単,2-7,2950,11
2026-03-27,36,9,RH3,三連複,2=5=7,3520,11
2026-03-27,36,9,RT3,三連単,2-7-5,15590,44
2026-03-27,36,9,W,ワイド,2=7,870,12
2026-03-27,36,9,W,ワイド,2=5,1190,14
2026-03-27,36,9,W,ワイド,5=7,1600,16
2026-03-27,36,10,SH2,二車複,3=7,1120,4
2026-03-27,36,10,ST2,二車単,3-7,2140,7
2026-03-27,36,10,RH3,三連複,3=4=7,1320,6
2026-03-27,36,10,RT3,三連単,3-7-4,7330,23
2026-03-27,36,10,W,ワイド,3=7,360,3
2026-03-27,36,10,W,ワイド,3=4,410,5
2026-03-27,36,10,W,ワイド,4=7,850,12
2026-03-27,36,11,SH2,二車複,1=5,710,2
2026-03-27,36,11,ST2,二車単,1-5,790,3
2026-03-27,36,11,RH3,三連複,1=2=5,3870,8
2026-03-27,36,11,RT3,三連単,1-5-2,6100,15
2026-03-27,36,11,W,ワイド,1=5,430,6
2026-03-27,36,11,W,ワイド,1=2,700,9
2026-03-27,36,11,W,ワイド,2=5,1590,13
2026-03-27,42,1,SH2,二車複,2=6,1830,7
2026-03-27,42,1,ST2,二車単,2-6,3690,13
2026-03-27,42,1,RH3,三連複,1=2=6,1450,5
2026-03-27,42,1,RT3,三連単,2-6-1,12690,46
2026-03-27,42,1,W,ワイド,2=6,540,8
2026-03-27,42,1,W,ワイド,1=2,150,1
2026-03-27,42,1,W,ワイド,1=6,510,7
2026-03-27,42,2,SH2,二車複,2=3,830,4
2026-03-27,42,2,ST2,二車単,3-2,1110,4
2026-03-27,42,2,RH3,三連複,2=3=5,2620,11
2026-03-27,42,2,RT3,三連単,3-2-5,5950,18
2026-03-27,42,2,W,ワイド,2=3,210,2
2026-03-27,42,2,W,ワイド,3=5,630,9
2026-03-27,42,2,W,ワイド,2=5,1600,19
2026-03-27,42,3,SH2,二車複,2=7,1460,3
2026-03-27,42,3,ST2,二車単,7-2,4770,17
2026-03-27,42,3,RH3,三連複,2=4=7,2550,8
2026-03-27,42,3,RT3,三連単,7-2-4,17100,44
2026-03-27,42,3,W,ワイド,2=7,530,7
2026-03-27,42,3,W,ワイド,4=7,700,11
2026-03-27,42,3,W,ワイド,2=4,690,10
2026-03-27,42,4,SH2,二車複,1=6,290,2
2026-03-27,42,4,ST2,二車単,1-6,400,2
2026-03-27,42,4,RH3,三連複,1=2=6,220,1
2026-03-27,42,4,RT3,三連単,1-6-2,610,1
2026-03-27,42,4,W,ワイド,1=6,170,2
2026-03-27,42,4,W,ワイド,1=2,100,1
2026-03-27,42,4,W,ワイド,2=6,190,3
2026-03-27,42,5,SH2,二車複,1=3,1810,5
2026-03-27,42,5,ST2,二車単,3-1,3220,9
2026-03-27,42,5,RH3,三連複,1=2=3,1230,4
2026-03-27,42,5,RT3,三連単,3-1-2,9950,26
2026-03-27,42,5,W,ワイド,1=3,800,10
2026-03-27,42,5,W,ワイド,2=3,310,3
2026-03-27,42,5,W,ワイド,1=2,370,5
2026-03-27,42,6,SH2,二車複,1=2,190,1
2026-03-27,42,6,ST2,二車単,1-2,160,1
2026-03-27,42,6,RH3,三連複,1=2=5,690,3
2026-03-27,42,6,RT3,三連単,1-2-5,1090,4
2026-03-27,42,6,W,ワイド,1=2,100,1
2026-03-27,42,6,W,ワイド,1=5,260,5
2026-03-27,42,6,W,ワイド,2=5,670,9
2026-03-27,42,7,SH2,二車複,1=4,320,1
2026-03-27,42,7,ST2,二車単,1-4,510,2
2026-03-27,42,7,RH3,三連複,1=2=4,720,3
2026-03-27,42,7,RT3,三連単,1-4-2,1910,4
2026-03-27,42,7,W,ワイド,1=4,210,3
2026-03-27,42,7,W,ワイド,1=2,190,2
2026-03-27,42,7,W,ワイド,2=4,340,4
2026-03-27,44,1,SH2,二車複,2=4,390,3
2026-03-27,44,1,ST2,二車単,2-4,460,1
2026-03-27,44,1,RH3,三連複,1=2=4,730,3
2026-03-27,44,1,RT3,三連単,2-4-1,1790,3
2026-03-27,44,1,W,ワイド,2=4,220,4
2026-03-27,44,1,W,ワイド,1=2,200,3
2026-03-27,44,1,W,ワイド,1=4,280,5
2026-03-27,44,2,SH2,二車複,3=6,5980,15
2026-03-27,44,2,ST2,二車単,3-6,6830,21
2026-03-27,44,2,RH3,三連複,1=3=6,1920,8
2026-03-27,44,2,RT3,三連単,3-6-1,16580,62
2026-03-27,44,2,W,ワイド,3=6,1280,15
2026-03-27,44,2,W,ワイド,1=3,440,7
2026-03-27,44,2,W,ワイド,1=6,670,11
2026-03-27,44,3,SH2,二車複,1=3,1340,5
2026-03-27,44,3,ST2,二車単,3-1,1900,7
2026-03-27,44,3,RH3,三連複,1=3=4,3840,13
2026-03-27,44,3,RT3,三連単,3-1-4,12950,48
2026-03-27,44,3,W,ワイド,1=3,440,6
2026-03-27,44,3,W,ワイド,3=4,340,4
2026-03-27,44,3,W,ワイド,1=4,970,13
2026-03-27,44,4,SH2,二車複,3=5,470,2
2026-03-27,44,4,ST2,二車単,5-3,1270,4
2026-03-27,44,4,RH3,三連複,3=5=6,4740,14
2026-03-27,44,4,RT3,三連単,5-3-6,8630,26
2026-03-27,44,4,W,ワイド,3=5,340,4
2026-03-27,44,4,W,ワイド,5=6,1510,18
2026-03-27,44,4,W,ワイド,3=6,2180,19
2026-03-27,44,5,SH2,二車複,3=4,220,1
2026-03-27,44,5,ST2,二車単,4-3,560,2
2026-03-27,44,5,RH3,三連複,3=4=5,320,1
2026-03-27,44,5,RT3,三連単,4-3-5,1160,3
2026-03-27,44,5,W,ワイド,3=4,140,1
2026-03-27,44,5,W,ワイド,4=5,300,5
2026-03-27,44,5,W,ワイド,3=5,190,3
2026-03-27,44,6,SH2,二車複,1=7,4480,13
2026-03-27,44,6,ST2,二車単,1-7,7540,23
2026-03-27,44,6,RH3,三連複,1=4=7,1340,4
2026-03-27,44,6,RT3,三連単,1-7-4,22540,82
2026-03-27,44,6,W,ワイド,1=7,790,15
2026-03-27,44,6,W,ワイド,1=4,240,2
2026-03-27,44,6,W,ワイド,4=7,260,3
2026-03-27,44,7,SH2,二車複,5=6,1030,5
2026-03-27,44,7,ST2,二車単,5-6,1980,7
2026-03-27,44,7,RH3,三連複,2=5=6,810,3
2026-03-27,44,7,RT3,三連単,5-6-2,3110,9
2026-03-27,44,7,W,ワイド,5=6,510,8
2026-03-27,44,7,W,ワイド,2=5,360,4
2026-03-27,44,7,W,ワイド,2=6,660,9
2026-03-27,44,8,SH2,二車複,1=7,700,4
2026-03-27,44,8,ST2,二車単,7-1,1080,2
2026-03-27,44,8,RH3,三連複,1=6=7,930,3
2026-03-27,44,8,RT3,三連単,7-1-6,1840,3
2026-03-27,44,8,W,ワイド,1=7,380,7
2026-03-27,44,8,W,ワイド,6=7,350,4
2026-03-27,44,8,W,ワイド,1=6,970,15
2026-03-27,44,9,SH2,二車複,1=4,1400,5
2026-03-27,44,9,ST2,二車単,4-1,3360,11
2026-03-27,44,9,RH3,三連複,1=4=7,1260,4
2026-03-27,44,9,RT3,三連単,4-1-7,12320,35
2026-03-27,44,9,W,ワイド,1=4,450,8
2026-03-27,44,9,W,ワイド,4=7,660,10
2026-03-27,44,9,W,ワイド,1=7,350,4
2026-03-27,44,10,SH2,二車複,2=6,210,1
2026-03-27,44,10,ST2,二車単,2-6,740,2
2026-03-27,44,10,RH3,三連複,1=2=6,300,1
2026-03-27,44,10,RT3,三連単,2-6-1,1570,3
2026-03-27,44,10,W,ワイド,2=6,140,1
2026-03-27,44,10,W,ワイド,1=2,180,3
2026-03-27,44,10,W,ワイド,1=6,150,2
2026-03-27,44,11,SH2,二車複,3=5,1210,6
2026-03-27,44,11,ST2,二車単,3-5,4430,18
2026-03-27,44,11,RH3,三連複,3=5=7,600,1
2026-03-27,44,11,RT3,三連単,3-5-7,10010,40
2026-03-27,44,11,W,ワイド,3=5,270,3
2026-03-27,44,11,W,ワイド,3=7,290,4
2026-03-27,44,11,W,ワイド,5=7,230,2
2026-03-27,44,12,SH2,二車複,3=7,1900,8
2026-03-27,44,12,ST2,二車単,3-7,4720,20
2026-03-27,44,12,RH3,三連複,2=3=7,2140,7
2026-03-27,44,12,RT3,三連単,3-7-2,19190,74
2026-03-27,44,12,W,ワイド,3=7,670,8
2026-03-27,44,12,W,ワイド,2=3,520,6
2026-03-27,44,12,W,ワイド,2=7,560,7
2026-03-27,61,1,SH2,二車複,1=7,2070,4
2026-03-27,61,1,ST2,二車単,7-1,2750,7
2026-03-27,61,1,RH3,三連複,1=4=7,9060,16
2026-03-27,61,1,RT3,三連単,7-1-4,15720,33
2026-03-27,61,1,W,ワイド,1=7,500,8
2026-03-27,61,1,W,ワイド,4=7,430,4
2026-03-27,61,1,W,ワイド,1=4,7580,20
2026-03-27,61,2,SH2,二車複,3=4,2630,9
2026-03-27,61,2,ST2,二車単,3-4,2650,7
2026-03-27,61,2,RH3,三連複,3=4=7,420,1
2026-03-27,61,2,RT3,三連単,3-4-7,4530,10
2026-03-27,61,2,W,ワイド,3=4,340,5
2026-03-27,61,2,W,ワイド,3=7,110,1
2026-03-27,61,2,W,ワイド,4=7,500,10
2026-03-27,61,3,SH2,二車複,1=7,100,1
2026-03-27,61,3,ST2,二車単,1-7,180,1
2026-03-27,61,3,RH3,三連複,1=2=7,260,1
2026-03-27,61,3,RT3,三連単,1-7-2,360,1
2026-03-27,61,3,W,ワイド,1=7,100,1
2026-03-27,61,3,W,ワイド,1=2,250,5
2026-03-27,61,3,W,ワイド,2=7,170,2
2026-03-27,61,4,SH2,二車複,1=7,680,3
2026-03-27,61,4,ST2,二車単,7-1,760,3
2026-03-27,61,4,RH3,三連複,1=2=7,530,3
2026-03-27,61,4,RT3,三連単,7-1-2,2290,7
2026-03-27,61,4,W,ワイド,1=7,350,5
2026-03-27,61,4,W,ワイド,2=7,100,1
2026-03-27,61,4,W,ワイド,1=2,580,7
2026-03-27,61,5,SH2,二車複,1=4,250,1
2026-03-27,61,5,ST2,二車単,4-1,370,1
2026-03-27,61,5,RH3,三連複,1=4=6,1010,4
2026-03-27,61,5,RT3,三連単,4-1-6,3510,10
2026-03-27,61,5,W,ワイド,1=4,150,1
2026-03-27,61,5,W,ワイド,4=6,470,7
2026-03-27,61,5,W,ワイド,1=6,820,9
2026-03-27,61,6,SH2,二車複,4=5,220,2
2026-03-27,61,6,ST2,二車単,5-4,200,1
2026-03-27,61,6,RH3,三連複,4=5=6,140,1
2026-03-27,61,6,RT3,三連単,5-4-6,370,1
2026-03-27,61,6,W,ワイド,4=5,100,1
2026-03-27,61,6,W,ワイド,5=6,100,2
2026-03-27,61,6,W,ワイド,4=6,140,3
2026-03-27,61,7,SH2,二車複,5=7,1870,6
2026-03-27,61,7,ST2,二車単,5-7,3070,10
2026-03-27,61,7,RH3,三連複,4=5=7,2080,5
2026-03-27,61,7,RT3,三連単,5-7-4,9190,24
2026-03-27,61,7,W,ワイド,5=7,390,6
2026-03-27,61,7,W,ワイド,4=5,260,5
2026-03-27,61,7,W,ワイド,4=7,210,3
2026-03-27,61,8,SH2,二車複,1=7,270,1
2026-03-27,61,8,ST2,二車単,7-1,250,1
2026-03-27,61,8,RH3,三連複,1=6=7,750,3
2026-03-27,61,8,RT3,三連単,7-1-6,1280,5
2026-03-27,61,8,W,ワイド,1=7,150,1
2026-03-27,61,8,W,ワイド,6=7,470,7
2026-03-27,61,8,W,ワイド,1=6,430,6
2026-03-27,61,9,SH2,二車複,3=7,250,1
2026-03-27,61,9,ST2,二車単,7-3,500,1
2026-03-27,61,9,RH3,三連複,3=4=7,350,1
2026-03-27,61,9,RT3,三連単,7-3-4,1150,1
2026-03-27,61,9,W,ワイド,3=7,190,3
2026-03-27,61,9,W,ワイド,4=7,310,5
2026-03-27,61,9,W,ワイド,3=4,160,1
2026-03-27,61,10,SH2,二車複,3=5,320,2
2026-03-27,61,10,ST2,二車単,3-5,310,1
2026-03-27,61,10,RH3,三連複,3=4=5,390,2
2026-03-27,61,10,RT3,三連単,3-5-4,1050,2
2026-03-27,61,10,W,ワイド,3=5,140,2
2026-03-27,61,10,W,ワイド,3=4,130,1
2026-03-27,61,10,W,ワイド,4=5,270,4
2026-03-27,61,11,SH2,二車複,1=6,5370,10
2026-03-27,61,11,ST2,二車単,1-6,9760,12
2026-03-27,61,11,RH3,三連複,1=6=7,4380,9
2026-03-27,61,11,RT3,三連単,1-6-7,23540,28
2026-03-27,61,11,W,ワイド,1=6,710,6
2026-03-27,61,11,W,ワイド,1=7,150,2
2026-03-27,61,11,W,ワイド,6=7,1720,16
2026-03-27,81,1,SH2,二車複,2=3,550,3
2026-03-27,81,1,ST2,二車単,3-2,3270,10
2026-03-27,81,1,RH3,三連複,2=3=5,710,4
2026-03-27,81,1,RT3,三連単,3-2-5,10290,30
2026-03-27,81,1,W,ワイド,2=3,200,2
2026-03-27,81,1,W,ワイド,3=5,740,11
2026-03-27,81,1,W,ワイド,2=5,170,1
2026-03-27,81,2,SH2,二車複,3=7,390,1
2026-03-27,81,2,ST2,二車単,7-3,940,4
2026-03-27,81,2,RH3,三連複,3=6=7,540,2
2026-03-27,81,2,RT3,三連単,7-3-6,1480,2
2026-03-27,81,2,W,ワイド,3=7,220,1
2026-03-27,81,2,W,ワイド,6=7,520,9
2026-03-27,81,2,W,ワイド,3=6,400,7
2026-03-27,81,3,SH2,二車複,2=4,3050,9
2026-03-27,81,3,ST2,二車単,2-4,3860,10
2026-03-27,81,3,RH3,三連複,2=3=4,5250,12
2026-03-27,81,3,RT3,三連単,2-4-3,32640,65
2026-03-27,81,3,W,ワイド,2=4,880,9
2026-03-27,81,3,W,ワイド,2=3,260,4
2026-03-27,81,3,W,ワイド,3=4,1060,12
2026-03-27,81,4,SH2,二車複,3=4,4510,10
2026-03-27,81,4,ST2,二車単,4-3,9460,19
2026-03-27,81,4,RH3,三連複,3=4=5,6120,17
2026-03-27,81,4,RT3,三連単,4-3-5,39380,75
2026-03-27,81,4,W,ワイド,3=4,1120,11
2026-03-27,81,4,W,ワイド,4=5,760,8
2026-03-27,81,4,W,ワイド,3=5,310,5
2026-03-27,81,5,SH2,二車複,1=7,1220,6
2026-03-27,81,5,ST2,二車単,7-1,2510,11
2026-03-27,81,5,RH3,三連複,1=4=7,3520,11
2026-03-27,81,5,RT3,三連単,7-1-4,15030,48
2026-03-27,81,5,W,ワイド,1=7,490,8
2026-03-27,81,5,W,ワイド,4=7,700,9
2026-03-27,81,5,W,ワイド,1=4,430,7
2026-03-27,81,6,SH2,二車複,4=5,3690,8
2026-03-27,81,6,ST2,二車単,5-4,4310,13
2026-03-27,81,6,RH3,三連複,4=5=7,10130,25
2026-03-27,81,6,RT3,三連単,5-4-7,52600,103
2026-03-27,81,6,W,ワイド,4=5,910,8
2026-03-27,81,6,W,ワイド,5=7,1130,11
2026-03-27,81,6,W,ワイド,4=7,4350,21
2026-03-27,81,7,SH2,二車複,2=7,580,3
2026-03-27,81,7,ST2,二車単,7-2,670,2
2026-03-27,81,7,RH3,三連複,1=2=7,600,2
2026-03-27,81,7,RT3,三連単,7-2-1,1540,3
2026-03-27,81,7,W,ワイド,2=7,250,3
2026-03-27,81,7,W,ワイド,1=7,240,2
2026-03-27,81,7,W,ワイド,1=2,330,4
2026-03-27,81,8,SH2,二車複,2=4,190,1
2026-03-27,81,8,ST2,二車単,4-2,290,1
2026-03-27,81,8,RH3,三連複,1=2=4,330,1
2026-03-27,81,8,RT3,三連単,4-2-1,570,1
2026-03-27,81,8,W,ワイド,2=4,130,1
2026-03-27,81,8,W,ワイド,1=4,150,2
2026-03-27,81,8,W,ワイド,1=2,310,5
2026-03-27,81,9,SH2,二車複,1=2,130,1
2026-03-27,81,9,ST2,二車単,2-1,200,1
2026-03-27,81,9,RH3,三連複,1=2=4,660,4
2026-03-27,81,9,RT3,三連単,2-1-4,1060,4
2026-03-27,81,9,W,ワイド,1=2,120,1
2026-03-27,81,9,W,ワイド,2=4,290,5
2026-03-27,81,9,W,ワイド,1=4,480,10
2026-03-28,28,1,SH2,二車複,1=4,350,2
2026-03-28,28,1,ST2,二車単,1-4,960,5
2026-03-28,28,1,RH3,三連複,1=4=5,310,1
2026-03-28,28,1,RT3,三連単,1-4-5,2910,11
2026-03-28,28,1,W,ワイド,1=4,160,2
2026-03-28,28,1,W,ワイド,1=5,230,5
2026-03-28,28,1,W,ワイド,4=5,110,1
2026-03-28,28,2,SH2,二車複,6=7,3020,8
2026-03-28,28,2,ST2,二車単,6-7,8020,20
2026-03-28,28,2,RH3,三連複,2=6=7,1600,6
2026-03-28,28,2,RT3,三連単,6-7-2,19060,42
2026-03-28,28,2,W,ワイド,6=7,620,8
2026-03-28,28,2,W,ワイド,2=6,570,7
2026-03-28,28,2,W,ワイド,2=7,260,3
2026-03-28,28,3,SH2,二車複,2=7,120,1
2026-03-28,28,3,ST2,二車単,7-2,140,1
2026-03-28,28,3,RH3,三連複,2=5=7,940,5
2026-03-28,28,3,RT3,三連単,7-2-5,1240,5
2026-03-28,28,3,W,ワイド,2=7,100,1
2026-03-28,28,3,W,ワイド,5=7,310,5
2026-03-28,28,3,W,ワイド,2=5,750,10
2026-03-28,28,4,SH2,二車複,3=5,100,1
2026-03-28,28,4,ST2,二車単,5-3,120,1
2026-03-28,28,4,RH3,三連複,1=3=5,1320,3
2026-03-28,28,4,RT3,三連単,5-3-1,2030,6
2026-03-28,28,4,W,ワイド,3=5,100,1
2026-03-28,28,4,W,ワイド,1=5,370,5
2026-03-28,28,4,W,ワイド,1=3,610,9
2026-03-28,28,5,SH2,二車複,2=4,4080,14
2026-03-28,28,5,ST2,二車単,2-4,7080,22
2026-03-28,28,5,RH3,三連複,2=3=4,3450,13
2026-03-28,28,5,RT3,三連単,2-4-3,22570,68
2026-03-28,28,5,W,ワイド,2=4,1670,16
2026-03-28,28,5,W,ワイド,2=3,570,7
2026-03-28,28,5,W,ワイド,3=4,1280,15
2026-03-28,28,6,SH2,二車複,2=6,140,1
2026-03-28,28,6,ST2,二車単,6-2,270,1
2026-03-28,28,6,RH3,三連複,2=4=6,190,1
2026-03-28,28,6,RT3,三連単,6-2-4,560,1
2026-03-28,28,6,W,ワイド,2=6,100,1
2026-03-28,28,6,W,ワイド,4=6,150,2
2026-03-28,28,6,W,ワイド,2=4,160,3
2026-03-28,28,7,SH2,二車複,3=7,290,2
2026-03-28,28,7,ST2,二車単,7-3,310,2
2026-03-28,28,7,RH3,三連複,1=3=7,5000,9
2026-03-28,28,7,RT3,三連単,7-3-1,7930,16
2026-03-28,28,7,W,ワイド,3=7,170,2
2026-03-28,28,7,W,ワイド,1=7,1280,10
2026-03-28,28,7,W,ワイド,1=3,2860,15
2026-03-28,28,8,SH2,二車複,2=7,260,1
2026-03-28,28,8,ST2,二車単,7-2,330,1
2026-03-28,28,8,RH3,三連複,1=2=7,610,2
2026-03-28,28,8,RT3,三連単,7-2-1,1490,3
2026-03-28,28,8,W,ワイド,2=7,130,1
2026-03-28,28,8,W,ワイド,1=7,240,3
2026-03-28,28,8,W,ワイド,1=2,390,7
2026-03-28,28,9,SH2,二車複,4=5,690,3
2026-03-28,28,9,ST2,二車単,4-5,1040,4
2026-03-28,28,9,RH3,三連複,1=4=5,390,1
2026-03-28,28,9,RT3,三連単,4-5-1,2270,6
2026-03-28,28,9,W,ワイド,4=5,170,3
2026-03-28,28,9,W,ワイド,1=4,160,2
2026-03-28,28,9,W,ワイド,1=5,180,4
2026-03-28,28,10,SH2,二車複,2=6,5960,12
2026-03-28,28,10,ST2,二車単,2-6,6520,20
2026-03-28,28,10,RH3,三連複,2=5=6,670,3
2026-03-28,28,10,RT3,三連単,2-6-5,11520,34
2026-03-28,28,10,W,ワイド,2=6,430,9
2026-03-28,28,10,W,ワイド,2=5,110,1
2026-03-28,28,10,W,ワイド,5=6,660,11
2026-03-28,28,11,SH2,二車複,1=5,1060,4
2026-03-28,28,11,ST2,二車単,5-1,2660,7
2026-03-28,28,11,RH3,三連複,1=3=5,260,1
2026-03-28,28,11,RT3,三連単,5-1-3,2940,9
2026-03-28,28,11,W,ワイド,1=5,180,3
2026-03-28,28,11,W,ワイド,3=5,110,1
2026-03-28,28,11,W,ワイド,1=3,170,2
2026-03-28,28,12,SH2,二車複,3=4,3650,13
2026-03-28,28,12,ST2,二車単,4-3,5230,20
2026-03-28,28,12,RH3,三連複,3=4=5,3290,14
2026-03-28,28,12,RT3,三連単,4-3-5,20700,80
2026-03-28,28,12,W,ワイド,3=4,1180,15
2026-03-28,28,12,W,ワイド,4=5,200,1
2026-03-28,28,12,W,ワイド,3=5,800,13
2026-03-28,31,1,SH2,二車複,1=4,620,2
2026-03-28,31,1,ST2,二車単,1-4,1090,5
2026-03-28,31,1,RH3,三連複,1=4=6,960,5
2026-03-28,31,1,RT3,三連単,1-4-6,2390,6
2026-03-28,31,1,W,ワイド,1=4,320,3
2026-03-28,31,1,W,ワイド,1=6,770,10
2026-03-28,31,1,W,ワイド,4=6,970,12
2026-03-28,31,2,SH2,二車複,2=5,180,1
2026-03-28,31,2,ST2,二車単,5-2,270,1
2026-03-28,31,2,RH3,三連複,1=2=5,720,3
2026-03-28,31,2,RT3,三連単,5-2-1,1390,3
2026-03-28,31,2,W,ワイド,2=5,130,1
2026-03-28,31,2,W,ワイド,1=5,390,7
2026-03-28,31,2,W,ワイド,1=2,410,8
2026-03-28,31,3,SH2,二車複,5=7,300,1
2026-03-28,31,3,ST2,二車単,5-7,440,1
2026-03-28,31,3,RH3,三連複,3=5=7,530,2
2026-03-28,31,3,RT3,三連単,5-7-3,860,1
2026-03-28,31,3,W,ワイド,5=7,200,2
2026-03-28,31,3,W,ワイド,3=5,430,8
2026-03-28,31,3,W,ワイド,3=7,490,9
2026-03-28,31,4,SH2,二車複,4=5,2260,8
2026-03-28,31,4,ST2,二車単,5-4,8200,18
2026-03-28,31,4,RH3,三連複,1=4=5,440,1
2026-03-28,31,4,RT3,三連単,5-4-1,10100,35
2026-03-28,31,4,W,ワイド,4=5,340,6
2026-03-28,31,4,W,ワイド,1=5,170,2
2026-03-28,31,4,W,ワイド,1=4,150,1
2026-03-28,31,5,SH2,二車複,1=4,120,1
2026-03-28,31,5,ST2,二車単,4-1,130,1
2026-03-28,31,5,RH3,三連複,1=3=4,940,4
2026-03-28,31,5,RT3,三連単,4-1-3,1030,3
2026-03-28,31,5,W,ワイド,1=4,100,1
2026-03-28,31,5,W,ワイド,3=4,350,7
2026-03-28,31,5,W,ワイド,1=3,830,10
2026-03-28,31,6,SH2,二車複,2=6,370,2
2026-03-28,31,6,ST2,二車単,2-6,420,2
2026-03-28,31,6,RH3,三連複,1=2=6,180,1
2026-03-28,31,6,RT3,三連単,2-6-1,650,2
2026-03-28,31,6,W,ワイド,2=6,130,2
2026-03-28,31,6,W,ワイド,1=2,100,1
2026-03-28,31,6,W,ワイド,1=6,200,4
2026-03-28,31,7,SH2,二車複,3=4,190,1
2026-03-28,31,7,ST2,二車単,3-4,190,1
2026-03-28,31,7,RH3,三連複,3=4=6,300,1
2026-03-28,31,7,RT3,三連単,3-4-6,510,1
2026-03-28,31,7,W,ワイド,3=4,100,1
2026-03-28,31,7,W,ワイド,3=6,140,2
2026-03-28,31,7,W,ワイド,4=6,240,5
2026-03-28,36,1,SH2,二車複,3=7,3890,13
2026-03-28,36,1,ST2,二車単,3-7,5670,17
2026-03-28,36,1,RH3,三連複,3=6=7,4630,16
2026-03-28,36,1,RT3,三連単,3-7-6,33340,88
2026-03-28,36,1,W,ワイド,3=7,480,5
2026-03-28,36,1,W,ワイド,3=6,520,6
2026-03-28,36,1,W,ワイド,6=7,2350,18
2026-03-28,36,2,SH2,二車複,3=5,190,1
2026-03-28,36,2,ST2,二車単,5-3,260,1
2026-03-28,36,2,RH3,三連複,3=4=5,180,1
2026-03-28,36,2,RT3,三連単,5-3-4,400,1
2026-03-28,36,2,W,ワイド,3=5,100,1
2026-03-28,36,2,W,ワイド,4=5,120,2
2026-03-28,36,2,W,ワイド,3=4,190,3
2026-03-28,36,3,SH2,二車複,2=4,4810,10
2026-03-28,36,3,ST2,二車単,4-2,10150,20
2026-03-28,36,3,RH3,三連複,2=4=5,2300,7
2026-03-28,36,3,RT3,三連単,4-2-5,38180,69
2026-03-28,36,3,W,ワイド,2=4,1060,14
2026-03-28,36,3,W,ワイド,4=5,280,4
2026-03-28,36,3,W,ワイド,2=5,550,8
2026-03-28,36,4,SH2,二車複,1=5,1440,6
2026-03-28,36,4,ST2,二車単,5-1,7050,22
2026-03-28,36,4,RH3,三連複,1=5=7,1950,9
2026-03-28,36,4,RT3,三連単,5-1-7,27870,81
2026-03-28,36,4,W,ワイド,1=5,350,5
2026-03-28,36,4,W,ワイド,5=7,1070,14
2026-03-28,36,4,W,ワイド,1=7,300,4
2026-03-28,36,5,SH2,二車複,4=5,1590,8
2026-03-28,36,5,ST2,二車単,4-5,4350,22
2026-03-28,36,5,RH3,三連複,4=5=7,2770,12
2026-03-28,36,5,RT3,三連単,4-5-7,17220,69
2026-03-28,36,5,W,ワイド,4=5,560,8
2026-03-28,36,5,W,ワイド,4=7,380,4
2026-03-28,36,5,W,ワイド,5=7,840,12
2026-03-28,36,6,SH2,二車複,3=5,1180,5
2026-03-28,36,6,ST2,二車単,3-5,1490,4
2026-03-28,36,6,RH3,三連複,3=4=5,2080,9
2026-03-28,36,6,RT3,三連単,3-5-4,4580,13
2026-03-28,36,6,W,ワイド,3=5,490,6
2026-03-28,36,6,W,ワイド,3=4,360,3
2026-03-28,36,6,W,ワイド,4=5,610,10
2026-03-28,36,7,SH2,二車複,4=6,2730,9
2026-03-28,36,7,ST2,二車単,6-4,3180,11
2026-03-28,36,7,RH3,三連複,2=4=6,1450,4
2026-03-28,36,7,RT3,三連単,6-4-2,8570,22
2026-03-28,36,7,W,ワイド,4=6,650,8
2026-03-28,36,7,W,ワイド,2=6,420,6
2026-03-28,36,7,W,ワイド,2=4,280,3
2026-03-28,36,8,SH2,二車複,1=5,2690,10
2026-03-28,36,8,ST2,二車単,5-1,3120,11
2026-03-28,36,8,RH3,三連複,1=5=7,8540,21
2026-03-28,36,8,RT3,三連単,5-1-7,34700,87
2026-03-28,36,8,W,ワイド,1=5,500,8
2026-03-28,36,8,W,ワイド,5=7,290,4
2026-03-28,36,8,W,ワイド,1=7,2000,18
2026-03-28,36,9,SH2,二車複,1=4,350,1
2026-03-28,36,9,ST2,二車単,4-1,900,4
2026-03-28,36,9,RH3,三連複,1=4=7,470,1
2026-03-28,36,9,RT3,三連単,4-1-7,3780,10
2026-03-28,36,9,W,ワイド,1=4,170,2
2026-03-28,36,9,W,ワイド,4=7,220,3
2026-03-28,36,9,W,ワイド,1=7,160,1
2026-03-28,36,10,SH2,二車複,2=4,190,1
2026-03-28,36,10,ST2,二車単,4-2,250,1
2026-03-28,36,10,RH3,三連複,1=2=4,1210,5
2026-03-28,36,10,RT3,三連単,4-2-1,2510,8
2026-03-28,36,10,W,ワイド,2=4,130,1
2026-03-28,36,10,W,ワイド,1=4,460,7
2026-03-28,36,10,W,ワイド,1=2,1060,17
2026-03-28,45,1,WH2,枠複,5=6,1020,4
2026-03-28,45,1,WT2,枠単,5-6,2170,8
2026-03-28,45,1,SH2,二車複,5=7,1610,5
2026-03-28,45,1,ST2,二車単,5-7,4040,13
2026-03-28,45,1,RH3,三連複,5=7=8,14930,31
2026-03-28,45,1,RT3,三連単,5-7-8,97440,151
2026-03-28,45,1,W,ワイド,5=7,370,5
2026-03-28,45,1,W,ワイド,5=8,1810,17
2026-03-28,45,1,W,ワイド,7=8,2310,20
2026-03-28,45,2,WH2,枠複,2=5,1540,9
2026-03-28,45,2,WT2,枠単,2-5,3180,15
2026-03-28,45,2,SH2,二車複,2=7,1650,7
2026-03-28,45,2,ST2,二車単,2-7,3190,14
2026-03-28,45,2,RH3,三連複,2=5=7,5970,18
2026-03-28,45,2,RT3,三連単,2-7-5,38270,106
2026-03-28,45,2,W,ワイド,2=7,480,7
2026-03-28,45,2,W,ワイド,2=5,1700,20
2026-03-28,45,2,W,ワイド,5=7,1070,14
2026-03-28,45,3,WH2,枠複,4=5,510,2
2026-03-28,45,3,WT2,枠単,5-4,830,3
2026-03-28,45,3,SH2,二車複,5=7,670,3
2026-03-28,45,3,ST2,二車単,7-5,1200,4
2026-03-28,45,3,RH3,三連複,1=5=7,880,3
2026-03-28,45,3,RT3,三連単,7-5-1,4100,10
2026-03-28,45,3,W,ワイド,5=7,210,2
2026-03-28,45,3,W,ワイド,1=7,510,7
2026-03-28,45,3,W,ワイド,1=5,230,3
2026-03-28,45,4,WH2,枠複,2=5,880,4
2026-03-28,45,4,WT2,枠単,5-2,2890,15
2026-03-28,45,4,SH2,二車複,2=7,1190,6
2026-03-28,45,4,ST2,二車単,7-2,3430,15
2026-03-28,45,4,RH3,三連複,1=2=7,2680,12
2026-03-28,45,4,RT3,三連単,7-2-1,21500,75
2026-03-28,45,4,W,ワイド,2=7,460,6
2026-03-28,45,4,W,ワイド,1=7,720,9
2026-03-28,45,4,W,ワイド,1=2,340,4
2026-03-28,45,5,WH2,枠複,1=3,1490,5
2026-03-28,45,5,WT2,枠単,3-1,3850,16
2026-03-28,45,5,SH2,二車複,1=3,1530,6
2026-03-28,45,5,ST2,二車単,3-1,3980,14
2026-03-28,45,5,RH3,三連複,1=3=9,3590,15
2026-03-28,45,5,RT3,三連単,3-1-9,35430,101
2026-03-28,45,5,W,ワイド,1=3,490,6
2026-03-28,45,5,W,ワイド,3=9,920,12
2026-03-28,45,5,W,ワイド,1=9,500,7
2026-03-28,45,6,WH2,枠複,3=5,170,1
2026-03-28,45,6,WT2,枠単,3-5,380,2
2026-03-28,45,6,SH2,二車複,3=7,180,1
2026-03-28,45,6,ST2,二車単,3-7,300,1
2026-03-28,45,6,RH3,三連複,1=3=7,430,2
2026-03-28,45,6,RT3,三連単,3-7-1,1330,4
2026-03-28,45,6,W,ワイド,3=7,130,1
2026-03-28,45,6,W,ワイド,1=3,310,6
2026-03-28,45,6,W,ワイド,1=7,300,5
2026-03-28,45,7,WH2,枠複,5=6,390,2
2026-03-28,45,7,WT2,枠単,6-5,1030,5
2026-03-28,45,7,SH2,二車複,7=9,410,2
2026-03-28,45,7,ST2,二車単,9-7,1000,4
2026-03-28,45,7,RH3,三連複,5=7=9,820,3
2026-03-28,45,7,RT3,三連単,9-7-5,3490,12
2026-03-28,45,7,W,ワイド,7=9,200,2
2026-03-28,45,7,W,ワイド,5=9,370,6
2026-03-28,45,7,W,ワイド,5=7,350,5
2026-03-28,45,8,WH2,枠複,1=3,2670,9
2026-03-28,45,8,WT2,枠単,1-3,3360,10
2026-03-28,45,8,SH2,二車複,1=3,2470,8
2026-03-28,45,8,ST2,二車単,1-3,2720,9
2026-03-28,45,8,RH3,三連複,1=2=3,5120,13
2026-03-28,45,8,RT3,三連単,1-3-2,20960,56
2026-03-28,45,8,W,ワイド,1=3,500,7
2026-03-28,45,8,W,ワイド,1=2,340,4
2026-03-28,45,8,W,ワイド,2=3,1710,18
2026-03-28,45,9,WH2,枠複,2=5,1450,4
2026-03-28,45,9,WT2,枠単,2-5,2020,4
2026-03-28,45,9,SH2,二車複,2=7,1380,3
2026-03-28,45,9,ST2,二車単,2-7,2240,4
2026-03-28,45,9,RH3,三連複,2=3=7,1550,6
2026-03-28,45,9,RT3,三連単,2-7-3,4610,13
2026-03-28,45,9,W,ワイド,2=7,470,4
2026-03-28,45,9,W,ワイド,2=3,200,2
2026-03-28,45,9,W,ワイド,3=7,700,9
2026-03-28,45,10,WH2,枠複,1=4,110,1
2026-03-28,45,10,WT2,枠単,1-4,170,1
2026-03-28,45,10,SH2,二車複,1=5,140,1
2026-03-28,45,10,ST2,二車単,1-5,180,1
2026-03-28,45,10,RH3,三連複,1=5=9,260,1
2026-03-28,45,10,RT3,三連単,1-5-9,410,1
2026-03-28,45,10,W,ワイド,1=5,100,1
2026-03-28,45,10,W,ワイド,1=9,200,2
2026-03-28,45,10,W,ワイド,5=9,250,4
2026-03-28,45,11,WH2,枠複,1=6,110,1
2026-03-28,45,11,WT2,枠単,1-6,180,1
2026-03-28,45,11,SH2,二車複,1=9,110,1
2026-03-28,45,11,ST2,二車単,1-9,170,1
2026-03-28,45,11,RH3,三連複,1=5=9,370,2
2026-03-28,45,11,RT3,三連単,1-9-5,700,2
2026-03-28,45,11,W,ワイド,1=9,100,1
2026-03-28,45,11,W,ワイド,1=5,240,3
2026-03-28,45,11,W,ワイド,5=9,300,5
2026-03-28,45,12,WH2,枠複,3=6,460,2
2026-03-28,45,12,WT2,枠単,3-6,640,2
2026-03-28,45,12,SH2,二車複,3=9,660,2
2026-03-28,45,12,ST2,二車単,3-9,970,3
2026-03-28,45,12,RH3,三連複,3=8=9,3630,14
2026-03-28,45,12,RT3,三連単,3-9-8,10000,34
2026-03-28,45,12,W,ワイド,3=9,360,4
2026-03-28,45,12,W,ワイド,3=8,770,10
2026-03-28,45,12,W,ワイド,8=9,2330,30
2026-03-28,83,1,SH2,二車複,1=4,260,1
2026-03-28,83,1,ST2,二車単,4-1,420,1
2026-03-28,83,1,RH3,三連複,1=4=5,1620,8
2026-03-28,83,1,RT3,三連単,4-1-5,3920,11
2026-03-28,83,1,W,ワイド,1=4,160,1
2026-03-28,83,1,W,ワイド,4=5,470,7
2026-03-28,83,1,W,ワイド,1=5,850,12
2026-03-28,83,2,SH2,二車複,2=7,640,3
2026-03-28,83,2,ST2,二車単,7-2,1180,5
2026-03-28,83,2,RH3,三連複,2=3=7,1860,9
2026-03-28,83,2,RT3,三連単,7-2-3,11090,40
2026-03-28,83,2,W,ワイド,2=7,360,2
2026-03-28,83,2,W,ワイド,3=7,400,6
2026-03-28,83,2,W,ワイド,2=3,1030,9
2026-03-28,83,3,SH2,二車複,2=5,470,1
2026-03-28,83,3,ST2,二車単,2-5,980,3
2026-03-28,83,3,RH3,三連複,2=4=5,1060,3
2026-03-28,83,3,RT3,三連単,2-5-4,3350,4
2026-03-28,83,3,W,ワイド,2=5,210,1
2026-03-28,83,3,W,ワイド,2=4,390,8
2026-03-28,83,3,W,ワイド,4=5,310,5
2026-03-28,83,4,SH2,二車複,2=5,320,2
2026-03-28,83,4,ST2,二車単,5-2,740,3
2026-03-28,83,4,RH3,三連複,2=4=5,580,3
2026-03-28,83,4,RT3,三連単,5-2-4,2320,7
2026-03-28,83,4,W,ワイド,2=5,240,4
2026-03-28,83,4,W,ワイド,4=5,270,5
2026-03-28,83,4,W,ワイド,2=4,200,3
2026-03-28,83,5,SH2,二車複,3=4,1030,5
2026-03-28,83,5,ST2,二車単,4-3,1450,6
2026-03-28,83,5,RH3,三連複,3=4=6,5790,15
2026-03-28,83,5,RT3,三連単,4-3-6,14220,40
2026-03-28,83,5,W,ワイド,3=4,540,8
2026-03-28,83,5,W,ワイド,4=6,3350,17
2026-03-28,83,5,W,ワイド,3=6,1730,13
2026-03-28,83,6,SH2,二車複,1=2,590,2
2026-03-28,83,6,ST2,二車単,1-2,520,2
2026-03-28,83,6,RH3,三連複,1=2=4,230,1
2026-03-28,83,6,RT3,三連単,1-2-4,940,4
2026-03-28,83,6,W,ワイド,1=2,150,2
2026-03-28,83,6,W,ワイド,1=4,100,1
2026-03-28,83,6,W,ワイド,2=4,250,6
2026-03-28,83,7,SH2,二車複,4=6,130,1
2026-03-28,83,7,ST2,二車単,4-6,170,1
2026-03-28,83,7,RH3,三連複,2=4=6,210,1
2026-03-28,83,7,RT3,三連単,4-6-2,340,1
2026-03-28,83,7,W,ワイド,4=6,100,1
2026-03-28,83,7,W,ワイド,2=4,130,2
2026-03-28,83,7,W,ワイド,2=6,220,5
2026-03-28,83,8,SH2,二車複,3=7,280,1
2026-03-28,83,8,ST2,二車単,3-7,340,1
2026-03-28,83,8,RH3,三連複,3=5=7,670,2
2026-03-28,83,8,RT3,三連単,3-7-5,1470,3
2026-03-28,83,8,W,ワイド,3=7,120,1
2026-03-28,83,8,W,ワイド,3=5,260,4
2026-03-28,83,8,W,ワイド,5=7,480,8
2026-03-28,83,9,SH2,二車複,2=4,460,2
2026-03-28,83,9,ST2,二車単,4-2,1100,3
2026-03-28,83,9,RH3,三連複,2=4=7,1610,6
2026-03-28,83,9,RT3,三連単,4-2-7,6470,18
2026-03-28,83,9,W,ワイド,2=4,220,2
2026-03-28,83,9,W,ワイド,4=7,450,5
2026-03-28,83,9,W,ワイド,2=7,530,8
2026-03-28,83,10,SH2,二車複,2=5,580,3
2026-03-28,83,10,ST2,二車単,5-2,1060,5
2026-03-28,83,10,RH3,三連複,2=5=7,450,1
2026-03-28,83,10,RT3,三連単,5-2-7,2030,5
2026-03-28,83,10,W,ワイド,2=5,180,2
2026-03-28,83,10,W,ワイド,5=7,210,4
2026-03-28,83,10,W,ワイド,2=7,200,3
2026-03-28,83,11,SH2,二車複,3=5,160,1
2026-03-28,83,11,ST2,二車単,5-3,330,1
2026-03-28,83,11,RH3,三連複,3=4=5,3530,10
2026-03-28,83,11,RT3,三連単,5-3-4,8200,24
2026-03-28,83,11,W,ワイド,3=5,150,1
2026-03-28,83,11,W,ワイド,4=5,640,9
2026-03-28,83,11,W,ワイド,3=4,1270,12
2026-03-28,83,12,SH2,二車複,2=4,140,1
2026-03-28,83,12,ST2,二車単,2-4,220,1
2026-03-28,83,12,RH3,三連複,1=2=4,190,1
2026-03-28,83,12,RT3,三連単,2-4-1,400,1
2026-03-28,83,12,W,ワイド,2=4,110,1
2026-03-28,83,12,W,ワイド,1=2,180,2
2026-03-28,83,12,W,ワイド,1=4,200,4
2026-03-29,28,1,SH2,二車複,5=7,340,1
2026-03-29,28,1,ST2,二車単,7-5,490,1
2026-03-29,28,1,RH3,三連複,2=5=7,950,3
2026-03-29,28,1,RT3,三連単,7-5-2,3830,12
2026-03-29,28,1,W,ワイド,5=7,160,1
2026-03-29,28,1,W,ワイド,2=7,340,5
2026-03-29,28,1,W,ワイド,2=5,700,10
2026-03-29,28,2,SH2,二車複,1=7,380,2
2026-03-29,28,2,ST2,二車単,7-1,350,2
2026-03-29,28,2,RH3,三連複,1=3=7,5500,14
2026-03-29,28,2,RT3,三連単,7-1-3,8060,18
2026-03-29,28,2,W,ワイド,1=7,180,2
2026-03-29,28,2,W,ワイド,3=7,1460,13
2026-03-29,28,2,W,ワイド,1=3,2570,18
2026-03-29,28,3,SH2,二車複,4=7,900,4
2026-03-29,28,3,ST2,二車単,4-7,870,5
2026-03-29,28,3,RH3,三連複,2=4=7,410,1
2026-03-29,28,3,RT3,三連単,4-7-2,1950,6
2026-03-29,28,3,W,ワイド,4=7,210,3
2026-03-29,28,3,W,ワイド,2=4,140,1
2026-03-29,28,3,W,ワイド,2=7,380,5
2026-03-29,28,4,SH2,二車複,1=5,160,1
2026-03-29,28,4,ST2,二車単,1-5,370,2
2026-03-29,28,4,RH3,三連複,1=3=5,1570,4
2026-03-29,28,4,RT3,三連単,1-5-3,3740,11
2026-03-29,28,4,W,ワイド,1=5,110,1
2026-03-29,28,4,W,ワイド,1=3,500,6
2026-03-29,28,4,W,ワイド,3=5,530,7
2026-03-29,28,5,SH2,二車複,4=7,720,3
2026-03-29,28,5,ST2,二車単,7-4,1370,4
2026-03-29,28,5,RH3,三連複,1=4=7,700,2
2026-03-29,28,5,RT3,三連単,7-4-1,2730,8
2026-03-29,28,5,W,ワイド,4=7,370,4
2026-03-29,28,5,W,ワイド,1=7,150,2
2026-03-29,28,5,W,ワイド,1=4,500,6
2026-03-29,28,6,SH2,二車複,1=4,230,2
2026-03-29,28,6,ST2,二車単,4-1,1080,5
2026-03-29,28,6,RH3,三連複,1=4=5,230,1
2026-03-29,28,6,RT3,三連単,4-1-5,2690,7
2026-03-29,28,6,W,ワイド,1=4,100,1
2026-03-29,28,6,W,ワイド,4=5,180,4
2026-03-29,28,6,W,ワイド,1=5,120,2
2026-03-29,28,7,SH2,二車複,3=5,150,1
2026-03-29,28,7,ST2,二車単,3-5,170,1
2026-03-29,28,7,RH3,三連複,1=3=5,180,1
2026-03-29,28,7,RT3,三連単,3-5-1,330,1
2026-03-29,28,7,W,ワイド,3=5,100,1
2026-03-29,28,7,W,ワイド,1=3,140,2
2026-03-29,28,7,W,ワイド,1=5,190,4
2026-03-29,28,8,SH2,二車複,3=5,240,1
2026-03-29,28,8,ST2,二車単,3-5,430,1
2026-03-29,28,8,RH3,三連複,1=3=5,380,1
2026-03-29,28,8,RT3,三連単,3-5-1,1070,1
2026-03-29,28,8,W,ワイド,3=5,150,1
2026-03-29,28,8,W,ワイド,1=3,250,3
2026-03-29,28,8,W,ワイド,1=5,260,4
2026-03-29,28,9,SH2,二車複,2=3,2830,8
2026-03-29,28,9,ST2,二車単,2-3,3590,11
2026-03-29,28,9,RH3,三連複,1=2=3,3170,11
2026-03-29,28,9,RT3,三連単,2-3-1,14700,43
2026-03-29,28,9,W,ワイド,2=3,1010,11
2026-03-29,28,9,W,ワイド,1=2,280,3
2026-03-29,28,9,W,ワイド,1=3,440,6
2026-03-29,28,10,SH2,二車複,1=2,340,2
2026-03-29,28,10,ST2,二車単,1-2,800,4
2026-03-29,28,10,RH3,三連複,1=2=6,6480,13
2026-03-29,28,10,RT3,三連単,1-2-6,24380,45
2026-03-29,28,10,W,ワイド,1=2,160,1
2026-03-29,28,10,W,ワイド,1=6,3050,17
2026-03-29,28,10,W,ワイド,2=6,2250,15
2026-03-29,28,11,SH2,二車複,2=5,160,1
2026-03-29,28,11,ST2,二車単,5-2,740,2
2026-03-29,28,11,RH3,三連複,1=2=5,460,2
2026-03-29,28,11,RT3,三連単,5-2-1,2710,6
2026-03-29,28,11,W,ワイド,2=5,110,1
2026-03-29,28,11,W,ワイド,1=5,350,8
2026-03-29,28,11,W,ワイド,1=2,260,5
2026-03-29,28,12,SH2,二車複,2=5,490,2
2026-03-29,28,12,ST2,二車単,2-5,1710,7
2026-03-29,28,12,RH3,三連複,2=5=7,680,3
2026-03-29,28,12,RT3,三連単,2-5-7,5420,17
2026-03-29,28,12,W,ワイド,2=5,220,2
2026-03-29,28,12,W,ワイド,2=7,480,7
2026-03-29,28,12,W,ワイド,5=7,290,4
2026-03-29,35,1,SH2,二車複,1=2,120,1
2026-03-29,35,1,ST2,二車単,1-2,160,1
2026-03-29,35,1,RH3,三連複,1=2=6,950,4
2026-03-29,35,1,RT3,三連単,1-2-6,2030,6
2026-03-29,35,1,W,ワイド,1=2,100,1
2026-03-29,35,1,W,ワイド,1=6,340,6
2026-03-29,35,1,W,ワイド,2=6,490,8
2026-03-29,35,2,SH2,二車複,1=2,160,1
2026-03-29,35,2,ST2,二車単,2-1,570,3
2026-03-29,35,2,RH3,三連複,1=2=5,520,3
2026-03-29,35,2,RT3,三連単,2-1-5,3440,11
2026-03-29,35,2,W,ワイド,1=2,100,1
2026-03-29,35,2,W,ワイド,2=5,440,7
2026-03-29,35,2,W,ワイド,1=5,270,5
2026-03-29,35,3,SH2,二車複,2=3,140,1
2026-03-29,35,3,ST2,二車単,3-2,250,1
2026-03-29,35,3,RH3,三連複,2=3=4,180,1
2026-03-29,35,3,RT3,三連単,3-2-4,450,1
2026-03-29,35,3,W,ワイド,2=3,110,1
2026-03-29,35,3,W,ワイド,3=4,150,2
2026-03-29,35,3,W,ワイド,2=4,170,3
2026-03-29,35,4,SH2,二車複,1=4,200,1
2026-03-29,35,4,ST2,二車単,1-4,220,1
2026-03-29,35,4,RH3,三連複,1=4=7,530,2
2026-03-29,35,4,RT3,三連単,1-4-7,900,2
2026-03-29,35,4,W,ワイド,1=4,170,1
2026-03-29,35,4,W,ワイド,1=7,410,7
2026-03-29,35,4,W,ワイド,4=7,710,12
2026-03-29,35,5,SH2,二車複,2=7,2150,6
2026-03-29,35,5,ST2,二車単,2-7,1990,7
2026-03-29,35,5,RH3,三連複,2=6=7,5960,11
2026-03-29,35,5,RT3,三連単,2-7-6,11260,27
2026-03-29,35,5,W,ワイド,2=7,1000,8
2026-03-29,35,5,W,ワイド,2=6,1630,11
2026-03-29,35,5,W,ワイド,6=7,4530,15
2026-03-29,35,6,SH2,二車複,1=3,900,3
2026-03-29,35,6,ST2,二車単,1-3,2460,8
2026-03-29,35,6,RH3,三連複,1=3=4,2580,7
2026-03-29,35,6,RT3,三連単,1-3-4,7700,22
2026-03-29,35,6,W,ワイド,1=3,280,5
2026-03-29,35,6,W,ワイド,1=4,240,4
2026-03-29,35,6,W,ワイド,3=4,1180,10
2026-03-29,35,7,SH2,二車複,1=2,150,1
2026-03-29,35,7,ST2,二車単,1-2,210,1
2026-03-29,35,7,RH3,三連複,1=2=5,200,1
2026-03-29,35,7,RT3,三連単,1-2-5,320,1
2026-03-29,35,7,W,ワイド,1=2,120,1
2026-03-29,35,7,W,ワイド,1=5,180,2
2026-03-29,35,7,W,ワイド,2=5,220,4
2026-03-29,35,8,SH2,二車複,1=2,120,1
2026-03-29,35,8,ST2,二車単,1-2,230,2
2026-03-29,35,8,RH3,三連複,1=2=4,140,1
2026-03-29,35,8,RT3,三連単,1-2-4,330,2
2026-03-29,35,8,W,ワイド,1=2,100,1
2026-03-29,35,8,W,ワイド,1=4,140,3
2026-03-29,35,8,W,ワイド,2=4,140,2
2026-03-29,35,9,SH2,二車複,1=3,260,1
2026-03-29,35,9,ST2,二車単,3-1,520,2
2026-03-29,35,9,RH3,三連複,1=3=4,630,2
2026-03-29,35,9,RT3,三連単,3-1-4,2420,5
2026-03-29,35,9,W,ワイド,1=3,120,1
2026-03-29,35,9,W,ワイド,3=4,300,4
2026-03-29,35,9,W,ワイド,1=4,310,6
2026-03-29,37,1,SH2,二車複,3=7,200,1
2026-03-29,37,1,ST2,二車単,7-3,370,1
2026-03-29,37,1,RH3,三連複,3=6=7,450,1
2026-03-29,37,1,RT3,三連単,7-3-6,1390,3
2026-03-29,37,1,W,ワイド,3=7,140,1
2026-03-29,37,1,W,ワイド,6=7,390,7
2026-03-29,37,1,W,ワイド,3=6,260,3
2026-03-29,37,2,SH2,二車複,1=7,120,1
2026-03-29,37,2,ST2,二車単,1-7,200,1
2026-03-29,37,2,RH3,三連複,1=2=7,670,4
2026-03-29,37,2,RT3,三連単,1-7-2,1850,7
2026-03-29,37,2,W,ワイド,1=7,100,1
2026-03-29,37,2,W,ワイド,1=2,560,9
2026-03-29,37,2,W,ワイド,2=7,560,9
2026-03-29,37,3,SH2,二車複,2=7,160,1
2026-03-29,37,3,ST2,二車単,7-2,200,1
2026-03-29,37,3,RH3,三連複,1=2=7,1250,5
2026-03-29,37,3,RT3,三連単,7-2-1,2070,5
2026-03-29,37,3,W,ワイド,2=7,160,1
2026-03-29,37,3,W,ワイド,1=7,640,11
2026-03-29,37,3,W,ワイド,1=2,710,12
2026-03-29,37,4,SH2,二車複,2=4,100,1
2026-03-29,37,4,ST2,二車単,2-4,160,1
2026-03-29,37,4,RH3,三連複,2=4=5,520,2
2026-03-29,37,4,RT3,三連単,2-4-5,820,3
2026-03-29,37,4,W,ワイド,2=4,100,1
2026-03-29,37,4,W,ワイド,2=5,250,4
2026-03-29,37,4,W,ワイド,4=5,450,7
2026-03-29,37,5,SH2,二車複,2=7,280,1
2026-03-29,37,5,ST2,二車単,7-2,620,1
2026-03-29,37,5,RH3,三連複,2=6=7,710,2
2026-03-29,37,5,RT3,三連単,7-2-6,1680,2
2026-03-29,37,5,W,ワイド,2=7,230,1
2026-03-29,37,5,W,ワイド,6=7,700,13
2026-03-29,37,5,W,ワイド,2=6,720,14
2026-03-29,37,6,SH2,二車複,1=6,120,1
2026-03-29,37,6,ST2,二車単,6-1,210,1
2026-03-29,37,6,RH3,三連複,1=5=6,160,1
2026-03-29,37,6,RT3,三連単,6-1-5,390,1
2026-03-29,37,6,W,ワイド,1=6,100,1
2026-03-29,37,6,W,ワイド,5=6,150,2
2026-03-29,37,6,W,ワイド,1=5,190,4
2026-03-29,37,7,SH2,二車複,5=7,180,1
2026-03-29,37,7,ST2,二車単,5-7,170,1
2026-03-29,37,7,RH3,三連複,2=5=7,130,1
2026-03-29,37,7,RT3,三連単,5-7-2,260,1
2026-03-29,37,7,W,ワイド,5=7,100,1
2026-03-29,37,7,W,ワイド,2=5,100,2
2026-03-29,37,7,W,ワイド,2=7,140,3
2026-03-29,37,8,SH2,二車複,3=7,1150,5
2026-03-29,37,8,ST2,二車単,3-7,2530,11
2026-03-29,37,8,RH3,三連複,3=6=7,2270,9
2026-03-29,37,8,RT3,三連単,3-7-6,21760,75
2026-03-29,37,8,W,ワイド,3=7,260,3
2026-03-29,37,8,W,ワイド,3=6,1080,15
2026-03-29,37,8,W,ワイド,6=7,320,6
2026-03-29,37,9,SH2,二車複,3=4,720,4
2026-03-29,37,9,ST2,二車単,3-4,1130,4
2026-03-29,37,9,RH3,三連複,2=3=4,950,4
2026-03-29,37,9,RT3,三連単,3-4-2,5310,21
2026-03-29,37,9,W,ワイド,3=4,260,3
2026-03-29,37,9,W,ワイド,2=3,300,6
2026-03-29,37,9,W,ワイド,2=4,300,5
2026-03-29,37,10,SH2,二車複,2=5,320,1
2026-03-29,37,10,ST2,二車単,2-5,840,2
2026-03-29,37,10,RH3,三連複,2=4=5,690,1
2026-03-29,37,10,RT3,三連単,2-5-4,2720,7
2026-03-29,37,10,W,ワイド,2=5,190,1
2026-03-29,37,10,W,ワイド,2=4,380,6
2026-03-29,37,10,W,ワイド,4=5,310,4
2026-03-29,37,11,SH2,二車複,1=4,320,1
2026-03-29,37,11,ST2,二車単,1-4,450,1
2026-03-29,37,11,RH3,三連複,1=2=4,760,3
2026-03-29,37,11,RT3,三連単,1-4-2,2050,4
2026-03-29,37,11,W,ワイド,1=4,160,1
2026-03-29,37,11,W,ワイド,1=2,430,8
2026-03-29,37,11,W,ワイド,2=4,520,9
2026-03-29,37,12,SH2,二車複,2=4,3100,8
2026-03-29,37,12,ST2,二車単,2-4,5930,17
2026-03-29,37,12,RH3,三連複,1=2=4,3290,13
2026-03-29,37,12,RT3,三連単,2-4-1,18740,57
2026-03-29,37,12,W,ワイド,2=4,550,8
2026-03-29,37,12,W,ワイド,1=2,960,14
2026-03-29,37,12,W,ワイド,1=4,460,7
2026-03-29,45,1,WH2,枠複,4=6,800,5
2026-03-29,45,1,WT2,枠単,6-4,1660,7
2026-03-29,45,1,SH2,二車複,4=7,1430,5
2026-03-29,45,1,ST2,二車単,7-4,2160,9
2026-03-29,45,1,RH3,三連複,4=5=7,2780,10
2026-03-29,45,1,RT3,三連単,7-4-5,11780,36
2026-03-29,45,1,W,ワイド,4=7,480,6
2026-03-29,45,1,W,ワイド,5=7,580,7
2026-03-29,45,1,W,ワイド,4=5,1280,21
2026-03-29,45,2,WH2,枠複,1=6,370,1
2026-03-29,45,2,WT2,枠単,1-6,570,1
2026-03-29,45,2,SH2,二車複,1=8,410,1
2026-03-29,45,2,ST2,二車単,1-8,740,1
2026-03-29,45,2,RH3,三連複,1=2=8,1130,3
2026-03-29,45,2,RT3,三連単,1-8-2,5940,14
2026-03-29,45,2,W,ワイド,1=8,180,1
2026-03-29,45,2,W,ワイド,1=2,410,5
2026-03-29,45,2,W,ワイド,2=8,560,10
2026-03-29,45,3,WH2,枠複,2=5,210,1
2026-03-29,45,3,WT2,枠単,5-2,340,1
2026-03-29,45,3,SH2,二車複,2=5,210,1
2026-03-29,45,3,ST2,二車単,5-2,280,1
2026-03-29,45,3,RH3,三連複,2=5=7,630,2
2026-03-29,45,3,RT3,三連単,5-2-7,1190,2
2026-03-29,45,3,W,ワイド,2=5,150,1
2026-03-29,45,3,W,ワイド,5=7,280,3
2026-03-29,45,3,W,ワイド,2=7,330,5
2026-03-29,45,4,WH2,枠複,4=5,320,1
2026-03-29,45,4,WT2,枠単,4-5,440,1
2026-03-29,45,4,SH2,二車複,5=7,290,1
2026-03-29,45,4,ST2,二車単,5-7,440,1
2026-03-29,45,4,RH3,三連複,2=5=7,330,1
2026-03-29,45,4,RT3,三連単,5-7-2,720,1
2026-03-29,45,4,W,ワイド,5=7,190,2
2026-03-29,45,4,W,ワイド,2=5,170,1
2026-03-29,45,4,W,ワイド,2=7,280,4
2026-03-29,45,5,WH2,枠複,4=6,1200,4
2026-03-29,45,5,WT2,枠単,6-4,2890,10
2026-03-29,45,5,SH2,二車複,4=9,5710,13
2026-03-29,45,5,ST2,二車単,9-4,9640,24
2026-03-29,45,5,RH3,三連複,3=4=9,20420,48
2026-03-29,45,5,RT3,三連単,9-4-3,103140,182
2026-03-29,45,5,W,ワイド,4=9,1540,17
2026-03-29,45,5,W,ワイド,3=9,1320,14
2026-03-29,45,5,W,ワイド,3=4,4710,34
2026-03-29,45,6,WH2,枠複,2=4,280,1
2026-03-29,45,6,WT2,枠単,2-4,410,1
2026-03-29,45,6,SH2,二車複,2=5,250,1
2026-03-29,45,6,ST2,二車単,2-5,320,1
2026-03-29,45,6,RH3,三連複,2=5=7,430,1
2026-03-29,45,6,RT3,三連単,2-5-7,1030,1
2026-03-29,45,6,W,ワイド,2=5,170,1
2026-03-29,45,6,W,ワイド,2=7,240,2
2026-03-29,45,6,W,ワイド,5=7,320,5
2026-03-29,45,7,WH2,枠複,4=6,1750,6
2026-03-29,45,7,WT2,枠単,6-4,3800,13
2026-03-29,45,7,SH2,二車複,5=9,6490,16
2026-03-29,45,7,ST2,二車単,9-5,8820,19
2026-03-29,45,7,RH3,三連複,5=8=9,80980,72
2026-03-29,45,7,RT3,三連単,9-5-8,318030,284
2026-03-29,45,7,W,ワイド,5=9,2020,19
2026-03-29,45,7,W,ワイド,8=9,4190,26
2026-03-29,45,7,W,ワイド,5=8,7720,34
2026-03-29,45,8,WH2,枠複,5=6,390,1
2026-03-29,45,8,WT2,枠単,5-6,920,3
2026-03-29,45,8,SH2,二車複,7=9,430,1
2026-03-29,45,8,ST2,二車単,7-9,1150,5
2026-03-29,45,8,RH3,三連複,6=7=9,3710,13
2026-03-29,45,8,RT3,三連単,7-9-6,11810,36
2026-03-29,45,8,W,ワイド,7=9,210,1
2026-03-29,45,8,W,ワイド,6=7,530,7
2026-03-29,45,8,W,ワイド,6=9,850,14
2026-03-29,45,9,WH2,枠複,3=6,2760,10
2026-03-29,45,9,WT2,枠単,6-3,8270,22
2026-03-29,45,9,SH2,二車複,3=9,3930,13
2026-03-29,45,9,ST2,二車単,9-3,8010,24
2026-03-29,45,9,RH3,三連複,3=7=9,2750,11
2026-03-29,45,9,RT3,三連単,9-3-7,32300,91
2026-03-29,45,9,W,ワイド,3=9,1060,14
2026-03-29,45,9,W,ワイド,7=9,440,4
2026-03-29,45,9,W,ワイド,3=7,850,11
2026-03-29,45,10,WH2,枠複,2=6,1520,6
2026-03-29,45,10,WT2,枠単,2-6,2540,8
2026-03-29,45,10,SH2,二車複,2=9,1920,6
2026-03-29,45,10,ST2,二車単,2-9,2780,8
2026-03-29,45,10,RH3,三連複,1=2=9,5230,12
2026-03-29,45,10,RT3,三連単,2-9-1,15000,39
2026-03-29,45,10,W,ワイド,2=9,480,6
2026-03-29,45,10,W,ワイド,1=2,350,4
2026-03-29,45,10,W,ワイド,1=9,1220,13
2026-03-29,45,11,WH2,枠複,4=6,460,2
2026-03-29,45,11,WT2,枠単,6-4,670,1
2026-03-29,45,11,SH2,二車複,5=9,550,3
2026-03-29,45,11,ST2,二車単,9-5,550,1
2026-03-29,45,11,RH3,三連複,2=5=9,1280,4
2026-03-29,45,11,RT3,三連単,9-5-2,1970,2
2026-03-29,45,11,W,ワイド,5=9,310,4
2026-03-29,45,11,W,ワイド,2=9,410,6
2026-03-29,45,11,W,ワイド,2=5,1190,13
2026-03-29,45,12,WH2,枠複,1=4,5730,12
2026-03-29,45,12,WT2,枠単,1-4,12620,22
2026-03-29,45,12,SH2,二車複,1=5,9590,15
2026-03-29,45,12,ST2,二車単,1-5,22270,25
2026-03-29,45,12,RH3,三連複,1=4=5,70350,65
2026-03-29,45,12,RT3,三連単,1-5-4,298400,216
2026-03-29,45,12,W,ワイド,1=5,2460,17
2026-03-29,45,12,W,ワイド,1=4,3200,22
2026-03-29,45,12,W,ワイド,4=5,6340,29
2026-03-29,62,1,SH2,二車複,2=5,1190,2
2026-03-29,62,1,ST2,二車単,5-2,1380,3
2026-03-29,62,1,RH3,三連複,2=3=5,480,2
2026-03-29,62,1,RT3,三連単,5-2-3,3810,10
2026-03-29,62,1,W,ワイド,2=5,230,4
2026-03-29,62,1,W,ワイド,3=5,100,1
2026-03-29,62,1,W,ワイド,2=3,310,5
2026-03-29,62,2,SH2,二車複,2=3,690,2
2026-03-29,62,2,ST2,二車単,2-3,670,3
2026-03-29,62,2,RH3,三連複,2=3=5,190,1
2026-03-29,62,2,RT3,三連単,2-3-5,1140,3
2026-03-29,62,2,W,ワイド,2=3,130,2
2026-03-29,62,2,W,ワイド,2=5,110,1
2026-03-29,62,2,W,ワイド,3=5,210,3
2026-03-29,62,3,SH2,二車複,1=5,130,1
2026-03-29,62,3,ST2,二車単,5-1,240,1
2026-03-29,62,3,RH3,三連複,1=3=5,140,1
2026-03-29,62,3,RT3,三連単,5-1-3,280,1
2026-03-29,62,3,W,ワイド,1=5,100,1
2026-03-29,62,3,W,ワイド,3=5,140,2
2026-03-29,62,3,W,ワイド,1=3,150,3
2026-03-29,62,4,SH2,二車複,3=5,2900,5
2026-03-29,62,4,ST2,二車単,5-3,2620,7
2026-03-29,62,4,RH3,三連複,3=5=7,1860,5
2026-03-29,62,4,RT3,三連単,5-3-7,7430,19
2026-03-29,62,4,W,ワイド,3=5,780,8
2026-03-29,62,4,W,ワイド,5=7,270,2
2026-03-29,62,4,W,ワイド,3=7,830,9
2026-03-29,62,5,SH2,二車複,5=7,650,3
2026-03-29,62,5,ST2,二車単,5-7,460,2
2026-03-29,62,5,RH3,三連複,1=5=7,140,1
2026-03-29,62,5,RT3,三連単,5-7-1,720,2
2026-03-29,62,5,W,ワイド,5=7,120,2
2026-03-29,62,5,W,ワイド,1=5,100,1
2026-03-29,62,5,W,ワイド,1=7,140,3
2026-03-29,62,6,SH2,二車複,1=2,680,3
2026-03-29,62,6,ST2,二車単,2-1,660,3
2026-03-29,62,6,RH3,三連複,1=2=5,810,2
2026-03-29,62,6,RT3,三連単,2-1-5,3110,6
2026-03-29,62,6,W,ワイド,1=2,250,4
2026-03-29,62,6,W,ワイド,2=5,100,1
2026-03-29,62,6,W,ワイド,1=5,660,7
2026-03-29,62,7,SH2,二車複,3=5,180,1
2026-03-29,62,7,ST2,二車単,3-5,140,1
2026-03-29,62,7,RH3,三連複,3=4=5,480,2
2026-03-29,62,7,RT3,三連単,3-5-4,740,2
2026-03-29,62,7,W,ワイド,3=5,120,1
2026-03-29,62,7,W,ワイド,3=4,210,5
2026-03-29,62,7,W,ワイド,4=5,420,6
2026-03-30,28,1,SH2,二車複,2=5,170,1
2026-03-30,28,1,ST2,二車単,2-5,240,1
2026-03-30,28,1,RH3,三連複,2=5=6,650,3
2026-03-30,28,1,RT3,三連単,2-5-6,790,2
2026-03-30,28,1,W,ワイド,2=5,140,1
2026-03-30,28,1,W,ワイド,2=6,420,6
2026-03-30,28,1,W,ワイド,5=6,650,12
2026-03-30,28,2,SH2,二車複,1=5,2540,8
2026-03-30,28,2,ST2,二車単,1-5,2660,13
2026-03-30,28,2,RH3,三連複,1=5=6,26100,30
2026-03-30,28,2,RT3,三連単,1-5-6,46210,95
2026-03-30,28,2,W,ワイド,1=5,960,10
2026-03-30,28,2,W,ワイド,1=6,3050,18
2026-03-30,28,2,W,ワイド,5=6,5550,21
2026-03-30,28,3,SH2,二車複,3=6,1340,3
2026-03-30,28,3,ST2,二車単,3-6,3710,12
2026-03-30,28,3,RH3,三連複,1=3=6,4640,14
2026-03-30,28,3,RT3,三連単,3-6-1,20070,58
2026-03-30,28,3,W,ワイド,3=6,670,9
2026-03-30,28,3,W,ワイド,1=3,310,3
2026-03-30,28,3,W,ワイド,1=6,1430,15
2026-03-30,28,4,SH2,二車複,1=3,440,2
2026-03-30,28,4,ST2,二車単,1-3,1380,5
2026-03-30,28,4,RH3,三連複,1=3=7,460,2
2026-03-30,28,4,RT3,三連単,1-3-7,3190,10
2026-03-30,28,4,W,ワイド,1=3,210,3
2026-03-30,28,4,W,ワイド,1=7,370,5
2026-03-30,28,4,W,ワイド,3=7,130,1
2026-03-30,28,5,SH2,二車複,2=7,650,3
2026-03-30,28,5,ST2,二車単,7-2,800,4
2026-03-30,28,5,RH3,三連複,2=4=7,2700,9
2026-03-30,28,5,RT3,三連単,7-2-4,4770,17
2026-03-30,28,5,W,ワイド,2=7,370,4
2026-03-30,28,5,W,ワイド,4=7,480,6
2026-03-30,28,5,W,ワイド,2=4,1780,16
2026-03-30,28,6,SH2,二車複,2=5,360,2
2026-03-30,28,6,ST2,二車単,5-2,520,1
2026-03-30,28,6,RH3,三連複,2=3=5,750,4
2026-03-30,28,6,RT3,三連単,5-2-3,2140,5
2026-03-30,28,6,W,ワイド,2=5,200,2
2026-03-30,28,6,W,ワイド,3=5,200,3
2026-03-30,28,6,W,ワイド,2=3,380,7
2026-03-30,28,7,SH2,二車複,2=7,480,3
2026-03-30,28,7,ST2,二車単,2-7,420,1
2026-03-30,28,7,RH3,三連複,2=3=7,2370,8
2026-03-30,28,7,RT3,三連単,2-7-3,3870,15
2026-03-30,28,7,W,ワイド,2=7,170,1
2026-03-30,28,7,W,ワイド,2=3,470,7
2026-03-30,28,7,W,ワイド,3=7,810,14
2026-03-30,28,8,SH2,二車複,5=7,6030,13
2026-03-30,28,8,ST2,二車単,7-5,5620,17
2026-03-30,28,8,RH3,三連複,4=5=7,7220,14
2026-03-30,28,8,RT3,三連単,7-5-4,39890,75
2026-03-30,28,8,W,ワイド,5=7,760,10
2026-03-30,28,8,W,ワイド,4=7,280,4
2026-03-30,28,8,W,ワイド,4=5,1010,13
2026-03-30,28,9,SH2,二車複,2=5,190,1
2026-03-30,28,9,ST2,二車単,2-5,210,1
2026-03-30,28,9,RH3,三連複,1=2=5,190,2
2026-03-30,28,9,RH3,三連複,2=5=6,140,1
2026-03-30,28,9,RT3,三連単,2-5-1,420,3
2026-03-30,28,9,RT3,三連単,2-5-6,260,1
2026-03-30,28,9,W,ワイド,2=5,100,1
2026-03-30,28,9,W,ワイド,1=2,120,4
2026-03-30,28,9,W,ワイド,2=6,100,2
2026-03-30,28,9,W,ワイド,1=5,180,6
2026-03-30,28,9,W,ワイド,5=6,120,3
2026-03-30,28,10,SH2,二車複,2=3,540,3
2026-03-30,28,10,ST2,二車単,3-2,700,1
2026-03-30,28,10,RH3,三連複,2=3=5,550,1
2026-03-30,28,10,RT3,三連単,3-2-5,2100,2
2026-03-30,28,10,W,ワイド,2=3,210,1
2026-03-30,28,10,W,ワイド,3=5,360,7
2026-03-30,28,10,W,ワイド,2=5,300,5
2026-03-30,28,11,SH2,二車複,1=4,280,1
2026-03-30,28,11,ST2,二車単,1-4,650,2
2026-03-30,28,11,RH3,三連複,1=3=4,450,1
2026-03-30,28,11,RT3,三連単,1-4-3,2380,5
2026-03-30,28,11,W,ワイド,1=4,130,1
2026-03-30,28,11,W,ワイド,1=3,200,2
2026-03-30,28,11,W,ワイド,3=4,240,3
2026-03-30,28,12,SH2,二車複,3=6,8430,21
2026-03-30,28,12,ST2,二車単,6-3,15620,37
2026-03-30,28,12,RH3,三連複,3=4=6,6760,23
2026-03-30,28,12,RT3,三連単,6-3-4,102350,162
2026-03-30,28,12,W,ワイド,3=6,2190,21
2026-03-30,28,12,W,ワイド,4=6,1440,17
2026-03-30,28,12,W,ワイド,3=4,980,12
2026-03-30,35,1,SH2,二車複,1=2,140,1
2026-03-30,35,1,ST2,二車単,1-2,150,1
2026-03-30,35,1,RH3,三連複,1=2=3,180,1
2026-03-30,35,1,RT3,三連単,1-2-3,300,1
2026-03-30,35,1,W,ワイド,1=2,100,1
2026-03-30,35,1,W,ワイド,1=3,140,2
2026-03-30,35,1,W,ワイド,2=3,150,3
2026-03-30,35,2,SH2,二車複,1=2,130,1
2026-03-30,35,2,ST2,二車単,1-2,160,1
2026-03-30,35,2,RH3,三連複,1=2=3,210,1
2026-03-30,35,2,RT3,三連単,1-2-3,380,1
2026-03-30,35,2,W,ワイド,1=2,100,1
2026-03-30,35,2,W,ワイド,1=3,160,2
2026-03-30,35,2,W,ワイド,2=3,190,4
2026-03-30,35,3,SH2,二車複,4=5,1940,8
2026-03-30,35,3,ST2,二車単,4-5,4040,15
2026-03-30,35,3,RH3,三連複,3=4=5,3220,10
2026-03-30,35,3,RT3,三連単,4-5-3,18540,55
2026-03-30,35,3,W,ワイド,4=5,700,9
2026-03-30,35,3,W,ワイド,3=4,600,7
2026-03-30,35,3,W,ワイド,3=5,360,5
2026-03-30,35,4,SH2,二車複,3=5,580,3
2026-03-30,35,4,ST2,二車単,5-3,1180,4
2026-03-30,35,4,RH3,三連複,3=5=6,960,5
2026-03-30,35,4,RT3,三連単,5-3-6,2610,8
2026-03-30,35,4,W,ワイド,3=5,320,3
2026-03-30,35,4,W,ワイド,5=6,980,12
2026-03-30,35,4,W,ワイド,3=6,540,10
2026-03-30,35,5,SH2,二車複,2=6,400,3
2026-03-30,35,5,ST2,二車単,2-6,480,3
2026-03-30,35,5,RH3,三連複,2=3=6,370,2
2026-03-30,35,5,RT3,三連単,2-6-3,700,2
2026-03-30,35,5,W,ワイド,2=6,160,2
2026-03-30,35,5,W,ワイド,2=3,120,1
2026-03-30,35,5,W,ワイド,3=6,330,6
2026-03-30,35,6,SH2,二車複,1=2,530,2
2026-03-30,35,6,ST2,二車単,2-1,1330,4
2026-03-30,35,6,RH3,三連複,1=2=6,1450,4
2026-03-30,35,6,RT3,三連単,2-1-6,5610,17
2026-03-30,35,6,W,ワイド,1=2,230,3
2026-03-30,35,6,W,ワイド,2=6,820,11
2026-03-30,35,6,W,ワイド,1=6,440,5
2026-03-30,35,7,SH2,二車複,1=2,660,2
2026-03-30,35,7,ST2,二車単,1-2,800,2
2026-03-30,35,7,RH3,三連複,1=2=4,1380,6
2026-03-30,35,7,RT3,三連単,1-2-4,1990,5
2026-03-30,35,7,W,ワイド,1=2,250,3
2026-03-30,35,7,W,ワイド,1=4,560,9
2026-03-30,35,7,W,ワイド,2=4,480,8
2026-03-30,35,8,SH2,二車複,1=3,200,1
2026-03-30,35,8,ST2,二車単,1-3,230,1
2026-03-30,35,8,RH3,三連複,1=3=4,590,3
2026-03-30,35,8,RT3,三連単,1-3-4,1630,4
2026-03-30,35,8,W,ワイド,1=3,120,1
2026-03-30,35,8,W,ワイド,1=4,410,6
2026-03-30,35,8,W,ワイド,3=4,540,10
2026-03-30,35,9,SH2,二車複,3=5,770,2
2026-03-30,35,9,ST2,二車単,5-3,1780,6
2026-03-30,35,9,RH3,三連複,1=3=5,1640,5
2026-03-30,35,9,RT3,三連単,5-3-1,4560,9
2026-03-30,35,9,W,ワイド,3=5,450,7
2026-03-30,35,9,W,ワイド,1=5,540,8
2026-03-30,35,9,W,ワイド,1=3,330,6
2026-03-30,37,1,SH2,二車複,1=3,940,4
2026-03-30,37,1,ST2,二車単,1-3,1860,7
2026-03-30,37,1,RH3,三連複,1=3=5,990,4
2026-03-30,37,1,RT3,三連単,1-3-5,7080,25
2026-03-30,37,1,W,ワイド,1=3,290,3
2026-03-30,37,1,W,ワイド,1=5,370,5
2026-03-30,37,1,W,ワイド,3=5,320,4
2026-03-30,37,2,SH2,二車複,4=7,1900,8
2026-03-30,37,2,ST2,二車単,4-7,3100,11
2026-03-30,37,2,RH3,三連複,3=4=7,980,4
2026-03-30,37,2,RT3,三連単,4-7-3,7770,24
2026-03-30,37,2,W,ワイド,4=7,580,10
2026-03-30,37,2,W,ワイド,3=4,440,6
2026-03-30,37,2,W,ワイド,3=7,840,12
2026-03-30,37,3,SH2,二車複,2=3,2080,7
2026-03-30,37,3,ST2,二車単,2-3,6020,17
2026-03-30,37,3,RH3,三連複,2=3=7,1180,5
2026-03-30,37,3,RT3,三連単,2-3-7,24020,62
2026-03-30,37,3,W,ワイド,2=3,590,10
2026-03-30,37,3,W,ワイド,2=7,270,4
2026-03-30,37,3,W,ワイド,3=7,170,1
2026-03-30,37,4,SH2,二車複,2=7,2030,7
2026-03-30,37,4,ST2,二車単,2-7,2800,10
2026-03-30,37,4,RH3,三連複,2=4=7,1760,7
2026-03-30,37,4,RT3,三連単,2-7-4,10640,33
2026-03-30,37,4,W,ワイド,2=7,450,7
2026-03-30,37,4,W,ワイド,2=4,250,3
2026-03-30,37,4,W,ワイド,4=7,700,12
2026-03-30,37,5,SH2,二車複,4=7,630,3
2026-03-30,37,5,ST2,二車単,4-7,800,3
2026-03-30,37,5,RH3,三連複,2=4=7,2820,8
2026-03-30,37,5,RT3,三連単,4-7-2,7120,22
2026-03-30,37,5,W,ワイド,4=7,210,2
2026-03-30,37,5,W,ワイド,2=4,320,6
2026-03-30,37,5,W,ワイド,2=7,1030,11
2026-03-30,37,6,SH2,二車複,4=6,130,1
2026-03-30,37,6,ST2,二車単,4-6,190,1
2026-03-30,37,6,RH3,三連複,4=5=6,120,1
2026-03-30,37,6,RT3,三連単,4-6-5,250,1
2026-03-30,37,6,W,ワイド,4=6,100,1
2026-03-30,37,6,W,ワイド,4=5,100,2
2026-03-30,37,6,W,ワイド,5=6,120,3
2026-03-30,37,7,SH2,二車複,1=7,1920,4
2026-03-30,37,7,ST2,二車単,1-7,1760,4
2026-03-30,37,7,RH3,三連複,1=3=7,1170,4
2026-03-30,37,7,RT3,三連単,1-7-3,4240,10
2026-03-30,37,7,W,ワイド,1=7,440,7
2026-03-30,37,7,W,ワイド,1=3,100,1
2026-03-30,37,7,W,ワイド,3=7,880,10
2026-03-30,37,8,SH2,二車複,2=5,510,3
2026-03-30,37,8,ST2,二車単,2-5,820,4
2026-03-30,37,8,RH3,三連複,1=2=5,250,1
2026-03-30,37,8,RT3,三連単,2-5-1,1690,7
2026-03-30,37,8,W,ワイド,2=5,180,3
2026-03-30,37,8,W,ワイド,1=2,120,1
2026-03-30,37,8,W,ワイド,1=5,190,4
2026-03-30,37,9,SH2,二車複,3=4,110,1
2026-03-30,37,9,ST2,二車単,4-3,250,2
2026-03-30,37,9,RH3,三連複,2=3=4,140,1
2026-03-30,37,9,RT3,三連単,4-3-2,390,2
2026-03-30,37,9,W,ワイド,3=4,100,1
2026-03-30,37,9,W,ワイド,2=4,120,3
2026-03-30,37,9,W,ワイド,2=3,120,2
2026-03-30,37,10,SH2,二車複,5=7,1170,5
2026-03-30,37,10,ST2,二車単,7-5,2140,9
2026-03-30,37,10,RH3,三連複,2=5=7,1180,5
2026-03-30,37,10,RT3,三連単,7-5-2,9300,32
2026-03-30,37,10,W,ワイド,5=7,330,5
2026-03-30,37,10,W,ワイド,2=7,460,8
2026-03-30,37,10,W,ワイド,2=5,250,3
2026-03-30,37,11,SH2,二車複,1=7,1210,5
2026-03-30,37,11,ST2,二車単,7-1,1570,7
2026-03-30,37,11,RH3,三連複,1=5=7,1120,7
2026-03-30,37,11,RT3,三連単,7-1-5,5260,18
2026-03-30,37,11,W,ワイド,1=7,440,6
2026-03-30,37,11,W,ワイド,5=7,270,3
2026-03-30,37,11,W,ワイド,1=5,310,4
2026-03-30,37,12,SH2,二車複,1=5,330,1
2026-03-30,37,12,ST2,二車単,1-5,370,1
2026-03-30,37,12,RH3,三連複,1=5=7,650,3
2026-03-30,37,12,RT3,三連単,1-5-7,1200,3
2026-03-30,37,12,W,ワイド,1=5,160,1
2026-03-30,37,12,W,ワイド,1=7,160,2
2026-03-30,37,12,W,ワイド,5=7,340,7
2026-03-30,45,1,SH2,二車複,1=2,1660,6
2026-03-30,45,1,ST2,二車単,2-1,1850,8
2026-03-30,45,1,RH3,三連複,1=2=6,4920,15
2026-03-30,45,1,RT3,三連単,2-1-6,21590,50
2026-03-30,45,1,W,ワイド,1=2,260,4
2026-03-30,45,1,W,ワイド,2=6,950,10
2026-03-30,45,1,W,ワイド,1=6,1730,15
2026-03-30,45,2,WH2,枠複,1=4,410,2
2026-03-30,45,2,WT2,枠単,1-4,1110,3
2026-03-30,45,2,SH2,二車複,1=4,500,2
2026-03-30,45,2,ST2,二車単,1-4,770,3
2026-03-30,45,2,RH3,三連複,1=4=6,1330,4
2026-03-30,45,2,RT3,三連単,1-4-6,3670,13
2026-03-30,45,2,W,ワイド,1=4,190,2
2026-03-30,45,2,W,ワイド,1=6,400,6
2026-03-30,45,2,W,ワイド,4=6,260,4
2026-03-30,45,3,WH2,枠複,3=6,450,2
2026-03-30,45,3,WT2,枠単,6-3,450,2
2026-03-30,45,3,SH2,二車複,3=7,380,2
2026-03-30,45,3,ST2,二車単,7-3,490,2
2026-03-30,45,3,RH3,三連複,3=6=7,3720,10
2026-03-30,45,3,RT3,三連単,7-3-6,7010,17
2026-03-30,45,3,W,ワイド,3=7,210,2
2026-03-30,45,3,W,ワイド,6=7,720,7
2026-03-30,45,3,W,ワイド,3=6,1920,19
2026-03-30,45,4,WH2,枠複,1=5,540,3
2026-03-30,45,4,WT2,枠単,1-5,1020,4
2026-03-30,45,4,SH2,二車複,1=7,640,3
2026-03-30,45,4,ST2,二車単,1-7,1030,4
2026-03-30,45,4,RH3,三連複,1=5=7,500,1
2026-03-30,45,4,RT3,三連単,1-7-5,3640,4
2026-03-30,45,4,W,ワイド,1=7,250,3
2026-03-30,45,4,W,ワイド,1=5,220,1
2026-03-30,45,4,W,ワイド,5=7,250,2
2026-03-30,45,5,WH2,枠複,1=3,2860,13
2026-03-30,45,5,WT2,枠単,3-1,5310,24
2026-03-30,45,5,SH2,二車複,1=3,3190,12
2026-03-30,45,5,ST2,二車単,3-1,6600,21
2026-03-30,45,5,RH3,三連複,1=3=9,3780,15
2026-03-30,45,5,RT3,三連単,3-1-9,34370,108
2026-03-30,45,5,W,ワイド,1=3,990,15
2026-03-30,45,5,W,ワイド,3=9,570,9
2026-03-30,45,5,W,ワイド,1=9,1400,19
2026-03-30,45,6,WH2,枠複,4=6,310,2
2026-03-30,45,6,WT2,枠単,4-6,510,2
2026-03-30,45,6,SH2,二車複,5=8,1360,4
2026-03-30,45,6,ST2,二車単,5-8,1160,5
2026-03-30,45,6,RH3,三連複,2=5=8,500,1
2026-03-30,45,6,RT3,三連単,5-8-2,3060,5
2026-03-30,45,6,W,ワイド,5=8,260,3
2026-03-30,45,6,W,ワイド,2=5,170,1
2026-03-30,45,6,W,ワイド,2=8,440,6
2026-03-30,45,7,WH2,枠複,3=4,650,2
2026-03-30,45,7,WT2,枠単,3-4,850,1
2026-03-30,45,7,SH2,二車複,3=4,1070,3
2026-03-30,45,7,ST2,二車単,3-4,1310,3
2026-03-30,45,7,RH3,三連複,1=3=4,3910,16
2026-03-30,45,7,RT3,三連単,3-4-1,10740,27
2026-03-30,45,7,W,ワイド,3=4,380,3
2026-03-30,45,7,W,ワイド,1=3,650,11
2026-03-30,45,7,W,ワイド,1=4,2350,30
2026-03-30,45,8,WH2,枠複,3=4,410,2
2026-03-30,45,8,WT2,枠単,4-3,630,1
2026-03-30,45,8,SH2,二車複,3=5,340,1
2026-03-30,45,8,ST2,二車単,5-3,560,1
2026-03-30,45,8,RH3,三連複,3=5=9,1240,2
2026-03-30,45,8,RT3,三連単,5-3-9,2640,2
2026-03-30,45,8,W,ワイド,3=5,220,1
2026-03-30,45,8,W,ワイド,5=9,410,5
2026-03-30,45,8,W,ワイド,3=9,520,7
2026-03-30,45,9,WH2,枠複,1=3,1460,5
2026-03-30,45,9,WT2,枠単,1-3,4350,15
2026-03-30,45,9,SH2,二車複,1=3,1690,5
2026-03-30,45,9,ST2,二車単,1-3,4180,15
2026-03-30,45,9,RH3,三連複,1=3=9,3330,9
2026-03-30,45,9,RT3,三連単,1-3-9,22640,57
2026-03-30,45,9,W,ワイド,1=3,650,8
2026-03-30,45,9,W,ワイド,1=9,710,9
2026-03-30,45,9,W,ワイド,3=9,1540,14
2026-03-30,45,10,WH2,枠複,4=6,470,2
2026-03-30,45,10,WT2,枠単,6-4,850,3
2026-03-30,45,10,SH2,二車複,5=9,660,2
2026-03-30,45,10,ST2,二車単,9-5,910,3
2026-03-30,45,10,RH3,三連複,5=8=9,5100,18
2026-03-30,45,10,RT3,三連単,9-5-8,17840,51
2026-03-30,45,10,W,ワイド,5=9,240,2
2026-03-30,45,10,W,ワイド,8=9,1070,13
2026-03-30,45,10,W,ワイド,5=8,1560,21
2026-03-30,45,11,WH2,枠複,6=6,2230,7
2026-03-30,45,11,WT2,枠単,6-6,2390,11
2026-03-30,45,11,SH2,二車複,8=9,2070,7
2026-03-30,45,11,ST2,二車単,9-8,2730,10
2026-03-30,45,11,RH3,三連複,5=8=9,3970,16
2026-03-30,45,11,RT3,三連単,9-8-5,14000,46
2026-03-30,45,11,W,ワイド,8=9,640,7
2026-03-30,45,11,W,ワイド,5=9,290,3
2026-03-30,45,11,W,ワイド,5=8,1010,15
2026-03-30,45,12,WH2,枠複,1=4,240,1
2026-03-30,45,12,WT2,枠単,1-4,640,2
2026-03-30,45,12,SH2,二車複,1=5,240,1
2026-03-30,45,12,ST2,二車単,1-5,500,2
2026-03-30,45,12,RH3,三連複,1=2=5,650,1
2026-03-30,45,12,RT3,三連単,1-5-2,2090,3
2026-03-30,45,12,W,ワイド,1=5,150,1
2026-03-30,45,12,W,ワイド,1=2,450,7
2026-03-30,45,12,W,ワイド,2=5,260,2
2026-03-31,37,1,SH2,二車複,2=6,1350,5
2026-03-31,37,1,ST2,二車単,2-6,1640,6
2026-03-31,37,1,RH3,三連複,2=6=7,1130,5
2026-03-31,37,1,RT3,三連単,2-6-7,5410,17
2026-03-31,37,1,W,ワイド,2=6,490,9
2026-03-31,37,1,W,ワイド,2=7,230,2
2026-03-31,37,1,W,ワイド,6=7,700,13
2026-03-31,37,2,SH2,二車複,3=5,150,1
2026-03-31,37,2,ST2,二車単,3-5,210,1
2026-03-31,37,2,RH3,三連複,3=5=7,300,1
2026-03-31,37,2,RT3,三連単,3-5-7,460,1
2026-03-31,37,2,W,ワイド,3=5,120,1
2026-03-31,37,2,W,ワイド,3=7,150,2
2026-03-31,37,2,W,ワイド,5=7,280,5
2026-03-31,37,3,SH2,二車複,2=3,1340,4
2026-03-31,37,3,ST2,二車単,2-3,1930,7
2026-03-31,37,3,RH3,三連複,2=3=7,2210,7
2026-03-31,37,3,RT3,三連単,2-3-7,9070,20
2026-03-31,37,3,W,ワイド,2=3,380,5
2026-03-31,37,3,W,ワイド,2=7,610,9
2026-03-31,37,3,W,ワイド,3=7,860,11
2026-03-31,37,4,SH2,二車複,1=4,150,1
2026-03-31,37,4,ST2,二車単,4-1,180,1
2026-03-31,37,4,RH3,三連複,1=4=7,150,1
2026-03-31,37,4,RT3,三連単,4-1-7,280,1
2026-03-31,37,4,W,ワイド,1=4,100,1
2026-03-31,37,4,W,ワイド,4=7,140,2
2026-03-31,37,4,W,ワイド,1=7,180,3
2026-03-31,37,5,SH2,二車複,1=3,640,3
2026-03-31,37,5,ST2,二車単,3-1,890,4
2026-03-31,37,5,RH3,三連複,1=3=5,520,2
2026-03-31,37,5,RT3,三連単,3-1-5,2850,7
2026-03-31,37,5,W,ワイド,1=3,200,3
2026-03-31,37,5,W,ワイド,3=5,130,1
2026-03-31,37,5,W,ワイド,1=5,370,8
2026-03-31,37,6,SH2,二車複,4=5,450,2
2026-03-31,37,6,ST2,二車単,5-4,1310,6
2026-03-31,37,6,RH3,三連複,2=4=5,480,2
2026-03-31,37,6,RT3,三連単,5-4-2,2950,8
2026-03-31,37,6,W,ワイド,4=5,200,2
2026-03-31,37,6,W,ワイド,2=5,130,1
2026-03-31,37,6,W,ワイド,2=4,260,4
2026-03-31,37,7,SH2,二車複,3=4,1310,6
2026-03-31,37,7,ST2,二車単,4-3,4350,19
2026-03-31,37,7,RH3,三連複,2=3=4,700,2
2026-03-31,37,7,RT3,三連単,4-3-2,12820,47
2026-03-31,37,7,W,ワイド,3=4,380,5
2026-03-31,37,7,W,ワイド,2=4,340,4
2026-03-31,37,7,W,ワイド,2=3,210,2
2026-03-31,37,8,SH2,二車複,4=7,880,3
2026-03-31,37,8,ST2,二車単,4-7,2190,8
2026-03-31,37,8,RH3,三連複,1=4=7,570,2
2026-03-31,37,8,RT3,三連単,4-7-1,5200,17
2026-03-31,37,8,W,ワイド,4=7,270,4
2026-03-31,37,8,W,ワイド,1=4,200,2
2026-03-31,37,8,W,ワイド,1=7,250,3
2026-03-31,37,9,SH2,二車複,1=3,4070,14
2026-03-31,37,9,ST2,二車単,1-3,5540,23
2026-03-31,37,9,RH3,三連複,1=3=7,3530,15
2026-03-31,37,9,RT3,三連単,1-3-7,25910,100
2026-03-31,37,9,W,ワイド,1=3,460,9
2026-03-31,37,9,W,ワイド,1=7,310,2
2026-03-31,37,9,W,ワイド,3=7,710,13
2026-03-31,37,10,SH2,二車複,1=7,140,1
2026-03-31,37,10,ST2,二車単,7-1,180,1
2026-03-31,37,10,RH3,三連複,1=6=7,1490,5
2026-03-31,37,10,RT3,三連単,7-1-6,2530,7
2026-03-31,37,10,W,ワイド,1=7,100,1
2026-03-31,37,10,W,ワイド,6=7,510,8
2026-03-31,37,10,W,ワイド,1=6,1000,11
2026-03-31,37,11,SH2,二車複,3=7,670,3
2026-03-31,37,11,ST2,二車単,3-7,900,4
2026-03-31,37,11,RH3,三連複,1=3=7,410,1
2026-03-31,37,11,RT3,三連単,3-7-1,2510,6
2026-03-31,37,11,W,ワイド,3=7,220,4
2026-03-31,37,11,W,ワイド,1=3,160,1
2026-03-31,37,11,W,ワイド,1=7,190,2
2026-03-31,45,1,SH2,二車複,1=5,870,4
2026-03-31,45,1,ST2,二車単,1-5,2340,8
2026-03-31,45,1,RH3,三連複,1=3=5,390,2
2026-03-31,45,1,RT3,三連単,1-5-3,7170,24
2026-03-31,45,1,W,ワイド,1=5,190,3
2026-03-31,45,1,W,ワイド,1=3,230,5
2026-03-31,45,1,W,ワイド,3=5,120,1
2026-03-31,45,2,SH2,二車複,3=5,170,1
2026-03-31,45,2,ST2,二車単,5-3,320,1
2026-03-31,45,2,RH3,三連複,1=3=5,320,1
2026-03-31,45,2,RT3,三連単,5-3-1,880,2
2026-03-31,45,2,W,ワイド,3=5,110,1
2026-03-31,45,2,W,ワイド,1=5,190,2
2026-03-31,45,2,W,ワイド,1=3,210,3
2026-03-31,45,3,SH2,二車複,2=5,560,2
2026-03-31,45,3,ST2,二車単,2-5,1520,6
2026-03-31,45,3,RH3,三連複,1=2=5,260,1
2026-03-31,45,3,RT3,三連単,2-5-1,2670,9
2026-03-31,45,3,W,ワイド,2=5,190,3
2026-03-31,45,3,W,ワイド,1=2,160,2
2026-03-31,45,3,W,ワイド,1=5,120,1
2026-03-31,45,4,WH2,枠複,2=5,580,2
2026-03-31,45,4,WT2,枠単,2-5,750,3
2026-03-31,45,4,SH2,二車複,2=7,460,2
2026-03-31,45,4,ST2,二車単,2-7,900,3
2026-03-31,45,4,RH3,三連複,2=6=7,17070,44
2026-03-31,45,4,RT3,三連単,2-7-6,57230,157
2026-03-31,45,4,W,ワイド,2=7,280,2
2026-03-31,45,4,W,ワイド,2=6,3800,29
2026-03-31,45,4,W,ワイド,6=7,5710,35
2026-03-31,45,5,WH2,枠複,3=6,570,4
2026-03-31,45,5,WT2,枠単,3-6,990,5
2026-03-31,45,5,SH2,二車複,3=9,510,2
2026-03-31,45,5,ST2,二車単,3-9,960,4
2026-03-31,45,5,RH3,三連複,2=3=9,890,2
2026-03-31,45,5,RT3,三連単,3-9-2,3370,9
2026-03-31,45,5,W,ワイド,3=9,200,2
2026-03-31,45,5,W,ワイド,2=3,270,4
2026-03-31,45,5,W,ワイド,2=9,230,3
2026-03-31,45,6,WH2,枠複,4=6,1110,2
2026-03-31,45,6,WT2,枠単,6-4,950,3
2026-03-31,45,6,SH2,二車複,4=9,1660,2
2026-03-31,45,6,ST2,二車単,9-4,2000,3
2026-03-31,45,6,RH3,三連複,1=4=9,230,1
2026-03-31,45,6,RT3,三連単,9-4-1,2950,9
2026-03-31,45,6,W,ワイド,4=9,190,2
2026-03-31,45,6,W,ワイド,1=9,100,1
2026-03-31,45,6,W,ワイド,1=4,220,3
2026-03-31,45,7,WH2,枠複,2=5,490,2
2026-03-31,45,7,WT2,枠単,2-5,550,2
2026-03-31,45,7,SH2,二車複,2=6,580,2
2026-03-31,45,7,ST2,二車単,2-6,640,2
2026-03-31,45,7,RH3,三連複,2=4=6,3690,15
2026-03-31,45,7,RT3,三連単,2-6-4,8270,26
2026-03-31,45,7,W,ワイド,2=6,300,3
2026-03-31,45,7,W,ワイド,2=4,570,7
2026-03-31,45,7,W,ワイド,4=6,2500,26
2026-03-31,45,8,WH2,枠複,1=4,1230,6
2026-03-31,45,8,WT2,枠単,1-4,1050,4
2026-03-31,45,8,SH2,二車複,1=4,6870,18
2026-03-31,45,8,ST2,二車単,1-4,6930,22
2026-03-31,45,8,RH3,三連複,1=4=9,520,1
2026-03-31,45,8,RT3,三連単,1-4-9,11630,31
2026-03-31,45,8,W,ワイド,1=4,450,4
2026-03-31,45,8,W,ワイド,1=9,140,1
2026-03-31,45,8,W,ワイド,4=9,450,4
2026-03-31,45,9,WH2,枠複,2=4,200,1
2026-03-31,45,9,WT2,枠単,4-2,460,2
2026-03-31,45,9,SH2,二車複,2=5,190,1
2026-03-31,45,9,ST2,二車単,5-2,420,2
2026-03-31,45,9,RH3,三連複,2=3=5,710,3
2026-03-31,45,9,RT3,三連単,5-2-3,2610,6
2026-03-31,45,9,W,ワイド,2=5,150,1
2026-03-31,45,9,W,ワイド,3=5,470,6
2026-03-31,45,9,W,ワイド,2=3,320,4
2026-03-31,45,10,WH2,枠複,4=6,640,2
2026-03-31,45,10,WT2,枠単,6-4,920,3
2026-03-31,45,10,SH2,二車複,5=8,7390,24
2026-03-31,45,10,ST2,二車単,8-5,12780,46
2026-03-31,45,10,RH3,三連複,5=8=9,9660,39
2026-03-31,45,10,RT3,三連単,8-5-9,91800,278
2026-03-31,45,10,W,ワイド,5=8,1640,26
2026-03-31,45,10,W,ワイド,8=9,680,9
2026-03-31,45,10,W,ワイド,5=9,590,7
2026-03-31,45,11,WH2,枠複,2=6,250,1
2026-03-31,45,11,WT2,枠単,6-2,350,1
2026-03-31,45,11,SH2,二車複,2=9,230,1
2026-03-31,45,11,ST2,二車単,9-2,370,1
2026-03-31,45,11,RH3,三連複,2=8=9,650,1
2026-03-31,45,11,RT3,三連単,9-2-8,1090,1
2026-03-31,45,11,W,ワイド,2=9,150,1
2026-03-31,45,11,W,ワイド,8=9,290,3
2026-03-31,45,11,W,ワイド,2=8,640,11
2026-03-31,45,12,WH2,枠複,2=4,980,3
2026-03-31,45,12,WT2,枠単,4-2,1500,5
2026-03-31,45,12,SH2,二車複,2=5,1110,2
2026-03-31,45,12,ST2,二車単,5-2,1690,3
2026-03-31,45,12,RH3,三連複,2=3=5,3970,10
2026-03-31,45,12,RT3,三連単,5-2-3,11240,29
2026-03-31,45,12,W,ワイド,2=5,430,3
2026-03-31,45,12,W,ワイド,3=5,590,7
2026-03-31,45,12,W,ワイド,2=3,810,15
2026-03-31,62,1,SH2,二車複,1=5,130,1
2026-03-31,62,1,ST2,二車単,5-1,200,1
2026-03-31,62,1,RH3,三連複,1=4=5,130,1
2026-03-31,62,1,RT3,三連単,5-1-4,250,1
2026-03-31,62,1,W,ワイド,1=5,100,1
2026-03-31,62,1,W,ワイド,4=5,100,2
2026-03-31,62,1,W,ワイド,1=4,110,3
2026-03-31,62,2,SH2,二車複,3=4,240,1
2026-03-31,62,2,ST2,二車単,3-4,540,2
2026-03-31,62,2,RH3,三連複,1=3=4,360,1
2026-03-31,62,2,RT3,三連単,3-4-1,740,1
2026-03-31,62,2,W,ワイド,3=4,140,1
2026-03-31,62,2,W,ワイド,1=3,280,5
2026-03-31,62,2,W,ワイド,1=4,260,4
2026-03-31,62,3,SH2,二車複,1=5,1250,3
2026-03-31,62,3,ST2,二車単,5-1,4280,12
2026-03-31,62,3,RH3,三連複,1=2=5,5460,14
2026-03-31,62,3,RT3,三連単,5-1-2,40570,85
2026-03-31,62,3,W,ワイド,1=5,360,5
2026-03-31,62,3,W,ワイド,2=5,1290,12
2026-03-31,62,3,W,ワイド,1=2,1240,11
2026-03-31,62,4,SH2,二車複,2=3,3310,11
2026-03-31,62,4,ST2,二車単,2-3,8130,26
2026-03-31,62,4,RH3,三連複,2=3=4,19170,30
2026-03-31,62,4,RT3,三連単,2-3-4,74520,136
2026-03-31,62,4,W,ワイド,2=3,1020,13
2026-03-31,62,4,W,ワイド,2=4,1850,17
2026-03-31,62,4,W,ワイド,3=4,1150,14
2026-03-31,62,5,SH2,二車複,2=5,1830,6
2026-03-31,62,5,ST2,二車単,2-5,2230,10
2026-03-31,62,5,RH3,三連複,1=2=5,2940,11
2026-03-31,62,5,RT3,三連単,2-5-1,10360,37
2026-03-31,62,5,W,ワイド,2=5,430,6
2026-03-31,62,5,W,ワイド,1=2,280,3
2026-03-31,62,5,W,ワイド,1=5,1020,15
2026-03-31,62,6,SH2,二車複,2=5,120,1
2026-03-31,62,6,ST2,二車単,5-2,330,2
2026-03-31,62,6,RH3,三連複,2=5=7,940,4
2026-03-31,62,6,RT3,三連単,5-2-7,2930,9
2026-03-31,62,6,W,ワイド,2=5,100,1
2026-03-31,62,6,W,ワイド,5=7,720,12
2026-03-31,62,6,W,ワイド,2=7,330,6
2026-03-31,62,7,SH2,二車複,4=5,460,2
2026-03-31,62,7,ST2,二車単,5-4,940,3
2026-03-31,62,7,RH3,三連複,4=5=6,3190,14
2026-03-31,62,7,RT3,三連単,5-4-6,8110,25
2026-03-31,62,7,W,ワイド,4=5,180,2
2026-03-31,62,7,W,ワイド,5=6,700,12
2026-03-31,62,7,W,ワイド,4=6,940,15
2026-04-01,27,1,SH2,二車複,3=4,700,4
2026-04-01,27,1,ST2,二車単,3-4,1310,6
2026-04-01,27,1,RH3,三連複,3=4=6,2240,10
2026-04-01,27,1,RT3,三連単,3-4-6,7550,25
2026-04-01,27,1,W,ワイド,3=4,280,4
2026-04-01,27,1,W,ワイド,3=6,220,2
2026-04-01,27,1,W,ワイド,4=6,1600,16
2026-04-01,27,2,SH2,二車複,2=3,430,2
2026-04-01,27,2,ST2,二車単,3-2,1370,7
2026-04-01,27,2,RH3,三連複,2=3=5,970,4
2026-04-01,27,2,RT3,三連単,3-2-5,7410,27
2026-04-01,27,2,W,ワイド,2=3,190,3
2026-04-01,27,2,W,ワイド,3=5,420,7
2026-04-01,27,2,W,ワイド,2=5,280,5
2026-04-01,27,3,SH2,二車複,2=7,1830,5
2026-04-01,27,3,ST2,二車単,2-7,2290,7
2026-04-01,27,3,RH3,三連複,2=3=7,1010,5
2026-04-01,27,3,RT3,三連単,2-7-3,5700,15
2026-04-01,27,3,W,ワイド,2=7,550,7
2026-04-01,27,3,W,ワイド,2=3,240,2
2026-04-01,27,3,W,ワイド,3=7,560,8
2026-04-01,27,4,SH2,二車複,3=7,1170,5
2026-04-01,27,4,ST2,二車単,7-3,1930,8
2026-04-01,27,4,RH3,三連複,2=3=7,4270,10
2026-04-01,27,4,RT3,三連単,7-3-2,12310,37
2026-04-01,27,4,W,ワイド,3=7,260,5
2026-04-01,27,4,W,ワイド,2=7,600,9
2026-04-01,27,4,W,ワイド,2=3,1590,12
2026-04-01,27,5,SH2,二車複,4=7,410,1
2026-04-01,27,5,ST2,二車単,7-4,980,4
2026-04-01,27,5,RH3,三連複,2=4=7,380,1
2026-04-01,27,5,RT3,三連単,7-4-2,1910,3
2026-04-01,27,5,W,ワイド,4=7,150,1
2026-04-01,27,5,W,ワイド,2=7,180,2
2026-04-01,27,5,W,ワイド,2=4,190,3
2026-04-01,27,6,SH2,二車複,2=7,660,5
2026-04-01,27,6,ST2,二車単,2-7,930,5
2026-04-01,27,6,RH3,三連複,2=5=7,1140,6
2026-04-01,27,6,RT3,三連単,2-7-5,5380,19
2026-04-01,27,6,W,ワイド,2=7,320,5
2026-04-01,27,6,W,ワイド,2=5,190,1
2026-04-01,27,6,W,ワイド,5=7,570,9
2026-04-01,27,7,SH2,二車複,2=5,200,1
2026-04-01,27,7,ST2,二車単,5-2,350,1
2026-04-01,27,7,RH3,三連複,2=3=5,1010,4
2026-04-01,27,7,RT3,三連単,5-2-3,2500,9
2026-04-01,27,7,W,ワイド,2=5,150,1
2026-04-01,27,7,W,ワイド,3=5,490,7
2026-04-01,27,7,W,ワイド,2=3,530,8
2026-04-01,27,8,SH2,二車複,3=7,850,4
2026-04-01,27,8,ST2,二車単,7-3,2750,9
2026-04-01,27,8,RH3,三連複,3=5=7,630,2
2026-04-01,27,8,RT3,三連単,7-3-5,6070,21
2026-04-01,27,8,W,ワイド,3=7,260,4
2026-04-01,27,8,W,ワイド,5=7,320,5
2026-04-01,27,8,W,ワイド,3=5,140,1
2026-04-01,27,9,SH2,二車複,1=3,630,4
2026-04-01,27,9,ST2,二車単,1-3,830,5
2026-04-01,27,9,RH3,三連複,1=3=4,680,4
2026-04-01,27,9,RT3,三連単,1-3-4,2930,12
2026-04-01,27,9,W,ワイド,1=3,180,2
2026-04-01,27,9,W,ワイド,1=4,190,3
2026-04-01,27,9,W,ワイド,3=4,460,7
2026-04-01,27,10,SH2,二車複,2=7,370,2
2026-04-01,27,10,ST2,二車単,7-2,730,2
2026-04-01,27,10,RH3,三連複,2=5=7,1270,4
2026-04-01,27,10,RT3,三連単,7-2-5,3990,15
2026-04-01,27,10,W,ワイド,2=7,230,4
2026-04-01,27,10,W,ワイド,5=7,420,5
2026-04-01,27,10,W,ワイド,2=5,490,6
2026-04-01,27,11,SH2,二車複,4=7,3240,7
2026-04-01,27,11,ST2,二車単,7-4,3430,11
2026-04-01,27,11,RH3,三連複,1=4=7,490,3
2026-04-01,27,11,RT3,三連単,7-4-1,6600,24
2026-04-01,27,11,W,ワイド,4=7,410,7
2026-04-01,27,11,W,ワイド,1=7,100,1
2026-04-01,27,11,W,ワイド,1=4,440,8
2026-04-01,27,12,SH2,二車複,1=4,150,1
2026-04-01,27,12,ST2,二車単,4-1,300,2
2026-04-01,27,12,RH3,三連複,1=4=5,1240,4
2026-04-01,27,12,RT3,三連単,4-1-5,2560,6
2026-04-01,27,12,W,ワイド,1=4,120,1
2026-04-01,27,12,W,ワイド,4=5,430,8
2026-04-01,27,12,W,ワイド,1=5,820,14
2026-04-01,36,1,SH2,二車複,1=5,100,1
2026-04-01,36,1,ST2,二車単,5-1,400,2
2026-04-01,36,1,RH3,三連複,1=5=6,230,1
2026-04-01,36,1,RT3,三連単,5-1-6,1110,4
2026-04-01,36,1,W,ワイド,1=5,100,1
2026-04-01,36,1,W,ワイド,5=6,250,5
2026-04-01,36,1,W,ワイド,1=6,230,3
2026-04-01,36,2,SH2,二車複,3=5,110,1
2026-04-01,36,2,ST2,二車単,3-5,130,1
2026-04-01,36,2,RH3,三連複,1=3=5,160,1
2026-04-01,36,2,RT3,三連単,3-5-1,210,1
2026-04-01,36,2,W,ワイド,3=5,100,1
2026-04-01,36,2,W,ワイド,1=3,150,3
2026-04-01,36,2,W,ワイド,1=5,150,4
2026-04-01,36,3,SH2,二車複,4=7,260,2
2026-04-01,36,3,ST2,二車単,7-4,270,2
2026-04-01,36,3,RH3,三連複,2=4=7,670,3
2026-04-01,36,3,RT3,三連単,7-4-2,1020,3
2026-04-01,36,3,W,ワイド,4=7,220,3
2026-04-01,36,3,W,ワイド,2=7,830,8
2026-04-01,36,3,W,ワイド,2=4,950,9
2026-04-01,36,4,SH2,二車複,2=4,260,2
2026-04-01,36,4,ST2,二車単,2-4,330,2
2026-04-01,36,4,RH3,三連複,1=2=4,460,2
2026-04-01,36,4,RT3,三連単,2-4-1,510,2
2026-04-01,36,4,W,ワイド,2=4,200,2
2026-04-01,36,4,W,ワイド,1=2,370,5
2026-04-01,36,4,W,ワイド,1=4,390,6
2026-04-01,36,5,SH2,二車複,1=5,130,1
2026-04-01,36,5,ST2,二車単,5-1,150,1
2026-04-01,36,5,RH3,三連複,1=4=5,120,1
2026-04-01,36,5,RT3,三連単,5-1-4,160,1
2026-04-01,36,5,W,ワイド,1=5,100,1
2026-04-01,36,5,W,ワイド,4=5,100,2
2026-04-01,36,5,W,ワイド,1=4,130,3
2026-04-01,36,6,SH2,二車複,2=6,680,3
2026-04-01,36,6,ST2,二車単,6-2,700,4
2026-04-01,36,6,RH3,三連複,2=4=6,1420,4
2026-04-01,36,6,RT3,三連単,6-2-4,3870,13
2026-04-01,36,6,W,ワイド,2=6,330,3
2026-04-01,36,6,W,ワイド,4=6,300,2
2026-04-01,36,6,W,ワイド,2=4,1120,8
2026-04-01,36,7,SH2,二車複,5=7,150,1
2026-04-01,36,7,ST2,二車単,7-5,180,1
2026-04-01,36,7,RH3,三連複,1=5=7,170,1
2026-04-01,36,7,RT3,三連単,7-5-1,320,1
2026-04-01,36,7,W,ワイド,5=7,100,1
2026-04-01,36,7,W,ワイド,1=7,110,2
2026-04-01,36,7,W,ワイド,1=5,170,4
2026-04-02,36,1,SH2,二車複,3=7,1180,5
2026-04-02,36,1,ST2,二車単,3-7,1720,8
2026-04-02,36,1,RH3,三連複,3=6=7,6330,15
2026-04-02,36,1,RT3,三連単,3-7-6,14630,36
2026-04-02,36,1,W,ワイド,3=7,650,5
2026-04-02,36,1,W,ワイド,3=6,3660,18
2026-04-02,36,1,W,ワイド,6=7,3700,19
2026-04-02,36,2,SH2,二車複,3=6,840,3
2026-04-02,36,2,ST2,二車単,3-6,1040,5
2026-04-02,36,2,RH3,三連複,2=3=6,3950,15
2026-04-02,36,2,RT3,三連単,3-6-2,7550,25
2026-04-02,36,2,W,ワイド,3=6,560,8
2026-04-02,36,2,W,ワイド,2=3,660,11
2026-04-02,36,2,W,ワイド,2=6,2450,15
2026-04-02,36,3,SH2,二車複,1=7,270,2
2026-04-02,36,3,ST2,二車単,1-7,380,2
2026-04-02,36,3,RH3,三連複,1=3=7,3960,8
2026-04-02,36,3,RT3,三連単,1-7-3,6970,19
2026-04-02,36,3,W,ワイド,1=7,220,2
2026-04-02,36,3,W,ワイド,1=3,1010,9
2026-04-02,36,3,W,ワイド,3=7,2620,16
2026-04-02,36,4,SH2,二車複,3=7,320,2
2026-04-02,36,4,ST2,二車単,7-3,650,2
2026-04-02,36,4,RH3,三連複,3=4=7,1250,4
2026-04-02,36,4,RT3,三連単,7-3-4,3960,10
2026-04-02,36,4,W,ワイド,3=7,190,2
2026-04-02,36,4,W,ワイド,4=7,250,4
2026-04-02,36,4,W,ワイド,3=4,970,9
2026-04-02,36,5,SH2,二車複,1=5,320,2
2026-04-02,36,5,ST2,二車単,1-5,290,2
2026-04-02,36,5,RH3,三連複,1=5=7,490,3
2026-04-02,36,5,RT3,三連単,1-5-7,490,2
2026-04-02,36,5,W,ワイド,1=5,170,2
2026-04-02,36,5,W,ワイド,1=7,340,5
2026-04-02,36,5,W,ワイド,5=7,480,7
2026-04-02,36,6,SH2,二車複,1=3,1030,3
2026-04-02,36,6,ST2,二車単,3-1,11300,12
2026-04-02,36,6,RH3,三連複,1=3=4,910,3
2026-04-02,36,6,RT3,三連単,3-1-4,46710,46
2026-04-02,36,6,W,ワイド,1=3,280,3
2026-04-02,36,6,W,ワイド,3=4,630,7
2026-04-02,36,6,W,ワイド,1=4,200,2
2026-04-02,36,7,SH2,二車複,2=4,420,2
2026-04-02,36,7,ST2,二車単,2-4,360,2
2026-04-02,36,7,RH3,三連複,2=3=4,6590,12
2026-04-02,36,7,RT3,三連単,2-4-3,11710,19
2026-04-02,36,7,W,ワイド,2=4,210,3
2026-04-02,36,7,W,ワイド,2=3,1820,12
2026-04-02,36,7,W,ワイド,3=4,5480,19
2026-04-02,37,1,WH2,枠複,2=4,1660,8
2026-04-02,37,1,WT2,枠単,2-4,2870,11
2026-04-02,37,1,SH2,二車複,2=5,2510,7
2026-04-02,37,1,ST2,二車単,2-5,3270,11
2026-04-02,37,1,RH3,三連複,2=3=5,2700,9
2026-04-02,37,1,RT3,三連単,2-5-3,11630,34
2026-04-02,37,1,W,ワイド,2=5,1030,13
2026-04-02,37,1,W,ワイド,2=3,330,3
2026-04-02,37,1,W,ワイド,3=5,610,8
2026-04-02,37,2,WH2,枠複,5=6,930,5
2026-04-02,37,2,WT2,枠単,5-6,1800,7
2026-04-02,37,2,SH2,二車複,7=9,1440,7
2026-04-02,37,2,ST2,二車単,7-9,2650,11
2026-04-02,37,2,RH3,三連複,3=7=9,2500,10
2026-04-02,37,2,RT3,三連単,7-9-3,11600,42
2026-04-02,37,2,W,ワイド,7=9,520,7
2026-04-02,37,2,W,ワイド,3=7,690,11
2026-04-02,37,2,W,ワイド,3=9,520,6
2026-04-02,37,3,WH2,枠複,2=3,3830,12
2026-04-02,37,3,WT2,枠単,3-2,3910,17
2026-04-02,37,3,SH2,二車複,2=3,2260,11
2026-04-02,37,3,ST2,二車単,3-2,3430,15
2026-04-02,37,3,RH3,三連複,2=3=7,8760,29
2026-04-02,37,3,RT3,三連単,3-2-7,32050,101
2026-04-02,37,3,W,ワイド,2=3,920,13
2026-04-02,37,3,W,ワイド,3=7,700,11
2026-04-02,37,3,W,ワイド,2=7,1280,18
2026-04-02,37,4,WH2,枠複,2=6,310,1
2026-04-02,37,4,WT2,枠単,6-2,650,2
2026-04-02,37,4,SH2,二車複,2=9,300,1
2026-04-02,37,4,ST2,二車単,9-2,600,2
2026-04-02,37,4,RH3,三連複,2=5=9,600,1
2026-04-02,37,4,RT3,三連単,9-2-5,1970,2
2026-04-02,37,4,W,ワイド,2=9,170,1
2026-04-02,37,4,W,ワイド,5=9,360,6
2026-04-02,37,4,W,ワイド,2=5,220,2
2026-04-02,37,5,WH2,枠複,1=5,650,3
2026-04-02,37,5,WT2,枠単,1-5,1230,5
2026-04-02,37,5,SH2,二車複,1=7,650,4
2026-04-02,37,5,ST2,二車単,1-7,1190,4
2026-04-02,37,5,RH3,三連複,1=7=9,1640,8
2026-04-02,37,5,RT3,三連単,1-7-9,4670,11
2026-04-02,37,5,W,ワイド,1=7,240,1
2026-04-02,37,5,W,ワイド,1=9,300,5
2026-04-02,37,5,W,ワイド,7=9,800,11
2026-04-02,37,6,WH2,枠複,3=5,1690,3
2026-04-02,37,6,WT2,枠単,3-5,4760,9
2026-04-02,37,6,SH2,二車複,3=6,5790,12
2026-04-02,37,6,ST2,二車単,3-6,11230,17
2026-04-02,37,6,RH3,三連複,3=6=8,81620,67
2026-04-02,37,6,RT3,三連単,3-6-8,235750,201
2026-04-02,37,6,W,ワイド,3=6,3680,19
2026-04-02,37,6,W,ワイド,3=8,9180,31
2026-04-02,37,6,W,ワイド,6=8,14340,36
2026-04-02,37,7,WH2,枠複,2=5,220,1
2026-04-02,37,7,WT2,枠単,2-5,250,1
2026-04-02,37,7,SH2,二車複,2=7,160,1
2026-04-02,37,7,ST2,二車単,2-7,300,1
2026-04-02,37,7,RH3,三連複,2=7=8,600,1
2026-04-02,37,7,RT3,三連単,2-7-8,1080,1
2026-04-02,37,7,W,ワイド,2=7,170,1
2026-04-02,37,7,W,ワイド,2=8,300,4
2026-04-02,37,7,W,ワイド,7=8,530,8
2026-04-02,37,8,WH2,枠複,1=4,180,1
2026-04-02,37,8,WT2,枠単,4-1,450,2
2026-04-02,37,8,SH2,二車複,1=5,150,1
2026-04-02,37,8,ST2,二車単,5-1,440,2
2026-04-02,37,8,RH3,三連複,1=2=5,1190,3
2026-04-02,37,8,RT3,三連単,5-1-2,3500,7
2026-04-02,37,8,W,ワイド,1=5,120,1
2026-04-02,37,8,W,ワイド,2=5,600,8
2026-04-02,37,8,W,ワイド,1=2,380,6
2026-04-02,37,9,WH2,枠複,4=5,1340,5
2026-04-02,37,9,WT2,枠単,5-4,2010,8
2026-04-02,37,9,SH2,二車複,5=7,1740,3
2026-04-02,37,9,ST2,二車単,7-5,3330,9
2026-04-02,37,9,RH3,三連複,5=7=8,16450,34
2026-04-02,37,9,RT3,三連単,7-5-8,59080,112
2026-04-02,37,9,W,ワイド,5=7,840,11
2026-04-02,37,9,W,ワイド,7=8,3380,26
2026-04-02,37,9,W,ワイド,5=8,3020,25
2026-04-02,37,10,WH2,枠複,1=6,140,1
2026-04-02,37,10,WT2,枠単,1-6,300,1
2026-04-02,37,10,SH2,二車複,1=9,130,1
2026-04-02,37,10,ST2,二車単,1-9,320,2
2026-04-02,37,10,RH3,三連複,1=5=9,850,4
2026-04-02,37,10,RT3,三連単,1-9-5,2660,8
2026-04-02,37,10,W,ワイド,1=9,120,1
2026-04-02,37,10,W,ワイド,1=5,410,8
2026-04-02,37,10,W,ワイド,5=9,380,7
2026-04-02,37,11,WH2,枠複,1=5,130,1
2026-04-02,37,11,WT2,枠単,5-1,270,2
2026-04-02,37,11,SH2,二車複,1=7,120,1
2026-04-02,37,11,ST2,二車単,7-1,310,2
2026-04-02,37,11,RH3,三連複,1=5=7,260,1
2026-04-02,37,11,RT3,三連単,7-1-5,850,3
2026-04-02,37,11,W,ワイド,1=7,110,1
2026-04-02,37,11,W,ワイド,5=7,280,4
2026-04-02,37,11,W,ワイド,1=5,310,5
2026-04-02,37,12,WH2,枠複,3=4,1160,8
2026-04-02,37,12,WT2,枠単,3-4,2770,18
2026-04-02,37,12,SH2,二車複,3=4,10640,31
2026-04-02,37,12,ST2,二車単,3-4,17320,48
2026-04-02,37,12,RH3,三連複,1=3=4,11440,38
2026-04-02,37,12,RT3,三連単,3-4-1,123870,275
2026-04-02,37,12,W,ワイド,3=4,3330,31
2026-04-02,37,12,W,ワイド,1=3,250,1
2026-04-02,37,12,W,ワイド,1=4,2360,27
2026-04-02,44,1,SH2,二車複,1=7,770,2
2026-04-02,44,1,ST2,二車単,7-1,960,3
2026-04-02,44,1,RH3,三連複,1=3=7,830,3
2026-04-02,44,1,RT3,三連単,7-1-3,2390,6
2026-04-02,44,1,W,ワイド,1=7,300,4
2026-04-02,44,1,W,ワイド,3=7,430,7
2026-04-02,44,1,W,ワイド,1=3,390,6
2026-04-02,44,2,SH2,二車複,2=4,240,1
2026-04-02,44,2,ST2,二車単,2-4,380,1
2026-04-02,44,2,RH3,三連複,1=2=4,540,3
2026-04-02,44,2,RT3,三連単,2-4-1,1550,2
2026-04-02,44,2,W,ワイド,2=4,140,1
2026-04-02,44,2,W,ワイド,1=2,240,3
2026-04-02,44,2,W,ワイド,1=4,560,10
2026-04-02,44,3,SH2,二車複,4=5,590,2
2026-04-02,44,3,ST2,二車単,4-5,1120,3
2026-04-02,44,3,RH3,三連複,4=5=7,1520,4
2026-04-02,44,3,RT3,三連単,4-5-7,4890,12
2026-04-02,44,3,W,ワイド,4=5,330,4
2026-04-02,44,3,W,ワイド,4=7,1100,8
2026-04-02,44,3,W,ワイド,5=7,1150,9
2026-04-02,44,4,SH2,二車複,5=7,270,2
2026-04-02,44,4,ST2,二車単,7-5,550,3
2026-04-02,44,4,RH3,三連複,2=5=7,1100,4
2026-04-02,44,4,RT3,三連単,7-5-2,5220,15
2026-04-02,44,4,W,ワイド,5=7,180,2
2026-04-02,44,4,W,ワイド,2=7,690,9
2026-04-02,44,4,W,ワイド,2=5,430,6
2026-04-02,44,5,SH2,二車複,5=6,140,1
2026-04-02,44,5,ST2,二車単,5-6,180,1
2026-04-02,44,5,RH3,三連複,3=5=6,160,1
2026-04-02,44,5,RT3,三連単,5-6-3,280,1
2026-04-02,44,5,W,ワイド,5=6,100,1
2026-04-02,44,5,W,ワイド,3=5,120,2
2026-04-02,44,5,W,ワイド,3=6,160,3
2026-04-02,44,6,SH2,二車複,4=5,260,2
2026-04-02,44,6,ST2,二車単,4-5,280,2
2026-04-02,44,6,RH3,三連複,3=4=5,130,1
2026-04-02,44,6,RT3,三連単,4-5-3,430,2
2026-04-02,44,6,W,ワイド,4=5,120,2
2026-04-02,44,6,W,ワイド,3=4,100,1
2026-04-02,44,6,W,ワイド,3=5,140,3
2026-04-02,44,7,SH2,二車複,1=7,850,4
2026-04-02,44,7,ST2,二車単,1-7,1160,6
2026-04-02,44,7,RH3,三連複,1=4=7,590,2
2026-04-02,44,7,RT3,三連単,1-7-4,7080,25
2026-04-02,44,7,W,ワイド,1=7,200,2
2026-04-02,44,7,W,ワイド,1=4,230,5
2026-04-02,44,7,W,ワイド,4=7,190,1
2026-04-02,44,8,SH2,二車複,1=4,29250,21
2026-04-02,44,8,ST2,二車単,4-1,17390,29
2026-04-02,44,8,RH3,三連複,1=2=4,7650,18
2026-04-02,44,8,RT3,三連単,4-1-2,193640,147
2026-04-02,44,8,W,ワイド,1=4,4820,20
2026-04-02,44,8,W,ワイド,2=4,580,9
2026-04-02,44,8,W,ワイド,1=2,1560,16
2026-04-02,44,9,SH2,二車複,2=7,800,4
2026-04-02,44,9,ST2,二車単,2-7,1100,5
2026-04-02,44,9,RH3,三連複,2=6=7,3080,12
2026-04-02,44,9,RT3,三連単,2-7-6,7170,30
2026-04-02,44,9,W,ワイド,2=7,150,1
2026-04-02,44,9,W,ワイド,2=6,480,8
2026-04-02,44,9,W,ワイド,6=7,730,10
2026-04-02,44,10,SH2,二車複,2=5,150,1
2026-04-02,44,10,ST2,二車単,5-2,270,1
2026-04-02,44,10,RH3,三連複,2=4=5,260,1
2026-04-02,44,10,RT3,三連単,5-2-4,770,1
2026-04-02,44,10,W,ワイド,2=5,130,1
2026-04-02,44,10,W,ワイド,4=5,230,2
2026-04-02,44,10,W,ワイド,2=4,250,3
2026-04-02,44,11,SH2,二車複,3=6,440,2
2026-04-02,44,11,ST2,二車単,6-3,460,2
2026-04-02,44,11,RH3,三連複,3=4=6,260,1
2026-04-02,44,11,RT3,三連単,6-3-4,1050,4
2026-04-02,44,11,W,ワイド,3=6,150,3
2026-04-02,44,11,W,ワイド,4=6,110,1
2026-04-02,44,11,W,ワイド,3=4,320,5
2026-04-02,56,1,SH2,二車複,2=7,560,2
2026-04-02,56,1,ST2,二車単,2-7,1080,3
2026-04-02,56,1,RH3,三連複,1=2=7,960,5
2026-04-02,56,1,RT3,三連単,2-7-1,4460,13
2026-04-02,56,1,W,ワイド,2=7,200,2
2026-04-02,56,1,W,ワイド,1=2,430,5
2026-04-02,56,1,W,ワイド,1=7,410,4
2026-04-02,56,2,SH2,二車複,2=4,7930,15
2026-04-02,56,2,ST2,二車単,2-4,8180,23
2026-04-02,56,2,RH3,三連複,2=4=7,2860,11
2026-04-02,56,2,RT3,三連単,2-4-7,33790,87
2026-04-02,56,2,W,ワイド,2=4,1860,16
2026-04-02,56,2,W,ワイド,2=7,290,4
2026-04-02,56,2,W,ワイド,4=7,370,6
2026-04-02,56,3,SH2,二車複,3=5,180,1
2026-04-02,56,3,ST2,二車単,5-3,360,1
2026-04-02,56,3,RH3,三連複,3=4=5,350,1
2026-04-02,56,3,RT3,三連単,5-3-4,1080,1
2026-04-02,56,3,W,ワイド,3=5,140,1
2026-04-02,56,3,W,ワイド,4=5,180,2
2026-04-02,56,3,W,ワイド,3=4,250,4
2026-04-02,56,4,SH2,二車複,2=7,300,1
2026-04-02,56,4,ST2,二車単,2-7,540,1
2026-04-02,56,4,RH3,三連複,1=2=7,1740,8
2026-04-02,56,4,RT3,三連単,2-7-1,3410,10
2026-04-02,56,4,W,ワイド,2=7,200,2
2026-04-02,56,4,W,ワイド,1=2,440,6
2026-04-02,56,4,W,ワイド,1=7,1560,16
2026-04-02,56,5,SH2,二車複,1=4,790,4
2026-04-02,56,5,ST2,二車単,1-4,2120,8
2026-04-02,56,5,RH3,三連複,1=4=6,6590,23
2026-04-02,56,5,RT3,三連単,1-4-6,33450,88
2026-04-02,56,5,W,ワイド,1=4,420,5
2026-04-02,56,5,W,ワイド,1=6,980,12
2026-04-02,56,5,W,ワイド,4=6,1270,17
2026-04-02,56,6,SH2,二車複,3=6,330,1
2026-04-02,56,6,ST2,二車単,6-3,930,5
2026-04-02,56,6,RH3,三連複,3=6=7,1510,5
2026-04-02,56,6,RT3,三連単,6-3-7,8940,29
2026-04-02,56,6,W,ワイド,3=6,240,2
2026-04-02,56,6,W,ワイド,6=7,620,10
2026-04-02,56,6,W,ワイド,3=7,310,4
2026-04-02,56,7,SH2,二車複,3=7,2140,6
2026-04-02,56,7,ST2,二車単,3-7,3850,10
2026-04-02,56,7,RH3,三連複,2=3=7,5660,16
2026-04-02,56,7,RT3,三連単,3-7-2,36490,92
2026-04-02,56,7,W,ワイド,3=7,270,3
2026-04-02,56,7,W,ワイド,2=3,930,14
2026-04-02,56,7,W,ワイド,2=7,750,11
2026-04-02,56,8,SH2,二車複,2=6,970,4
2026-04-02,56,8,ST2,二車単,2-6,1330,6
2026-04-02,56,8,RH3,三連複,2=4=6,1060,4
2026-04-02,56,8,RT3,三連単,2-6-4,2500,7
2026-04-02,56,8,W,ワイド,2=6,440,6
2026-04-02,56,8,W,ワイド,2=4,220,2
2026-04-02,56,8,W,ワイド,4=6,650,10
2026-04-02,56,9,SH2,二車複,1=7,210,1
2026-04-02,56,9,ST2,二車単,7-1,320,1
2026-04-02,56,9,RH3,三連複,1=3=7,290,1
2026-04-02,56,9,RT3,三連単,7-1-3,780,1
2026-04-02,56,9,W,ワイド,1=7,130,1
2026-04-02,56,9,W,ワイド,3=7,160,2
2026-04-02,56,9,W,ワイド,1=3,180,3
2026-04-02,56,10,SH2,二車複,3=5,640,4
2026-04-02,56,10,ST2,二車単,5-3,1810,7
2026-04-02,56,10,RH3,三連複,1=3=5,1330,8
2026-04-02,56,10,RT3,三連単,5-3-1,7690,27
2026-04-02,56,10,W,ワイド,3=5,250,4
2026-04-02,56,10,W,ワイド,1=5,490,9
2026-04-02,56,10,W,ワイド,1=3,250,3
2026-04-02,56,11,SH2,二車複,2=4,310,2
2026-04-02,56,11,ST2,二車単,2-4,710,3
2026-04-02,56,11,RH3,三連複,2=4=5,1250,5
2026-04-02,56,11,RT3,三連単,2-4-5,4030,12
2026-04-02,56,11,W,ワイド,2=4,160,1
2026-04-02,56,11,W,ワイド,2=5,360,6
2026-04-02,56,11,W,ワイド,4=5,620,11
2026-04-02,56,12,SH2,二車複,2=7,3400,8
2026-04-02,56,12,ST2,二車単,2-7,11110,16
2026-04-02,56,12,RH3,三連複,2=4=7,15480,25
2026-04-02,56,12,RT3,三連単,2-7-4,143540,125
2026-04-02,56,12,W,ワイド,2=7,480,6
2026-04-02,56,12,W,ワイド,2=4,3380,18
2026-04-02,56,12,W,ワイド,4=7,1850,16
2026-04-02,81,1,SH2,二車複,2=4,1690,5
2026-04-02,81,1,ST2,二車単,2-4,2870,10
2026-04-02,81,1,RH3,三連複,2=4=5,1910,7
2026-04-02,81,1,RT3,三連単,2-4-5,8810,27
2026-04-02,81,1,W,ワイド,2=4,600,7
2026-04-02,81,1,W,ワイド,2=5,250,3
2026-04-02,81,1,W,ワイド,4=5,1130,13
2026-04-02,81,2,SH2,二車複,1=3,1040,3
2026-04-02,81,2,ST2,二車単,1-3,1330,5
2026-04-02,81,2,RH3,三連複,1=2=3,1050,4
2026-04-02,81,2,RT3,三連単,1-3-2,4020,11
2026-04-02,81,2,W,ワイド,1=3,450,6
2026-04-02,81,2,W,ワイド,1=2,330,4
2026-04-02,81,2,W,ワイド,2=3,640,9
2026-04-02,81,3,SH2,二車複,1=4,660,4
2026-04-02,81,3,ST2,二車単,1-4,920,1
2026-04-02,81,3,RH3,三連複,1=4=7,6130,22
2026-04-02,81,3,RT3,三連単,1-4-7,16430,68
2026-04-02,81,3,W,ワイド,1=4,280,1
2026-04-02,81,3,W,ワイド,1=7,1330,17
2026-04-02,81,3,W,ワイド,4=7,1890,19
2026-04-02,81,4,SH2,二車複,1=2,130,1
2026-04-02,81,4,ST2,二車単,1-2,350,2
2026-04-02,81,4,RH3,三連複,1=2=6,2560,7
2026-04-02,81,4,RT3,三連単,1-2-6,12260,23
2026-04-02,81,4,W,ワイド,1=2,120,1
2026-04-02,81,4,W,ワイド,1=6,1620,13
2026-04-02,81,4,W,ワイド,2=6,960,10
2026-04-02,81,5,SH2,二車複,1=2,270,1
2026-04-02,81,5,ST2,二車単,1-2,280,1
2026-04-02,81,5,RH3,三連複,1=2=3,270,1
2026-04-02,81,5,RT3,三連単,1-2-3,560,1
2026-04-02,81,5,W,ワイド,1=2,140,1
2026-04-02,81,5,W,ワイド,1=3,160,2
2026-04-02,81,5,W,ワイド,2=3,170,3
2026-04-02,81,6,SH2,二車複,1=6,180,1
2026-04-02,81,6,ST2,二車単,1-6,170,1
2026-04-02,81,6,RH3,三連複,1=5=6,260,1
2026-04-02,81,6,RT3,三連単,1-6-5,330,1
2026-04-02,81,6,W,ワイド,1=6,120,1
2026-04-02,81,6,W,ワイド,1=5,220,4
2026-04-02,81,6,W,ワイド,5=6,230,5
2026-04-02,81,7,SH2,二車複,1=2,130,1
2026-04-02,81,7,ST2,二車単,1-2,120,1
2026-04-02,81,7,RH3,三連複,1=2=4,160,1
2026-04-02,81,7,RT3,三連単,1-2-4,180,1
2026-04-02,81,7,W,ワイド,1=2,100,1
2026-04-02,81,7,W,ワイド,1=4,160,2
2026-04-02,81,7,W,ワイド,2=4,170,3
2026-04-02,84,1,SH2,二車複,5=6,160,1
2026-04-02,84,1,ST2,二車単,5-6,260,1
2026-04-02,84,1,RH3,三連複,2=5=6,270,1
2026-04-02,84,1,RT3,三連単,5-6-2,570,1
2026-04-02,84,1,W,ワイド,5=6,100,1
2026-04-02,84,1,W,ワイド,2=5,140,2
2026-04-02,84,1,W,ワイド,2=6,200,4
2026-04-02,84,2,SH2,二車複,1=7,210,1
2026-04-02,84,2,ST2,二車単,7-1,200,1
2026-04-02,84,2,RH3,三連複,1=3=7,710,3
2026-04-02,84,2,RT3,三連単,7-1-3,1490,6
2026-04-02,84,2,W,ワイド,1=7,140,1
2026-04-02,84,2,W,ワイド,3=7,180,4
2026-04-02,84,2,W,ワイド,1=3,550,8
2026-04-02,84,3,SH2,二車複,1=5,140,1
2026-04-02,84,3,ST2,二車単,5-1,230,1
2026-04-02,84,3,RH3,三連複,1=3=5,290,2
2026-04-02,84,3,RT3,三連単,5-1-3,550,1
2026-04-02,84,3,W,ワイド,1=5,130,1
2026-04-02,84,3,W,ワイド,3=5,240,5
2026-04-02,84,3,W,ワイド,1=3,190,2
2026-04-02,84,4,SH2,二車複,3=5,230,1
2026-04-02,84,4,ST2,二車単,5-3,370,1
2026-04-02,84,4,RH3,三連複,3=4=5,390,1
2026-04-02,84,4,RT3,三連単,5-3-4,1140,1
2026-04-02,84,4,W,ワイド,3=5,140,1
2026-04-02,84,4,W,ワイド,4=5,200,2
2026-04-02,84,4,W,ワイド,3=4,300,5
2026-04-02,84,5,SH2,二車複,2=4,120,1
2026-04-02,84,5,ST2,二車単,4-2,450,2
2026-04-02,84,5,RH3,三連複,2=4=6,240,1
2026-04-02,84,5,RT3,三連単,4-2-6,800,2
2026-04-02,84,5,W,ワイド,2=4,120,1
2026-04-02,84,5,W,ワイド,4=6,220,3
2026-04-02,84,5,W,ワイド,2=6,190,2
2026-04-02,84,6,SH2,二車複,2=4,4070,12
2026-04-02,84,6,ST2,二車単,2-4,25860,38
2026-04-02,84,6,RH3,三連複,2=4=6,3420,11
2026-04-02,84,6,RT3,三連単,2-4-6,62100,124
2026-04-02,84,6,W,ワイド,2=4,2150,19
2026-04-02,84,6,W,ワイド,2=6,980,12
2026-04-02,84,6,W,ワイド,4=6,680,9
2026-04-02,84,7,SH2,二車複,1=5,100,1
2026-04-02,84,7,ST2,二車単,1-5,170,1
2026-04-02,84,7,RH3,三連複,1=3=5,130,1
2026-04-02,84,7,RT3,三連単,1-5-3,230,1
2026-04-02,84,7,W,ワイド,1=5,100,1
2026-04-02,84,7,W,ワイド,1=3,130,3
2026-04-02,84,7,W,ワイド,3=5,130,2
2026-04-03,24,1,SH2,二車複,1=2,200,1
2026-04-03,24,1,ST2,二車単,1-2,270,1
2026-04-03,24,1,RH3,三連複,1=2=4,340,1
2026-04-03,24,1,RT3,三連単,1-2-4,490,1
2026-04-03,24,1,W,ワイド,1=2,120,1
2026-04-03,24,1,W,ワイド,1=4,180,2
2026-04-03,24,1,W,ワイド,2=4,280,4
2026-04-03,24,2,SH2,二車複,2=4,300,1
2026-04-03,24,2,ST2,二車単,2-4,380,1
2026-04-03,24,2,RH3,三連複,1=2=4,450,1
2026-04-03,24,2,RT3,三連単,2-4-1,1170,1
2026-04-03,24,2,W,ワイド,2=4,190,3
2026-04-03,24,2,W,ワイド,1=2,130,1
2026-04-03,24,2,W,ワイド,1=4,180,2
2026-04-03,24,3,SH2,二車複,1=2,130,1
2026-04-03,24,3,ST2,二車単,2-1,240,1
2026-04-03,24,3,RH3,三連複,1=2=5,170,1
2026-04-03,24,3,RT3,三連単,2-1-5,400,1
2026-04-03,24,3,W,ワイド,1=2,100,1
2026-04-03,24,3,W,ワイド,2=5,160,3
2026-04-03,24,3,W,ワイド,1=5,140,2
2026-04-03,24,4,SH2,二車複,1=4,290,1
2026-04-03,24,4,ST2,二車単,1-4,390,1
2026-04-03,24,4,RH3,三連複,1=3=4,490,2
2026-04-03,24,4,RT3,三連単,1-4-3,1320,2
2026-04-03,24,4,W,ワイド,1=4,180,1
2026-04-03,24,4,W,ワイド,1=3,190,2
2026-04-03,24,4,W,ワイド,3=4,320,6
2026-04-03,24,5,SH2,二車複,1=2,520,3
2026-04-03,24,5,ST2,二車単,2-1,830,3
2026-04-03,24,5,RH3,三連複,1=2=3,530,2
2026-04-03,24,5,RT3,三連単,2-1-3,2150,4
2026-04-03,24,5,W,ワイド,1=2,180,2
2026-04-03,24,5,W,ワイド,2=3,320,5
2026-04-03,24,5,W,ワイド,1=3,180,1
2026-04-03,24,6,SH2,二車複,1=2,370,2
2026-04-03,24,6,ST2,二車単,2-1,1790,6
2026-04-03,24,6,RH3,三連複,1=2=4,750,3
2026-04-03,24,6,RT3,三連単,2-1-4,7860,29
2026-04-03,24,6,W,ワイド,1=2,160,1
2026-04-03,24,6,W,ワイド,2=4,600,9
2026-04-03,24,6,W,ワイド,1=4,170,2
2026-04-03,24,7,SH2,二車複,1=3,310,1
2026-04-03,24,7,ST2,二車単,1-3,460,1
2026-04-03,24,7,RH3,三連複,1=3=4,590,1
2026-04-03,24,7,RT3,三連単,1-3-4,1640,2
2026-04-03,24,7,W,ワイド,1=3,180,1
2026-04-03,24,7,W,ワイド,1=4,180,2
2026-04-03,24,7,W,ワイド,3=4,420,8
2026-04-03,44,1,SH2,二車複,1=3,440,2
2026-04-03,44,1,ST2,二車単,1-3,1510,6
2026-04-03,44,1,RH3,三連複,1=2=3,1280,6
2026-04-03,44,1,RT3,三連単,1-3-2,5480,21
2026-04-03,44,1,W,ワイド,1=3,310,4
2026-04-03,44,1,W,ワイド,1=2,580,9
2026-04-03,44,1,W,ワイド,2=3,430,8
2026-04-03,44,2,SH2,二車複,2=6,310,1
2026-04-03,44,2,ST2,二車単,6-2,580,2
2026-04-03,44,2,RH3,三連複,2=3=6,350,1
2026-04-03,44,2,RT3,三連単,6-2-3,1400,2
2026-04-03,44,2,W,ワイド,2=6,190,4
2026-04-03,44,2,W,ワイド,3=6,210,5
2026-04-03,44,2,W,ワイド,2=3,160,1
2026-04-03,44,3,SH2,二車複,3=4,2520,9
2026-04-03,44,3,ST2,二車単,3-4,3390,8
2026-04-03,44,3,RH3,三連複,1=3=4,3480,11
2026-04-03,44,3,RT3,三連単,3-4-1,20610,51
2026-04-03,44,3,W,ワイド,3=4,590,6
2026-04-03,44,3,W,ワイド,1=3,300,4
2026-04-03,44,3,W,ワイド,1=4,1320,13
2026-04-03,44,4,SH2,二車複,3=4,960,4
2026-04-03,44,4,ST2,二車単,4-3,3730,11
2026-04-03,44,4,RH3,三連複,3=4=6,380,2
2026-04-03,44,4,RT3,三連単,4-3-6,8550,24
2026-04-03,44,4,W,ワイド,3=4,190,4
2026-04-03,44,4,W,ワイド,4=6,160,2
2026-04-03,44,4,W,ワイド,3=6,100,1
2026-04-03,44,5,SH2,二車複,4=5,2690,7
2026-04-03,44,5,ST2,二車単,5-4,3570,9
2026-04-03,44,5,RH3,三連複,3=4=5,1470,5
2026-04-03,44,5,RT3,三連単,5-4-3,9260,29
2026-04-03,44,5,W,ワイド,4=5,370,7
2026-04-03,44,5,W,ワイド,3=5,140,1
2026-04-03,44,5,W,ワイド,3=4,680,11
2026-04-03,44,6,SH2,二車複,5=6,250,2
2026-04-03,44,6,ST2,二車単,6-5,2210,5
2026-04-03,44,6,RH3,三連複,1=5=6,850,3
2026-04-03,44,6,RT3,三連単,6-5-1,10170,31
2026-04-03,44,6,W,ワイド,5=6,150,2
2026-04-03,44,6,W,ワイド,1=6,610,9
2026-04-03,44,6,W,ワイド,1=5,340,5
2026-04-03,44,7,SH2,二車複,1=3,650,3
2026-04-03,44,7,ST2,二車単,1-3,830,2
2026-04-03,44,7,RH3,三連複,1=3=6,2760,11
2026-04-03,44,7,RT3,三連単,1-3-6,6720,25
2026-04-03,44,7,W,ワイド,1=3,240,2
2026-04-03,44,7,W,ワイド,1=6,310,4
2026-04-03,44,7,W,ワイド,3=6,1390,16
2026-04-03,44,8,SH2,二車複,2=6,8690,16
2026-04-03,44,8,ST2,二車単,2-6,17440,32
2026-04-03,44,8,RH3,三連複,2=5=6,18500,31
2026-04-03,44,8,RT3,三連単,2-6-5,194560,182
2026-04-03,44,8,W,ワイド,2=6,3550,19
2026-04-03,44,8,W,ワイド,2=5,600,7
2026-04-03,44,8,W,ワイド,5=6,3180,17
2026-04-03,44,9,SH2,二車複,4=5,220,1
2026-04-03,44,9,ST2,二車単,5-4,370,1
2026-04-03,44,9,RH3,三連複,4=5=6,780,3
2026-04-03,44,9,RT3,三連単,5-4-6,2630,8
2026-04-03,44,9,W,ワイド,4=5,140,1
2026-04-03,44,9,W,ワイド,5=6,450,6
2026-04-03,44,9,W,ワイド,4=6,450,6
2026-04-03,44,10,SH2,二車複,2=6,140,1
2026-04-03,44,10,ST2,二車単,2-6,170,1
2026-04-03,44,10,RH3,三連複,2=4=6,610,3
2026-04-03,44,10,RT3,三連単,2-6-4,850,4
2026-04-03,44,10,W,ワイド,2=6,100,1
2026-04-03,44,10,W,ワイド,2=4,370,6
2026-04-03,44,10,W,ワイド,4=6,530,8
2026-04-03,44,11,SH2,二車複,2=7,670,3
2026-04-03,44,11,ST2,二車単,7-2,830,4
2026-04-03,44,11,RH3,三連複,2=4=7,1450,5
2026-04-03,44,11,RT3,三連単,7-2-4,1790,4
2026-04-03,44,11,W,ワイド,2=7,380,4
2026-04-03,44,11,W,ワイド,4=7,710,11
2026-04-03,44,11,W,ワイド,2=4,1020,12
2026-04-03,56,1,SH2,二車複,2=5,430,2
2026-04-03,56,1,ST2,二車単,2-5,770,2
2026-04-03,56,1,RH3,三連複,2=3=5,790,3
2026-04-03,56,1,RT3,三連単,2-5-3,3530,11
2026-04-03,56,1,W,ワイド,2=5,170,2
2026-04-03,56,1,W,ワイド,2=3,360,7
2026-04-03,56,1,W,ワイド,3=5,280,4
2026-04-03,56,2,SH2,二車複,1=7,630,3
2026-04-03,56,2,ST2,二車単,1-7,1430,7
2026-04-03,56,2,RH3,三連複,1=3=7,1950,9
2026-04-03,56,2,RT3,三連単,1-7-3,9130,38
2026-04-03,56,2,W,ワイド,1=7,400,7
2026-04-03,56,2,W,ワイド,1=3,450,9
2026-04-03,56,2,W,ワイド,3=7,640,11
2026-04-03,56,3,SH2,二車複,3=4,200,1
2026-04-03,56,3,ST2,二車単,3-4,270,1
2026-04-03,56,3,RH3,三連複,3=4=5,150,1
2026-04-03,56,3,RT3,三連単,3-4-5,360,1
2026-04-03,56,3,W,ワイド,3=4,110,1
2026-04-03,56,3,W,ワイド,3=5,140,2
2026-04-03,56,3,W,ワイド,4=5,190,3
2026-04-03,56,4,SH2,二車複,3=5,850,3
2026-04-03,56,4,ST2,二車単,3-5,2250,6
2026-04-03,56,4,RH3,三連複,3=5=6,5970,15
2026-04-03,56,4,RT3,三連単,3-5-6,28240,69
2026-04-03,56,4,W,ワイド,3=5,210,3
2026-04-03,56,4,W,ワイド,3=6,550,5
2026-04-03,56,4,W,ワイド,5=6,820,11
2026-04-03,56,5,SH2,二車複,2=5,370,2
2026-04-03,56,5,ST2,二車単,5-2,440,2
2026-04-03,56,5,RH3,三連複,2=5=6,190,1
2026-04-03,56,5,RT3,三連単,5-2-6,580,2
2026-04-03,56,5,W,ワイド,2=5,160,3
2026-04-03,56,5,W,ワイド,5=6,130,1
2026-04-03,56,5,W,ワイド,2=6,190,4
2026-04-03,56,6,SH2,二車複,1=5,1930,6
2026-04-03,56,6,ST2,二車単,1-5,3000,11
2026-04-03,56,6,RH3,三連複,1=5=6,5440,21
2026-04-03,56,6,RT3,三連単,1-5-6,13060,45
2026-04-03,56,6,W,ワイド,1=5,790,12
2026-04-03,56,6,W,ワイド,1=6,1700,19
2026-04-03,56,6,W,ワイド,5=6,1680,18
2026-04-03,56,7,SH2,二車複,2=3,1620,9
2026-04-03,56,7,ST2,二車単,3-2,2420,12
2026-04-03,56,7,RH3,三連複,1=2=3,2130,11
2026-04-03,56,7,RT3,三連単,3-2-1,8030,31
2026-04-03,56,7,W,ワイド,2=3,360,6
2026-04-03,56,7,W,ワイド,1=3,360,7
2026-04-03,56,7,W,ワイド,1=2,600,12
2026-04-03,56,8,SH2,二車複,1=5,580,2
2026-04-03,56,8,ST2,二車単,1-5,710,2
2026-04-03,56,8,RH3,三連複,1=5=7,1130,4
2026-04-03,56,8,RT3,三連単,1-5-7,4680,12
2026-04-03,56,8,W,ワイド,1=5,240,2
2026-04-03,56,8,W,ワイド,1=7,270,3
2026-04-03,56,8,W,ワイド,5=7,720,13
2026-04-03,56,9,SH2,二車複,1=7,250,1
2026-04-03,56,9,ST2,二車単,1-7,440,1
2026-04-03,56,9,RH3,三連複,1=2=7,1280,6
2026-04-03,56,9,RT3,三連単,1-7-2,1800,2
2026-04-03,56,9,W,ワイド,1=7,180,1
2026-04-03,56,9,W,ワイド,1=2,330,5
2026-04-03,56,9,W,ワイド,2=7,750,11
2026-04-03,56,10,SH2,二車複,4=7,1090,3
2026-04-03,56,10,ST2,二車単,4-7,1430,4
2026-04-03,56,10,RH3,三連複,4=5=7,460,2
2026-04-03,56,10,RT3,三連単,4-7-5,3260,8
2026-04-03,56,10,W,ワイド,4=7,210,4
2026-04-03,56,10,W,ワイド,4=5,110,1
2026-04-03,56,10,W,ワイド,5=7,280,5
2026-04-03,56,11,SH2,二車複,5=7,140,1
2026-04-03,56,11,ST2,二車単,7-5,190,1
2026-04-03,56,11,RH3,三連複,4=5=7,960,3
2026-04-03,56,11,RT3,三連単,7-5-4,1570,4
2026-04-03,56,11,W,ワイド,5=7,120,1
2026-04-03,56,11,W,ワイド,4=7,250,4
2026-04-03,56,11,W,ワイド,4=5,520,8
2026-04-03,56,12,SH2,二車複,1=2,520,2
2026-04-03,56,12,ST2,二車単,2-1,850,2
2026-04-03,56,12,RH3,三連複,1=2=7,2260,9
2026-04-03,56,12,RT3,三連単,2-1-7,6160,22
2026-04-03,56,12,W,ワイド,1=2,270,2
2026-04-03,56,12,W,ワイド,2=7,850,13
2026-04-03,56,12,W,ワイド,1=7,680,12
2026-04-03,61,1,SH2,二車複,5=7,580,2
2026-04-03,61,1,ST2,二車単,7-5,1210,4
2026-04-03,61,1,RH3,三連複,1=5=7,1130,4
2026-04-03,61,1,RT3,三連単,7-5-1,2860,8
2026-04-03,61,1,W,ワイド,5=7,240,3
2026-04-03,61,1,W,ワイド,1=7,200,2
2026-04-03,61,1,W,ワイド,1=5,860,9
2026-04-03,61,2,SH2,二車複,3=7,1440,7
2026-04-03,61,2,ST2,二車単,7-3,1990,8
2026-04-03,61,2,RH3,三連複,3=4=7,4310,14
2026-04-03,61,2,RT3,三連単,7-3-4,13840,42
2026-04-03,61,2,W,ワイド,3=7,530,7
2026-04-03,61,2,W,ワイド,4=7,970,15
2026-04-03,61,2,W,ワイド,3=4,2230,20
2026-04-03,61,3,SH2,二車複,1=5,1140,4
2026-04-03,61,3,ST2,二車単,5-1,2520,11
2026-04-03,61,3,RH3,三連複,1=3=5,2020,7
2026-04-03,61,3,RT3,三連単,5-1-3,11180,39
2026-04-03,61,3,W,ワイド,1=5,340,6
2026-04-03,61,3,W,ワイド,3=5,280,2
2026-04-03,61,3,W,ワイド,1=3,950,12
2026-04-03,61,4,SH2,二車複,1=6,3880,12
2026-04-03,61,4,ST2,二車単,6-1,12250,26
2026-04-03,61,4,RH3,三連複,1=2=6,5220,16
2026-04-03,61,4,RT3,三連単,6-1-2,44920,94
2026-04-03,61,4,W,ワイド,1=6,1350,14
2026-04-03,61,4,W,ワイド,2=6,1150,13
2026-04-03,61,4,W,ワイド,1=2,170,2
2026-04-03,61,5,SH2,二車複,4=7,1110,2
2026-04-03,61,5,ST2,二車単,7-4,1330,5
2026-04-03,61,5,RH3,三連複,2=4=7,1840,6
2026-04-03,61,5,RT3,三連単,7-4-2,2800,6
2026-04-03,61,5,W,ワイド,4=7,590,2
2026-04-03,61,5,W,ワイド,2=7,760,5
2026-04-03,61,5,W,ワイド,2=4,1620,9
2026-04-03,61,6,SH2,二車複,4=7,880,5
2026-04-03,61,6,ST2,二車単,4-7,1150,4
2026-04-03,61,6,RH3,三連複,2=4=7,1780,9
2026-04-03,61,6,RT3,三連単,4-7-2,3990,9
2026-04-03,61,6,W,ワイド,4=7,320,4
2026-04-03,61,6,W,ワイド,2=4,270,3
2026-04-03,61,6,W,ワイド,2=7,1030,16
2026-04-03,61,7,SH2,二車複,1=2,140,1
2026-04-03,61,7,ST2,二車単,2-1,280,2
2026-04-03,61,7,RH3,三連複,1=2=7,370,2
2026-04-03,61,7,RT3,三連単,2-1-7,960,3
2026-04-03,61,7,W,ワイド,1=2,120,1
2026-04-03,61,7,W,ワイド,2=7,270,4
2026-04-03,61,7,W,ワイド,1=7,300,6
2026-04-03,61,8,SH2,二車複,3=7,2230,11
2026-04-03,61,8,ST2,二車単,3-7,2220,9
2026-04-03,61,8,RH3,三連複,3=5=7,1700,9
2026-04-03,61,8,RT3,三連単,3-7-5,10580,42
2026-04-03,61,8,W,ワイド,3=7,470,9
2026-04-03,61,8,W,ワイド,3=5,260,2
2026-04-03,61,8,W,ワイド,5=7,390,5
2026-04-03,61,9,SH2,二車複,1=4,4000,9
2026-04-03,61,9,ST2,二車単,4-1,5360,13
2026-04-03,61,9,RH3,三連複,1=4=5,17730,30
2026-04-03,61,9,RT3,三連単,4-1-5,78600,123
2026-04-03,61,9,W,ワイド,1=4,260,3
2026-04-03,61,9,W,ワイド,4=5,1170,13
2026-04-03,61,9,W,ワイド,1=5,1660,16
2026-04-03,61,10,SH2,二車複,1=2,490,2
2026-04-03,61,10,ST2,二車単,2-1,850,2
2026-04-03,61,10,RH3,三連複,1=2=7,560,2
2026-04-03,61,10,RT3,三連単,2-1-7,2550,4
2026-04-03,61,10,W,ワイド,1=2,200,1
2026-04-03,61,10,W,ワイド,2=7,300,6
2026-04-03,61,10,W,ワイド,1=7,260,5
2026-04-03,61,11,SH2,二車複,2=6,1750,7
2026-04-03,61,11,ST2,二車単,2-6,3010,12
2026-04-03,61,11,RH3,三連複,1=2=6,3720,16
2026-04-03,61,11,RT3,三連単,2-6-1,15920,59
2026-04-03,61,11,W,ワイド,2=6,750,11
2026-04-03,61,11,W,ワイド,1=2,310,5
2026-04-03,61,11,W,ワイド,1=6,1170,18
2026-04-03,61,12,SH2,二車複,2=7,210,1
2026-04-03,61,12,ST2,二車単,7-2,250,1
2026-04-03,61,12,RH3,三連複,2=5=7,1390,6
2026-04-03,61,12,RT3,三連単,7-2-5,2470,8
2026-04-03,61,12,W,ワイド,2=7,120,1
2026-04-03,61,12,W,ワイド,5=7,270,3
2026-04-03,61,12,W,ワイド,2=5,770,10
2026-04-03,84,1,SH2,二車複,4=5,190,1
2026-04-03,84,1,ST2,二車単,4-5,260,1
2026-04-03,84,1,RH3,三連複,4=5=6,410,2
2026-04-03,84,1,RT3,三連単,4-5-6,740,2
2026-04-03,84,1,W,ワイド,4=5,120,1
2026-04-03,84,1,W,ワイド,4=6,190,3
2026-04-03,84,1,W,ワイド,5=6,430,6
2026-04-03,84,2,SH2,二車複,3=4,150,1
2026-04-03,84,2,ST2,二車単,3-4,170,1
2026-04-03,84,2,RH3,三連複,2=3=4,380,2
2026-04-03,84,2,RT3,三連単,3-4-2,740,3
2026-04-03,84,2,W,ワイド,3=4,100,1
2026-04-03,84,2,W,ワイド,2=3,220,4
2026-04-03,84,2,W,ワイド,2=4,450,8
2026-04-03,84,3,SH2,二車複,2=3,480,3
2026-04-03,84,3,ST2,二車単,3-2,590,2
2026-04-03,84,3,RH3,三連複,1=2=3,680,3
2026-04-03,84,3,RT3,三連単,3-2-1,2060,5
2026-04-03,84,3,W,ワイド,2=3,280,4
2026-04-03,84,3,W,ワイド,1=3,180,2
2026-04-03,84,3,W,ワイド,1=2,570,11
2026-04-03,84,4,SH2,二車複,1=5,490,3
2026-04-03,84,4,ST2,二車単,5-1,1180,7
2026-04-03,84,4,RH3,三連複,1=3=5,670,3
2026-04-03,84,4,RT3,三連単,5-1-3,2590,9
2026-04-03,84,4,W,ワイド,1=5,330,7
2026-04-03,84,4,W,ワイド,3=5,490,9
2026-04-03,84,4,W,ワイド,1=3,260,4
2026-04-03,84,5,SH2,二車複,4=5,2880,7
2026-04-03,84,5,ST2,二車単,5-4,10470,23
2026-04-03,84,5,RH3,三連複,4=5=6,11490,20
2026-04-03,84,5,RT3,三連単,5-4-6,130600,147
2026-04-03,84,5,W,ワイド,4=5,320,3
2026-04-03,84,5,W,ワイド,5=6,4360,20
2026-04-03,84,5,W,ワイド,4=6,1090,11
2026-04-03,84,6,SH2,二車複,1=2,1590,6
2026-04-03,84,6,ST2,二車単,2-1,2600,8
2026-04-03,84,6,RH3,三連複,1=2=7,1670,6
2026-04-03,84,6,RT3,三連単,2-1-7,10120,34
2026-04-03,84,6,W,ワイド,1=2,620,9
2026-04-03,84,6,W,ワイド,2=7,890,11
2026-04-03,84,6,W,ワイド,1=7,340,4
2026-04-03,84,7,SH2,二車複,1=7,100,1
2026-04-03,84,7,ST2,二車単,7-1,160,1
2026-04-03,84,7,RH3,三連複,1=6=7,1250,3
2026-04-03,84,7,RT3,三連単,7-1-6,2150,5
2026-04-03,84,7,W,ワイド,1=7,100,1
2026-04-03,84,7,W,ワイド,6=7,930,9
2026-04-03,84,7,W,ワイド,1=6,680,8
2026-04-04,13,1,SH2,二車複,1=3,200,1
2026-04-04,13,1,ST2,二車単,1-3,230,1
2026-04-04,13,1,RH3,三連複,1=3=7,2010,6
2026-04-04,13,1,RT3,三連単,1-3-7,3570,13
2026-04-04,13,1,W,ワイド,1=3,150,1
2026-04-04,13,1,W,ワイド,1=7,480,8
2026-04-04,13,1,W,ワイド,3=7,1400,12
2026-04-04,13,2,SH2,二車複,1=5,1280,4
2026-04-04,13,2,ST2,二車単,1-5,1250,4
2026-04-04,13,2,RH3,三連複,1=3=5,990,4
2026-04-04,13,2,RT3,三連単,1-5-3,3370,11
2026-04-04,13,2,W,ワイド,1=5,370,6
2026-04-04,13,2,W,ワイド,1=3,160,1
2026-04-04,13,2,W,ワイド,3=5,680,9
2026-04-04,13,3,SH2,二車複,2=3,220,1
2026-04-04,13,3,ST2,二車単,2-3,730,3
2026-04-04,13,3,RH3,三連複,2=3=5,950,4
2026-04-04,13,3,RT3,三連単,2-3-5,3660,14
2026-04-04,13,3,W,ワイド,2=3,220,4
2026-04-04,13,3,W,ワイド,2=5,350,7
2026-04-04,13,3,W,ワイド,3=5,220,3
2026-04-04,13,4,SH2,二車複,1=2,130,1
2026-04-04,13,4,ST2,二車単,1-2,200,1
2026-04-04,13,4,RH3,三連複,1=2=3,120,1
2026-04-04,13,4,RT3,三連単,1-2-3,240,1
2026-04-04,13,4,W,ワイド,1=2,100,1
2026-04-04,13,4,W,ワイド,1=3,120,3
2026-04-04,13,4,W,ワイド,2=3,100,2
2026-04-04,13,5,SH2,二車複,1=4,170,1
2026-04-04,13,5,ST2,二車単,4-1,630,2
2026-04-04,13,5,RH3,三連複,1=4=6,220,1
2026-04-04,13,5,RT3,三連単,4-1-6,1180,4
2026-04-04,13,5,W,ワイド,1=4,110,1
2026-04-04,13,5,W,ワイド,4=6,230,5
2026-04-04,13,5,W,ワイド,1=6,130,2
2026-04-04,13,6,SH2,二車複,1=2,140,1
2026-04-04,13,6,ST2,二車単,2-1,210,1
2026-04-04,13,6,RH3,三連複,1=2=3,130,1
2026-04-04,13,6,RT3,三連単,2-1-3,260,1
2026-04-04,13,6,W,ワイド,1=2,100,1
2026-04-04,13,6,W,ワイド,2=3,120,3
2026-04-04,13,6,W,ワイド,1=3,110,2
2026-04-04,13,7,SH2,二車複,2=4,1640,7
2026-04-04,13,7,ST2,二車単,4-2,3630,12
2026-04-04,13,7,RH3,三連複,2=4=6,2100,8
2026-04-04,13,7,RT3,三連単,4-2-6,16150,57
2026-04-04,13,7,W,ワイド,2=4,490,5
2026-04-04,13,7,W,ワイド,4=6,810,14
2026-04-04,13,7,W,ワイド,2=6,530,7
2026-04-04,37,1,WH2,枠複,3=6,260,1
2026-04-04,37,1,WT2,枠単,3-6,340,1
2026-04-04,37,1,SH2,二車複,3=7,250,1
2026-04-04,37,1,ST2,二車単,3-7,350,1
2026-04-04,37,1,RH3,三連複,2=3=7,560,1
2026-04-04,37,1,RT3,三連単,3-7-2,1240,2
2026-04-04,37,1,W,ワイド,3=7,150,1
2026-04-04,37,1,W,ワイド,2=3,200,2
2026-04-04,37,1,W,ワイド,2=7,440,7
2026-04-04,37,2,WH2,枠複,5=6,1470,6
2026-04-04,37,2,WT2,枠単,5-6,3220,11
2026-04-04,37,2,SH2,二車複,5=8,10970,19
2026-04-04,37,2,ST2,二車単,5-8,13690,29
2026-04-04,37,2,RH3,三連複,4=5=8,18460,34
2026-04-04,37,2,RT3,三連単,5-8-4,123580,156
2026-04-04,37,2,W,ワイド,5=8,1680,14
2026-04-04,37,2,W,ワイド,4=5,390,5
2026-04-04,37,2,W,ワイド,4=8,3570,24
2026-04-04,37,3,WH2,枠複,2=4,220,1
2026-04-04,37,3,WT2,枠単,2-4,500,2
2026-04-04,37,3,SH2,二車複,2=4,220,1
2026-04-04,37,3,ST2,二車単,2-4,550,2
2026-04-04,37,3,RH3,三連複,2=4=7,610,2
2026-04-04,37,3,RT3,三連単,2-4-7,2180,5
2026-04-04,37,3,W,ワイド,2=4,140,1
2026-04-04,37,3,W,ワイド,2=7,280,3
2026-04-04,37,3,W,ワイド,4=7,290,4
2026-04-04,37,4,WH2,枠複,3=6,620,2
2026-04-04,37,4,WT2,枠単,6-3,1380,6
2026-04-04,37,4,SH2,二車複,3=9,660,2
2026-04-04,37,4,ST2,二車単,9-3,1430,6
2026-04-04,37,4,RH3,三連複,3=6=9,6530,18
2026-04-04,37,4,RT3,三連単,9-3-6,25460,66
2026-04-04,37,4,W,ワイド,3=9,330,3
2026-04-04,37,4,W,ワイド,6=9,940,12
2026-04-04,37,4,W,ワイド,3=6,1730,20
2026-04-04,37,5,WH2,枠複,3=4,1420,7
2026-04-04,37,5,WT2,枠単,4-3,2300,8
2026-04-04,37,5,SH2,二車複,3=5,1330,4
2026-04-04,37,5,ST2,二車単,5-3,2000,6
2026-04-04,37,5,RH3,三連複,1=3=5,1110,3
2026-04-04,37,5,RT3,三連単,5-3-1,8030,21
2026-04-04,37,5,W,ワイド,3=5,420,5
2026-04-04,37,5,W,ワイド,1=5,240,3
2026-04-04,37,5,W,ワイド,1=3,240,2
2026-04-04,37,6,WH2,枠複,1=6,690,2
2026-04-04,37,6,WT2,枠単,1-6,1040,2
2026-04-04,37,6,SH2,二車複,1=9,650,2
2026-04-04,37,6,ST2,二車単,1-9,1290,2
2026-04-04,37,6,RH3,三連複,1=8=9,9910,29
2026-04-04,37,6,RT3,三連単,1-9-8,21160,74
2026-04-04,37,6,W,ワイド,1=9,280,2
2026-04-04,37,6,W,ワイド,1=8,890,13
2026-04-04,37,6,W,ワイド,8=9,1640,23
2026-04-04,37,7,WH2,枠複,1=3,2780,13
2026-04-04,37,7,WT2,枠単,1-3,4100,19
2026-04-04,37,7,SH2,二車複,1=3,2090,10
2026-04-04,37,7,ST2,二車単,1-3,2680,12
2026-04-04,37,7,RH3,三連複,1=2=3,2110,7
2026-04-04,37,7,RT3,三連単,1-3-2,11230,41
2026-04-04,37,7,W,ワイド,1=3,630,10
2026-04-04,37,7,W,ワイド,1=2,220,1
2026-04-04,37,7,W,ワイド,2=3,440,7
2026-04-04,37,8,WH2,枠複,1=6,540,2
2026-04-04,37,8,WT2,枠単,6-1,730,2
2026-04-04,37,8,SH2,二車複,1=9,650,3
2026-04-04,37,8,ST2,二車単,9-1,730,2
2026-04-04,37,8,RH3,三連複,1=7=9,2450,10
2026-04-04,37,8,RT3,三連単,9-1-7,5620,18
2026-04-04,37,8,W,ワイド,1=9,360,5
2026-04-04,37,8,W,ワイド,7=9,360,6
2026-04-04,37,8,W,ワイド,1=7,1870,22
2026-04-04,37,9,WH2,枠複,1=4,190,1
2026-04-04,37,9,WT2,枠単,1-4,440,2
2026-04-04,37,9,SH2,二車複,1=4,210,1
2026-04-04,37,9,ST2,二車単,1-4,460,2
2026-04-04,37,9,RH3,三連複,1=4=6,710,2
2026-04-04,37,9,RT3,三連単,1-4-6,1960,4
2026-04-04,37,9,W,ワイド,1=4,190,1
2026-04-04,37,9,W,ワイド,1=6,690,12
2026-04-04,37,9,W,ワイド,4=6,470,5
2026-04-04,37,10,WH2,枠複,1=6,210,1
2026-04-04,37,10,WT2,枠単,6-1,310,1
2026-04-04,37,10,SH2,二車複,1=9,250,1
2026-04-04,37,10,ST2,二車単,9-1,290,1
2026-04-04,37,10,RH3,三連複,1=3=9,440,1
2026-04-04,37,10,RT3,三連単,9-1-3,770,1
2026-04-04,37,10,W,ワイド,1=9,150,1
2026-04-04,37,10,W,ワイド,3=9,170,2
2026-04-04,37,10,W,ワイド,1=3,370,5
2026-04-04,37,11,WH2,枠複,2=5,690,3
2026-04-04,37,11,WT2,枠単,2-5,1040,3
2026-04-04,37,11,SH2,二車複,2=7,1000,4
2026-04-04,37,11,ST2,二車単,2-7,1230,3
2026-04-04,37,11,RH3,三連複,2=7=9,1770,7
2026-04-04,37,11,RT3,三連単,2-7-9,5760,17
2026-04-04,37,11,W,ワイド,2=7,320,4
2026-04-04,37,11,W,ワイド,2=9,430,5
2026-04-04,37,11,W,ワイド,7=9,1070,13
2026-04-04,37,12,WH2,枠複,2=4,5060,11
2026-04-04,37,12,WT2,枠単,2-4,20320,29
2026-04-04,37,12,SH2,二車複,2=4,5630,14
2026-04-04,37,12,ST2,二車単,2-4,18490,34
2026-04-04,37,12,RH3,三連複,2=4=7,8710,24
2026-04-04,37,12,RT3,三連単,2-4-7,161620,207
2026-04-04,37,12,W,ワイド,2=4,1710,18
2026-04-04,37,12,W,ワイド,2=7,1650,16
2026-04-04,37,12,W,ワイド,4=7,680,8
2026-04-04,61,1,SH2,二車複,2=7,1190,6
2026-04-04,61,1,ST2,二車単,7-2,1690,7
2026-04-04,61,1,RH3,三連複,2=3=7,930,3
2026-04-04,61,1,RT3,三連単,7-2-3,4620,17
2026-04-04,61,1,W,ワイド,2=7,390,6
2026-04-04,61,1,W,ワイド,3=7,250,3
2026-04-04,61,1,W,ワイド,2=3,490,8
2026-04-04,61,2,SH2,二車複,1=3,140,1
2026-04-04,61,2,ST2,二車単,3-1,210,1
2026-04-04,61,2,RH3,三連複,1=2=3,470,2
2026-04-04,61,2,RT3,三連単,3-1-2,700,2
2026-04-04,61,2,W,ワイド,1=3,100,1
2026-04-04,61,2,W,ワイド,2=3,210,4
2026-04-04,61,2,W,ワイド,1=2,390,6
2026-04-04,61,3,SH2,二車複,2=5,3380,9
2026-04-04,61,3,ST2,二車単,5-2,5520,13
2026-04-04,61,3,RH3,三連複,2=5=7,4900,12
2026-04-04,61,3,RT3,三連単,5-2-7,26010,61
2026-04-04,61,3,W,ワイド,2=5,670,10
2026-04-04,61,3,W,ワイド,5=7,210,2
2026-04-04,61,3,W,ワイド,2=7,1120,13
2026-04-04,61,4,SH2,二車複,4=5,2150,10
2026-04-04,61,4,ST2,二車単,5-4,3490,14
2026-04-04,61,4,RH3,三連複,3=4=5,3100,14
2026-04-04,61,4,RT3,三連単,5-4-3,13300,47
2026-04-04,61,4,W,ワイド,4=5,850,12
2026-04-04,61,4,W,ワイド,3=5,410,6
2026-04-04,61,4,W,ワイド,3=4,1490,17
2026-04-04,61,5,SH2,二車複,1=2,3180,12
2026-04-04,61,5,ST2,二車単,1-2,8750,26
2026-04-04,61,5,RH3,三連複,1=2=7,4350,19
2026-04-04,61,5,RT3,三連単,1-2-7,29380,91
2026-04-04,61,5,W,ワイド,1=2,860,14
2026-04-04,61,5,W,ワイド,1=7,590,9
2026-04-04,61,5,W,ワイド,2=7,1280,16
2026-04-04,61,6,SH2,二車複,2=4,350,2
2026-04-04,61,6,ST2,二車単,4-2,460,1
2026-04-04,61,6,RH3,三連複,2=4=6,590,2
2026-04-04,61,6,RT3,三連単,4-2-6,1180,1
2026-04-04,61,6,W,ワイド,2=4,210,3
2026-04-04,61,6,W,ワイド,4=6,200,2
2026-04-04,61,6,W,ワイド,2=6,530,8
2026-04-04,61,7,SH2,二車複,1=5,360,1
2026-04-04,61,7,ST2,二車単,1-5,1620,9
2026-04-04,61,7,RH3,三連複,1=5=6,1820,9
2026-04-04,61,7,RT3,三連単,1-5-6,14570,53
2026-04-04,61,7,W,ワイド,1=5,190,1
2026-04-04,61,7,W,ワイド,1=6,1250,15
2026-04-04,61,7,W,ワイド,5=6,640,10
2026-04-04,61,8,SH2,二車複,2=5,970,4
2026-04-04,61,8,ST2,二車単,2-5,1540,6
2026-04-04,61,8,RH3,三連複,2=5=6,1730,7
2026-04-04,61,8,RT3,三連単,2-5-6,4060,10
2026-04-04,61,8,W,ワイド,2=5,460,5
2026-04-04,61,8,W,ワイド,2=6,1110,16
2026-04-04,61,8,W,ワイド,5=6,990,15
2026-04-04,61,9,SH2,二車複,4=5,1690,6
2026-04-04,61,9,ST2,二車単,5-4,3000,8
2026-04-04,61,9,RH3,三連複,4=5=7,3560,12
2026-04-04,61,9,RT3,三連単,5-4-7,10620,30
2026-04-04,61,9,W,ワイド,4=5,490,6
2026-04-04,61,9,W,ワイド,5=7,1400,18
2026-04-04,61,9,W,ワイド,4=7,220,2
2026-04-04,61,10,SH2,二車複,3=7,140,1
2026-04-04,61,10,ST2,二車単,3-7,190,1
2026-04-04,61,10,RH3,三連複,1=3=7,170,1
2026-04-04,61,10,RT3,三連単,3-7-1,290,1
2026-04-04,61,10,W,ワイド,3=7,120,1
2026-04-04,61,10,W,ワイド,1=3,170,2
2026-04-04,61,10,W,ワイド,1=7,180,3
2026-04-04,61,11,SH2,二車複,1=7,220,1
2026-04-04,61,11,ST2,二車単,1-7,230,1
2026-04-04,61,11,RH3,三連複,1=6=7,2450,11
2026-04-04,61,11,RT3,三連単,1-7-6,3510,15
2026-04-04,61,11,W,ワイド,1=7,180,1
2026-04-04,61,11,W,ワイド,1=6,530,9
2026-04-04,61,11,W,ワイド,6=7,1680,16
2026-04-04,61,12,SH2,二車複,1=5,280,1
2026-04-04,61,12,ST2,二車単,5-1,930,4
2026-04-04,61,12,RH3,三連複,1=5=6,1130,6
2026-04-04,61,12,RT3,三連単,5-1-6,3460,12
2026-04-04,61,12,W,ワイド,1=5,160,1
2026-04-04,61,12,W,ワイド,5=6,680,12
2026-04-04,61,12,W,ワイド,1=6,690,13
2026-04-04,87,1,SH2,二車複,2=4,1470,4
2026-04-04,87,1,ST2,二車単,2-4,1570,5
2026-04-04,87,1,RH3,三連複,2=3=4,270,1
2026-04-04,87,1,RT3,三連単,2-4-3,3250,12
2026-04-04,87,1,W,ワイド,2=4,190,3
2026-04-04,87,1,W,ワイド,2=3,120,1
2026-04-04,87,1,W,ワイド,3=4,240,5
2026-04-04,87,2,SH2,二車複,1=3,120,1
2026-04-04,87,2,ST2,二車単,1-3,130,1
2026-04-04,87,2,RH3,三連複,1=3=6,220,1
2026-04-04,87,2,RT3,三連単,1-3-6,340,1
2026-04-04,87,2,W,ワイド,1=3,110,1
2026-04-04,87,2,W,ワイド,1=6,210,3
2026-04-04,87,2,W,ワイド,3=6,240,5
2026-04-04,87,3,SH2,二車複,2=3,170,1
2026-04-04,87,3,ST2,二車単,3-2,280,1
2026-04-04,87,3,RH3,三連複,1=2=3,370,1
2026-04-04,87,3,RT3,三連単,3-2-1,650,1
2026-04-04,87,3,W,ワイド,2=3,130,1
2026-04-04,87,3,W,ワイド,1=3,170,3
2026-04-04,87,3,W,ワイド,1=2,150,2
2026-04-04,87,4,SH2,二車複,1=2,110,1
2026-04-04,87,4,ST2,二車単,1-2,130,1
2026-04-04,87,4,RH3,三連複,1=2=5,1450,4
2026-04-04,87,4,RT3,三連単,1-2-5,2840,8
2026-04-04,87,4,W,ワイド,1=2,100,1
2026-04-04,87,4,W,ワイド,1=5,640,7
2026-04-04,87,4,W,ワイド,2=5,1240,11
2026-04-04,87,5,SH2,二車複,1=2,100,1
2026-04-04,87,5,ST2,二車単,2-1,410,2
2026-04-04,87,5,RH3,三連複,1=2=3,120,1
2026-04-04,87,5,RT3,三連単,2-1-3,730,3
2026-04-04,87,5,W,ワイド,1=2,100,1
2026-04-04,87,5,W,ワイド,2=3,130,3
2026-04-04,87,5,W,ワイド,1=3,120,2
2026-04-04,87,6,SH2,二車複,1=4,860,4
2026-04-04,87,6,ST2,二車単,1-4,1240,5
2026-04-04,87,6,RH3,三連複,1=2=4,960,4
2026-04-04,87,6,RT3,三連単,1-4-2,2190,6
2026-04-04,87,6,W,ワイド,1=4,670,8
2026-04-04,87,6,W,ワイド,1=2,270,3
2026-04-04,87,6,W,ワイド,2=4,730,9
2026-04-04,87,7,SH2,二車複,1=2,130,1
2026-04-04,87,7,ST2,二車単,1-2,140,1
2026-04-04,87,7,RH3,三連複,1=2=4,1020,2
2026-04-04,87,7,RT3,三連単,1-2-4,1650,4
2026-04-04,87,7,W,ワイド,1=2,100,1
2026-04-04,87,7,W,ワイド,1=4,360,4
2026-04-04,87,7,W,ワイド,2=4,710,6
2026-04-05,45,1,SH2,二車複,1=4,390,1
2026-04-05,45,1,ST2,二車単,1-4,660,1
2026-04-05,45,1,RH3,三連複,1=2=4,910,4
2026-04-05,45,1,RT3,三連単,1-4-2,2240,6
2026-04-05,45,1,W,ワイド,1=4,160,1
2026-04-05,45,1,W,ワイド,1=2,840,11
2026-04-05,45,1,W,ワイド,2=4,420,7
2026-04-05,45,2,SH2,二車複,5=6,2280,6
2026-04-05,45,2,ST2,二車単,5-6,2790,11
2026-04-05,45,2,RH3,三連複,4=5=6,1740,5
2026-04-05,45,2,RT3,三連単,5-6-4,9700,31
2026-04-05,45,2,W,ワイド,5=6,660,9
2026-04-05,45,2,W,ワイド,4=5,190,1
2026-04-05,45,2,W,ワイド,4=6,780,15
2026-04-05,45,3,SH2,二車複,1=3,370,2
2026-04-05,45,3,ST2,二車単,1-3,940,3
2026-04-05,45,3,RH3,三連複,1=3=5,930,4
2026-04-05,45,3,RT3,三連単,1-3-5,3320,9
2026-04-05,45,3,W,ワイド,1=3,160,1
2026-04-05,45,3,W,ワイド,1=5,600,13
2026-04-05,45,3,W,ワイド,3=5,310,3
2026-04-05,45,4,SH2,二車複,2=6,38320,21
2026-04-05,45,4,ST2,二車単,2-6,91880,40
2026-04-05,45,4,RH3,三連複,2=4=6,28930,28
2026-04-05,45,4,RT3,三連単,2-6-4,379450,160
2026-04-05,45,4,W,ワイド,2=6,6560,21
2026-04-05,45,4,W,ワイド,2=4,1220,11
2026-04-05,45,4,W,ワイド,4=6,6100,19
2026-04-05,45,5,SH2,二車複,1=5,170,1
2026-04-05,45,5,ST2,二車単,1-5,210,1
2026-04-05,45,5,RH3,三連複,1=2=5,210,1
2026-04-05,45,5,RT3,三連単,1-5-2,470,1
2026-04-05,45,5,W,ワイド,1=5,110,1
2026-04-05,45,5,W,ワイド,1=2,130,2
2026-04-05,45,5,W,ワイド,2=5,140,3
2026-04-05,45,6,SH2,二車複,2=7,1870,5
2026-04-05,45,6,ST2,二車単,7-2,2980,6
2026-04-05,45,6,RH3,三連複,2=3=7,230,1
2026-04-05,45,6,RT3,三連単,7-2-3,3960,11
2026-04-05,45,6,W,ワイド,2=7,180,4
2026-04-05,45,6,W,ワイド,3=7,100,1
2026-04-05,45,6,W,ワイド,2=3,140,2
2026-04-05,45,7,SH2,二車複,5=7,880,3
2026-04-05,45,7,ST2,二車単,5-7,6960,18
2026-04-05,45,7,RH3,三連複,1=5=7,220,1
2026-04-05,45,7,RT3,三連単,5-7-1,15020,36
2026-04-05,45,7,W,ワイド,5=7,200,4
2026-04-05,45,7,W,ワイド,1=5,150,2
2026-04-05,45,7,W,ワイド,1=7,130,1
2026-04-05,45,8,SH2,二車複,2=4,1090,5
2026-04-05,45,8,ST2,二車単,4-2,1490,6
2026-04-05,45,8,RH3,三連複,2=4=5,1540,4
2026-04-05,45,8,RT3,三連単,4-2-5,3580,10
2026-04-05,45,8,W,ワイド,2=4,330,5
2026-04-05,45,8,W,ワイド,4=5,180,2
2026-04-05,45,8,W,ワイド,2=5,420,8
2026-04-05,45,9,SH2,二車複,2=7,1120,3
2026-04-05,45,9,ST2,二車単,7-2,3070,9
2026-04-05,45,9,RH3,三連複,1=2=7,520,2
2026-04-05,45,9,RT3,三連単,7-2-1,6700,20
2026-04-05,45,9,W,ワイド,2=7,250,3
2026-04-05,45,9,W,ワイド,1=7,300,4
2026-04-05,45,9,W,ワイド,1=2,190,2
2026-04-05,45,10,SH2,二車複,5=7,370,2
2026-04-05,45,10,ST2,二車単,7-5,500,2
2026-04-05,45,10,RH3,三連複,4=5=7,780,3
2026-04-05,45,10,RT3,三連単,7-5-4,3000,10
2026-04-05,45,10,W,ワイド,5=7,180,1
2026-04-05,45,10,W,ワイド,4=7,250,4
2026-04-05,45,10,W,ワイド,4=5,380,7
2026-04-05,45,11,SH2,二車複,4=7,3890,9
2026-04-05,45,11,ST2,二車単,7-4,10810,17
2026-04-05,45,11,RH3,三連複,1=4=7,660,3
2026-04-05,45,11,RT3,三連単,7-4-1,26830,46
2026-04-05,45,11,W,ワイド,4=7,650,9
2026-04-05,45,11,W,ワイド,1=7,170,2
2026-04-05,45,11,W,ワイド,1=4,180,3
2026-04-05,74,1,SH2,二車複,1=2,450,2
2026-04-05,74,1,ST2,二車単,1-2,720,2
2026-04-05,74,1,RH3,三連複,1=2=3,990,5
2026-04-05,74,1,RT3,三連単,1-2-3,3870,12
2026-04-05,74,1,W,ワイド,1=2,170,1
2026-04-05,74,1,W,ワイド,1=3,360,7
2026-04-05,74,1,W,ワイド,2=3,360,8
2026-04-05,74,2,SH2,二車複,2=5,250,1
2026-04-05,74,2,ST2,二車単,2-5,520,2
2026-04-05,74,2,RH3,三連複,2=5=6,530,2
2026-04-05,74,2,RT3,三連単,2-5-6,1130,2
2026-04-05,74,2,W,ワイド,2=5,170,1
2026-04-05,74,2,W,ワイド,2=6,500,9
2026-04-05,74,2,W,ワイド,5=6,490,8
2026-04-05,74,3,SH2,二車複,3=4,140,1
2026-04-05,74,3,ST2,二車単,4-3,220,1
2026-04-05,74,3,RH3,三連複,3=4=5,1590,6
2026-04-05,74,3,RT3,三連単,4-3-5,2510,8
2026-04-05,74,3,W,ワイド,3=4,110,1
2026-04-05,74,3,W,ワイド,4=5,580,8
2026-04-05,74,3,W,ワイド,3=5,650,10
2026-04-05,74,4,SH2,二車複,1=7,110,1
2026-04-05,74,4,ST2,二車単,1-7,140,1
2026-04-05,74,4,RH3,三連複,1=3=7,410,2
2026-04-05,74,4,RT3,三連単,1-7-3,610,2
2026-04-05,74,4,W,ワイド,1=7,100,1
2026-04-05,74,4,W,ワイド,1=3,210,4
2026-04-05,74,4,W,ワイド,3=7,210,5
2026-04-05,74,5,SH2,二車複,4=6,2330,8
2026-04-05,74,5,ST2,二車単,4-6,3390,13
2026-04-05,74,5,RH3,三連複,1=4=6,4350,18
2026-04-05,74,5,RT3,三連単,4-6-1,10670,40
2026-04-05,74,5,W,ワイド,4=6,990,12
2026-04-05,74,5,W,ワイド,1=4,1200,14
2026-04-05,74,5,W,ワイド,1=6,1470,17
2026-04-05,74,6,SH2,二車複,1=3,240,1
2026-04-05,74,6,ST2,二車単,1-3,410,1
2026-04-05,74,6,RH3,三連複,1=2=3,460,2
2026-04-05,74,6,RT3,三連単,1-3-2,1320,3
2026-04-05,74,6,W,ワイド,1=3,130,1
2026-04-05,74,6,W,ワイド,1=2,230,4
2026-04-05,74,6,W,ワイド,2=3,290,6
2026-04-05,74,7,SH2,二車複,4=7,2560,9
2026-04-05,74,7,ST2,二車単,7-4,8140,20
2026-04-05,74,7,RH3,三連複,4=5=7,9510,19
2026-04-05,74,7,RT3,三連単,7-4-5,90720,100
2026-04-05,74,7,W,ワイド,4=7,790,11
2026-04-05,74,7,W,ワイド,5=7,1530,12
2026-04-05,74,7,W,ワイド,4=5,540,6
2026-04-05,74,8,SH2,二車複,2=7,310,1
2026-04-05,74,8,ST2,二車単,7-2,840,4
2026-04-05,74,8,RH3,三連複,1=2=7,770,3
2026-04-05,74,8,RT3,三連単,7-2-1,4090,13
2026-04-05,74,8,W,ワイド,2=7,160,1
2026-04-05,74,8,W,ワイド,1=7,430,6
2026-04-05,74,8,W,ワイド,1=2,300,4
2026-04-05,74,9,SH2,二車複,2=5,160,1
2026-04-05,74,9,ST2,二車単,2-5,390,2
2026-04-05,74,9,RH3,三連複,2=3=5,340,1
2026-04-05,74,9,RT3,三連単,2-5-3,1130,4
2026-04-05,74,9,W,ワイド,2=5,130,1
2026-04-05,74,9,W,ワイド,2=3,200,3
2026-04-05,74,9,W,ワイド,3=5,160,2
2026-04-05,74,10,SH2,二車複,1=3,1340,4
2026-04-05,74,10,ST2,二車単,1-3,3070,6
2026-04-05,74,10,RH3,三連複,1=3=4,5820,15
2026-04-05,74,10,RT3,三連単,1-3-4,29530,57
2026-04-05,74,10,W,ワイド,1=3,530,5
2026-04-05,74,10,W,ワイド,1=4,900,7
2026-04-05,74,10,W,ワイド,3=4,1040,9
2026-04-05,74,11,SH2,二車複,1=7,130,1
2026-04-05,74,11,ST2,二車単,7-1,190,1
2026-04-05,74,11,RH3,三連複,1=4=7,210,1
2026-04-05,74,11,RT3,三連単,7-1-4,370,1
2026-04-05,74,11,W,ワイド,1=7,100,1
2026-04-05,74,11,W,ワイド,4=7,210,3
2026-04-05,74,11,W,ワイド,1=4,210,2
2026-04-05,74,12,SH2,二車複,1=2,990,3
2026-04-05,74,12,ST2,二車単,1-2,1800,5
2026-04-05,74,12,RH3,三連複,1=2=5,670,2
2026-04-05,74,12,RT3,三連単,1-2-5,4870,11
2026-04-05,74,12,W,ワイド,1=2,190,2
2026-04-05,74,12,W,ワイド,1=5,170,1
2026-04-05,74,12,W,ワイド,2=5,400,8
2026-04-07,42,1,SH2,二車複,4=5,1630,8
2026-04-07,42,1,ST2,二車単,4-5,3150,14
2026-04-07,42,1,RH3,三連複,1=4=5,1710,7
2026-04-07,42,1,RT3,三連単,4-5-1,13160,47
2026-04-07,42,1,W,ワイド,4=5,610,9
2026-04-07,42,1,W,ワイド,1=4,220,1
2026-04-07,42,1,W,ワイド,1=5,630,10
2026-04-07,42,2,SH2,二車複,1=7,510,2
2026-04-07,42,2,ST2,二車単,1-7,1520,7
2026-04-07,42,2,RH3,三連複,1=5=7,480,2
2026-04-07,42,2,RT3,三連単,1-7-5,2860,7
2026-04-07,42,2,W,ワイド,1=7,150,1
2026-04-07,42,2,W,ワイド,1=5,160,2
2026-04-07,42,2,W,ワイド,5=7,230,4
2026-04-07,42,3,SH2,二車複,3=4,610,2
2026-04-07,42,3,ST2,二車単,3-4,1410,4
2026-04-07,42,3,RH3,三連複,1=3=4,880,5
2026-04-07,42,3,RT3,三連単,3-4-1,5850,22
2026-04-07,42,3,W,ワイド,3=4,260,2
2026-04-07,42,3,W,ワイド,1=3,340,7
2026-04-07,42,3,W,ワイド,1=4,320,6
2026-04-07,42,4,SH2,二車複,3=5,920,5
2026-04-07,42,4,ST2,二車単,5-3,1740,9
2026-04-07,42,4,RH3,三連複,1=3=5,380,1
2026-04-07,42,4,RT3,三連単,5-3-1,3330,9
2026-04-07,42,4,W,ワイド,3=5,230,5
2026-04-07,42,4,W,ワイド,1=5,230,3
2026-04-07,42,4,W,ワイド,1=3,150,1
2026-04-07,42,5,SH2,二車複,4=5,1130,5
2026-04-07,42,5,ST2,二車単,4-5,1570,6
2026-04-07,42,5,RH3,三連複,1=4=5,770,4
2026-04-07,42,5,RT3,三連単,4-5-1,4290,13
2026-04-07,42,5,W,ワイド,4=5,300,4
2026-04-07,42,5,W,ワイド,1=4,190,2
2026-04-07,42,5,W,ワイド,1=5,550,9
2026-04-07,42,6,SH2,二車複,4=7,930,2
2026-04-07,42,6,ST2,二車単,7-4,7670,17
2026-04-07,42,6,RH3,三連複,3=4=7,220,1
2026-04-07,42,6,RT3,三連単,7-4-3,13390,28
2026-04-07,42,6,W,ワイド,4=7,190,3
2026-04-07,42,6,W,ワイド,3=7,160,2
2026-04-07,42,6,W,ワイド,3=4,100,1
2026-04-07,42,7,SH2,二車複,1=7,260,1
2026-04-07,42,7,ST2,二車単,7-1,780,2
2026-04-07,42,7,RH3,三連複,1=4=7,470,1
2026-04-07,42,7,RT3,三連単,7-1-4,2390,4
2026-04-07,42,7,W,ワイド,1=7,140,1
2026-04-07,42,7,W,ワイド,4=7,320,5
2026-04-07,42,7,W,ワイド,1=4,240,3
2026-04-07,42,8,SH2,二車複,2=7,200,1
2026-04-07,42,8,ST2,二車単,7-2,300,1
2026-04-07,42,8,RH3,三連複,2=5=7,780,4
2026-04-07,42,8,RT3,三連単,7-2-5,1500,4
2026-04-07,42,8,W,ワイド,2=7,180,2
2026-04-07,42,8,W,ワイド,5=7,390,6
2026-04-07,42,8,W,ワイド,2=5,340,4
2026-04-07,42,9,SH2,二車複,1=7,520,3
2026-04-07,42,9,ST2,二車単,7-1,1110,5
2026-04-07,42,9,RH3,三連複,1=5=7,2690,11
2026-04-07,42,9,RT3,三連単,7-1-5,11370,41
2026-04-07,42,9,W,ワイド,1=7,280,3
2026-04-07,42,9,W,ワイド,5=7,660,12
2026-04-07,42,9,W,ワイド,1=5,480,8
2026-04-07,42,10,SH2,二車複,4=5,220,1
2026-04-07,42,10,ST2,二車単,4-5,450,2
2026-04-07,42,10,RH3,三連複,4=5=7,430,2
2026-04-07,42,10,RT3,三連単,4-5-7,1460,4
2026-04-07,42,10,W,ワイド,4=5,140,1
2026-04-07,42,10,W,ワイド,4=7,270,5
2026-04-07,42,10,W,ワイド,5=7,220,3
2026-04-07,42,11,SH2,二車複,1=4,210,1
2026-04-07,42,11,ST2,二車単,1-4,310,1
2026-04-07,42,11,RH3,三連複,1=2=4,740,3
2026-04-07,42,11,RT3,三連単,1-4-2,2010,5
2026-04-07,42,11,W,ワイド,1=4,140,1
2026-04-07,42,11,W,ワイド,1=2,460,7
2026-04-07,42,11,W,ワイド,2=4,450,6
2026-04-07,42,12,SH2,二車複,2=3,290,1
2026-04-07,42,12,ST2,二車単,3-2,450,2
2026-04-07,42,12,RH3,三連複,2=3=6,1480,4
2026-04-07,42,12,RT3,三連単,3-2-6,3450,10
2026-04-07,42,12,W,ワイド,2=3,170,1
2026-04-07,42,12,W,ワイド,3=6,640,10
2026-04-07,42,12,W,ワイド,2=6,520,6
2026-04-07,53,1,SH2,二車複,2=6,1080,4
2026-04-07,53,1,ST2,二車単,2-6,1020,5
2026-04-07,53,1,RH3,三連複,2=3=6,3910,14
2026-04-07,53,1,RT3,三連単,2-6-3,10520,36
2026-04-07,53,1,W,ワイド,2=6,500,5
2026-04-07,53,1,W,ワイド,2=3,610,6
2026-04-07,53,1,W,ワイド,3=6,2690,17
2026-04-07,53,2,SH2,二車複,2=5,220,2
2026-04-07,53,2,ST2,二車単,5-2,210,1
2026-04-07,53,2,RH3,三連複,2=5=6,440,2
2026-04-07,53,2,RT3,三連単,5-2-6,520,1
2026-04-07,53,2,W,ワイド,2=5,170,2
2026-04-07,53,2,W,ワイド,5=6,360,5
2026-04-07,53,2,W,ワイド,2=6,460,8
2026-04-07,53,3,SH2,二車複,5=7,330,2
2026-04-07,53,3,ST2,二車単,5-7,720,3
2026-04-07,53,3,RH3,三連複,1=5=7,380,2
2026-04-07,53,3,RT3,三連単,5-7-1,2270,8
2026-04-07,53,3,W,ワイド,5=7,140,1
2026-04-07,53,3,W,ワイド,1=5,270,5
2026-04-07,53,3,W,ワイド,1=7,140,2
2026-04-07,53,4,SH2,二車複,2=5,130,1
2026-04-07,53,4,ST2,二車単,5-2,150,1
2026-04-07,53,4,RH3,三連複,2=5=6,1290,5
2026-04-07,53,4,RT3,三連単,5-2-6,2400,8
2026-04-07,53,4,W,ワイド,2=5,100,1
2026-04-07,53,4,W,ワイド,5=6,420,7
2026-04-07,53,4,W,ワイド,2=6,620,11
2026-04-07,53,5,SH2,二車複,1=2,1380,4
2026-04-07,53,5,ST2,二車単,1-2,1120,4
2026-04-07,53,5,RH3,三連複,1=2=5,2290,7
2026-04-07,53,5,RT3,三連単,1-2-5,3460,9
2026-04-07,53,5,W,ワイド,1=2,500,6
2026-04-07,53,5,W,ワイド,1=5,590,9
2026-04-07,53,5,W,ワイド,2=5,1790,15
2026-04-07,53,6,SH2,二車複,4=6,5480,10
2026-04-07,53,6,ST2,二車単,6-4,8560,13
2026-04-07,53,6,RH3,三連複,2=4=6,960,3
2026-04-07,53,6,RT3,三連単,6-4-2,14050,32
2026-04-07,53,6,W,ワイド,4=6,630,10
2026-04-07,53,6,W,ワイド,2=6,100,1
2026-04-07,53,6,W,ワイド,2=4,300,4
2026-04-07,53,7,SH2,二車複,3=7,260,2
2026-04-07,53,7,ST2,二車単,7-3,300,2
2026-04-07,53,7,RH3,三連複,3=4=7,160,1
2026-04-07,53,7,RT3,三連単,7-3-4,400,2
2026-04-07,53,7,W,ワイド,3=7,100,1
2026-04-07,53,7,W,ワイド,4=7,100,2
2026-04-07,53,7,W,ワイド,3=4,180,4
2026-04-07,61,1,SH2,二車複,2=3,2000,7
2026-04-07,61,1,ST2,二車単,3-2,12650,23
2026-04-07,61,1,RH3,三連複,2=3=5,3250,7
2026-04-07,61,1,RT3,三連単,3-2-5,54270,78
2026-04-07,61,1,W,ワイド,2=3,340,4
2026-04-07,61,1,W,ワイド,3=5,1150,11
2026-04-07,61,1,W,ワイド,2=5,420,5
2026-04-07,61,2,SH2,二車複,2=6,930,5
2026-04-07,61,2,ST2,二車単,2-6,1020,5
2026-04-07,61,2,RH3,三連複,1=2=6,820,4
2026-04-07,61,2,RT3,三連単,2-6-1,2100,7
2026-04-07,61,2,W,ワイド,2=6,490,7
2026-04-07,61,2,W,ワイド,1=2,160,2
2026-04-07,61,2,W,ワイド,1=6,720,8
2026-04-07,61,3,SH2,二車複,1=7,150,1
2026-04-07,61,3,ST2,二車単,1-7,560,2
2026-04-07,61,3,RH3,三連複,1=2=7,240,1
2026-04-07,61,3,RT3,三連単,1-7-2,1040,3
2026-04-07,61,3,W,ワイド,1=7,130,1
2026-04-07,61,3,W,ワイド,1=2,180,4
2026-04-07,61,3,W,ワイド,2=7,180,3
2026-04-07,61,4,SH2,二車複,1=4,150,1
2026-04-07,61,4,ST2,二車単,4-1,1770,5
2026-04-07,61,4,RH3,三連複,1=4=7,1040,5
2026-04-07,61,4,RT3,三連単,4-1-7,12210,24
2026-04-07,61,4,W,ワイド,1=4,160,1
2026-04-07,61,4,W,ワイド,4=7,750,10
2026-04-07,61,4,W,ワイド,1=7,700,9
2026-04-07,61,5,SH2,二車複,1=3,690,4
2026-04-07,61,5,ST2,二車単,1-3,920,5
2026-04-07,61,5,RH3,三連複,1=2=3,230,1
2026-04-07,61,5,RT3,三連単,1-3-2,1220,3
2026-04-07,61,5,W,ワイド,1=3,210,4
2026-04-07,61,5,W,ワイド,1=2,120,1
2026-04-07,61,5,W,ワイド,2=3,140,2
2026-04-07,61,6,SH2,二車複,1=6,4110,7
2026-04-07,61,6,ST2,二車単,1-6,3310,8
2026-04-07,61,6,RH3,三連複,1=5=6,4990,10
2026-04-07,61,6,RT3,三連単,1-6-5,16350,33
2026-04-07,61,6,W,ワイド,1=6,800,9
2026-04-07,61,6,W,ワイド,1=5,800,8
2026-04-07,61,6,W,ワイド,5=6,2200,15
2026-04-07,61,7,SH2,二車複,1=2,220,1
2026-04-07,61,7,ST2,二車単,2-1,780,3
2026-04-07,61,7,RH3,三連複,1=2=4,260,1
2026-04-07,61,7,RT3,三連単,2-1-4,1610,4
2026-04-07,61,7,W,ワイド,1=2,100,1
2026-04-07,61,7,W,ワイド,2=4,220,4
2026-04-07,61,7,W,ワイド,1=4,120,2
2026-04-07,61,8,SH2,二車複,1=5,1610,4
2026-04-07,61,8,ST2,二車単,1-5,2350,5
2026-04-07,61,8,RH3,三連複,1=3=5,180,1
2026-04-07,61,8,RT3,三連単,1-5-3,4640,11
2026-04-07,61,8,W,ワイド,1=5,150,3
2026-04-07,61,8,W,ワイド,1=3,100,1
2026-04-07,61,8,W,ワイド,3=5,150,2
2026-04-07,61,9,SH2,二車複,2=7,3890,10
2026-04-07,61,9,ST2,二車単,2-7,5150,13
2026-04-07,61,9,RH3,三連複,1=2=7,1650,5
2026-04-07,61,9,RT3,三連単,2-7-1,19390,54
2026-04-07,61,9,W,ワイド,2=7,780,10
2026-04-07,61,9,W,ワイド,1=2,190,2
2026-04-07,61,9,W,ワイド,1=7,380,5
2026-04-07,74,1,SH2,二車複,3=7,760,4
2026-04-07,74,1,ST2,二車単,3-7,1070,4
2026-04-07,74,1,RH3,三連複,3=6=7,3820,17
2026-04-07,74,1,RT3,三連単,3-7-6,13020,50
2026-04-07,74,1,W,ワイド,3=7,350,5
2026-04-07,74,1,W,ワイド,3=6,720,12
2026-04-07,74,1,W,ワイド,6=7,1070,14
2026-04-07,74,2,SH2,二車複,3=5,610,4
2026-04-07,74,2,ST2,二車単,5-3,930,4
2026-04-07,74,2,RH3,三連複,2=3=5,1940,9
2026-04-07,74,2,RT3,三連単,5-3-2,6070,24
2026-04-07,74,2,W,ワイド,3=5,360,5
2026-04-07,74,2,W,ワイド,2=5,280,3
2026-04-07,74,2,W,ワイド,2=3,1030,16
2026-04-07,74,3,SH2,二車複,1=7,1120,5
2026-04-07,74,3,ST2,二車単,1-7,2780,10
2026-04-07,74,3,RH3,三連複,1=2=7,4050,19
2026-04-07,74,3,RT3,三連単,1-7-2,24650,84
2026-04-07,74,3,W,ワイド,1=7,360,3
2026-04-07,74,3,W,ワイド,1=2,660,12
2026-04-07,74,3,W,ワイド,2=7,530,8
2026-04-07,74,4,SH2,二車複,2=5,3130,10
2026-04-07,74,4,ST2,二車単,2-5,5540,18
2026-04-07,74,4,RH3,三連複,2=5=7,2150,7
2026-04-07,74,4,RT3,三連単,2-5-7,18160,52
2026-04-07,74,4,W,ワイド,2=5,1200,17
2026-04-07,74,4,W,ワイド,2=7,230,3
2026-04-07,74,4,W,ワイド,5=7,1040,13
2026-04-07,74,5,SH2,二車複,1=3,3610,11
2026-04-07,74,5,ST2,二車単,1-3,8100,22
2026-04-07,74,5,RH3,三連複,1=3=5,3690,12
2026-04-07,74,5,RT3,三連単,1-3-5,30570,68
2026-04-07,74,5,W,ワイド,1=3,930,11
2026-04-07,74,5,W,ワイド,1=5,670,8
2026-04-07,74,5,W,ワイド,3=5,330,5
2026-04-07,74,6,SH2,二車複,1=4,920,3
2026-04-07,74,6,ST2,二車単,4-1,1170,4
2026-04-07,74,6,RH3,三連複,1=4=7,1340,3
2026-04-07,74,6,RT3,三連単,4-1-7,4130,9
2026-04-07,74,6,W,ワイド,1=4,320,5
2026-04-07,74,6,W,ワイド,4=7,200,2
2026-04-07,74,6,W,ワイド,1=7,840,10
2026-04-07,74,7,SH2,二車複,1=2,850,4
2026-04-07,74,7,ST2,二車単,1-2,1810,8
2026-04-07,74,7,RH3,三連複,1=2=3,1170,6
2026-04-07,74,7,RT3,三連単,1-2-3,9960,38
2026-04-07,74,7,W,ワイド,1=2,360,4
2026-04-07,74,7,W,ワイド,1=3,630,9
2026-04-07,74,7,W,ワイド,2=3,300,2
2026-04-07,74,8,SH2,二車複,1=2,690,2
2026-04-07,74,8,ST2,二車単,1-2,1080,3
2026-04-07,74,8,RH3,三連複,1=2=5,2480,9
2026-04-07,74,8,RT3,三連単,1-2-5,8170,24
2026-04-07,74,8,W,ワイド,1=2,230,2
2026-04-07,74,8,W,ワイド,1=5,460,7
2026-04-07,74,8,W,ワイド,2=5,960,13
2026-04-07,74,9,SH2,二車複,5=7,730,4
2026-04-07,74,9,ST2,二車単,7-5,1330,7
2026-04-07,74,9,RH3,三連複,3=5=7,5930,17
2026-04-07,74,9,RT3,三連単,7-5-3,21720,61
2026-04-07,74,9,W,ワイド,5=7,370,6
2026-04-07,74,9,W,ワイド,3=7,760,10
2026-04-07,74,9,W,ワイド,3=5,1460,17
2026-04-07,74,10,SH2,二車複,1=7,390,1
2026-04-07,74,10,ST2,二車単,7-1,570,1
2026-04-07,74,10,RH3,三連複,1=5=7,630,2
2026-04-07,74,10,RT3,三連単,7-1-5,1990,3
2026-04-07,74,10,W,ワイド,1=7,190,2
2026-04-07,74,10,W,ワイド,5=7,230,3
2026-04-07,74,10,W,ワイド,1=5,620,11
2026-04-07,74,11,SH2,二車複,3=7,1380,6
2026-04-07,74,11,ST2,二車単,3-7,1910,8
2026-04-07,74,11,RH3,三連複,2=3=7,1930,10
2026-04-07,74,11,RT3,三連単,3-7-2,8020,29
2026-04-07,74,11,W,ワイド,3=7,290,3
2026-04-07,74,11,W,ワイド,2=3,220,1
2026-04-07,74,11,W,ワイド,2=7,930,16
2026-04-08,42,1,SH2,二車複,1=7,210,1
2026-04-08,42,1,ST2,二車単,1-7,320,1
2026-04-08,42,1,RH3,三連複,1=3=7,1110,4
2026-04-08,42,1,RT3,三連単,1-7-3,2800,7
2026-04-08,42,1,W,ワイド,1=7,140,1
2026-04-08,42,1,W,ワイド,1=3,530,9
2026-04-08,42,1,W,ワイド,3=7,490,8
2026-04-08,42,2,SH2,二車複,1=4,310,1
2026-04-08,42,2,ST2,二車単,4-1,350,1
2026-04-08,42,2,RH3,三連複,1=2=4,360,1
2026-04-08,42,2,RT3,三連単,4-1-2,670,1
2026-04-08,42,2,W,ワイド,1=4,170,1
2026-04-08,42,2,W,ワイド,2=4,280,4
2026-04-08,42,2,W,ワイド,1=2,330,5
2026-04-08,42,3,SH2,二車複,1=7,2220,7
2026-04-08,42,3,ST2,二車単,1-7,9130,26
2026-04-08,42,3,RH3,三連複,1=2=7,1600,5
2026-04-08,42,3,RT3,三連単,1-7-2,21730,49
2026-04-08,42,3,W,ワイド,1=7,700,11
2026-04-08,42,3,W,ワイド,1=2,800,12
2026-04-08,42,3,W,ワイド,2=7,140,1
2026-04-08,42,4,SH2,二車複,4=5,490,3
2026-04-08,42,4,ST2,二車単,4-5,720,2
2026-04-08,42,4,RH3,三連複,2=4=5,1590,4
2026-04-08,42,4,RT3,三連単,4-5-2,5590,12
2026-04-08,42,4,W,ワイド,4=5,180,2
2026-04-08,42,4,W,ワイド,2=4,240,4
2026-04-08,42,4,W,ワイド,2=5,510,7
2026-04-08,42,5,SH2,二車複,2=4,1730,9
2026-04-08,42,5,ST2,二車単,4-2,2720,14
2026-04-08,42,5,RH3,三連複,2=3=4,2290,13
2026-04-08,42,5,RT3,三連単,4-2-3,8710,40
2026-04-08,42,5,W,ワイド,2=4,330,5
2026-04-08,42,5,W,ワイド,3=4,730,13
2026-04-08,42,5,W,ワイド,2=3,870,15
2026-04-08,42,6,SH2,二車複,3=6,430,2
2026-04-08,42,6,ST2,二車単,6-3,1010,3
2026-04-08,42,6,RH3,三連複,2=3=6,1080,5
2026-04-08,42,6,RT3,三連単,6-3-2,5470,19
2026-04-08,42,6,W,ワイド,3=6,320,4
2026-04-08,42,6,W,ワイド,2=6,480,10
2026-04-08,42,6,W,ワイド,2=3,420,7
2026-04-08,42,7,SH2,二車複,2=7,170,1
2026-04-08,42,7,ST2,二車単,7-2,430,2
2026-04-08,42,7,RH3,三連複,1=2=7,240,1
2026-04-08,42,7,RT3,三連単,7-2-1,750,2
2026-04-08,42,7,W,ワイド,2=7,120,1
2026-04-08,42,7,W,ワイド,1=7,230,4
2026-04-08,42,7,W,ワイド,1=2,200,2
2026-04-08,42,8,SH2,二車複,1=2,360,1
2026-04-08,42,8,ST2,二車単,1-2,760,2
2026-04-08,42,8,RH3,三連複,1=2=5,270,1
2026-04-08,42,8,RT3,三連単,1-2-5,1050,1
2026-04-08,42,8,W,ワイド,1=2,130,1
2026-04-08,42,8,W,ワイド,1=5,180,2
2026-04-08,42,8,W,ワイド,2=5,220,3
2026-04-08,42,9,SH2,二車複,3=7,400,1
2026-04-08,42,9,ST2,二車単,7-3,940,4
2026-04-08,42,9,RH3,三連複,1=3=7,560,2
2026-04-08,42,9,RT3,三連単,7-3-1,1870,4
2026-04-08,42,9,W,ワイド,3=7,190,2
2026-04-08,42,9,W,ワイド,1=7,200,4
2026-04-08,42,9,W,ワイド,1=3,190,3
2026-04-08,42,10,SH2,二車複,2=3,800,3
2026-04-08,42,10,ST2,二車単,3-2,2400,8
2026-04-08,42,10,RH3,三連複,2=3=5,280,1
2026-04-08,42,10,RT3,三連単,3-2-5,3750,13
2026-04-08,42,10,W,ワイド,2=3,200,3
2026-04-08,42,10,W,ワイド,3=5,120,1
2026-04-08,42,10,W,ワイド,2=5,180,2
2026-04-08,42,11,SH2,二車複,5=6,3500,10
2026-04-08,42,11,ST2,二車単,6-5,9020,24
2026-04-08,42,11,RH3,三連複,2=5=6,3980,13
2026-04-08,42,11,RT3,三連単,6-5-2,24890,69
2026-04-08,42,11,W,ワイド,5=6,650,8
2026-04-08,42,11,W,ワイド,2=6,1370,13
2026-04-08,42,11,W,ワイド,2=5,830,10
2026-04-08,42,12,SH2,二車複,1=2,3750,15
2026-04-08,42,12,ST2,二車単,2-1,7400,28
2026-04-08,42,12,RH3,三連複,1=2=7,3110,16
2026-04-08,42,12,RT3,三連単,2-1-7,20250,88
2026-04-08,42,12,W,ワイド,1=2,1420,19
2026-04-08,42,12,W,ワイド,2=7,500,7
2026-04-08,42,12,W,ワイド,1=7,740,12
2026-04-09,11,1,SH2,二車複,4=7,210,1
2026-04-09,11,1,ST2,二車単,4-7,230,1
2026-04-09,11,1,RH3,三連複,4=5=7,2750,7
2026-04-09,11,1,RT3,三連単,4-7-5,3750,8
2026-04-09,11,1,W,ワイド,4=7,100,1
2026-04-09,11,1,W,ワイド,4=5,1120,11
2026-04-09,11,1,W,ワイド,5=7,1180,12
2026-04-09,11,2,SH2,二車複,2=7,110,1
2026-04-09,11,2,ST2,二車単,2-7,130,1
2026-04-09,11,2,RH3,三連複,2=4=7,180,1
2026-04-09,11,2,RT3,三連単,2-7-4,240,1
2026-04-09,11,2,W,ワイド,2=7,100,1
2026-04-09,11,2,W,ワイド,2=4,170,3
2026-04-09,11,2,W,ワイド,4=7,210,4
2026-04-09,11,3,SH2,二車複,3=4,1790,4
2026-04-09,11,3,ST2,二車単,4-3,1920,5
2026-04-09,11,3,RH3,三連複,1=3=4,8000,13
2026-04-09,11,3,RT3,三連単,4-3-1,17980,31
2026-04-09,11,3,W,ワイド,3=4,870,8
2026-04-09,11,3,W,ワイド,1=4,290,2
2026-04-09,11,3,W,ワイド,1=3,4250,16
2026-04-09,11,4,SH2,二車複,1=7,120,1
2026-04-09,11,4,ST2,二車単,7-1,310,2
2026-04-09,11,4,RH3,三連複,1=4=7,180,1
2026-04-09,11,4,RT3,三連単,7-1-4,630,3
2026-04-09,11,4,W,ワイド,1=7,100,1
2026-04-09,11,4,W,ワイド,4=7,210,5
2026-04-09,11,4,W,ワイド,1=4,170,3
2026-04-09,11,5,SH2,二車複,1=4,120,1
2026-04-09,11,5,ST2,二車単,4-1,220,2
2026-04-09,11,5,RH3,三連複,1=4=7,280,2
2026-04-09,11,5,RT3,三連単,4-1-7,800,4
2026-04-09,11,5,W,ワイド,1=4,100,1
2026-04-09,11,5,W,ワイド,4=7,220,4
2026-04-09,11,5,W,ワイド,1=7,250,5
2026-04-09,11,6,SH2,二車複,2=7,360,2
2026-04-09,11,6,ST2,二車単,7-2,320,2
2026-04-09,11,6,RH3,三連複,2=3=7,190,1
2026-04-09,11,6,RT3,三連単,7-2-3,580,2
2026-04-09,11,6,W,ワイド,2=7,130,2
2026-04-09,11,6,W,ワイド,3=7,100,1
2026-04-09,11,6,W,ワイド,2=3,160,4
2026-04-09,11,7,SH2,二車複,5=7,3530,8
2026-04-09,11,7,ST2,二車単,7-5,2500,7
2026-04-09,11,7,RH3,三連複,3=5=7,5070,11
2026-04-09,11,7,RT3,三連単,7-5-3,14240,30
2026-04-09,11,7,W,ワイド,5=7,660,7
2026-04-09,11,7,W,ワイド,3=7,340,3
2026-04-09,11,7,W,ワイド,3=5,4470,19
2026-04-09,11,8,SH2,二車複,1=7,1160,5
2026-04-09,11,8,ST2,二車単,7-1,1540,4
2026-04-09,11,8,RH3,三連複,1=5=7,720,3
2026-04-09,11,8,RT3,三連単,7-1-5,2520,7
2026-04-09,11,8,W,ワイド,1=7,320,5
2026-04-09,11,8,W,ワイド,5=7,230,2
2026-04-09,11,8,W,ワイド,1=5,650,8
2026-04-09,11,9,SH2,二車複,2=4,140,1
2026-04-09,11,9,ST2,二車単,2-4,140,1
2026-04-09,11,9,RH3,三連複,1=2=4,320,2
2026-04-09,11,9,RT3,三連単,2-4-1,390,1
2026-04-09,11,9,W,ワイド,2=4,100,1
2026-04-09,11,9,W,ワイド,1=2,130,2
2026-04-09,11,9,W,ワイド,1=4,240,4
2026-04-09,11,10,SH2,二車複,1=4,140,1
2026-04-09,11,10,ST2,二車単,4-1,160,1
2026-04-09,11,10,RH3,三連複,1=4=7,260,1
2026-04-09,11,10,RT3,三連単,4-1-7,310,1
2026-04-09,11,10,W,ワイド,1=4,120,1
2026-04-09,11,10,W,ワイド,4=7,240,3
2026-04-09,11,10,W,ワイド,1=7,260,4
2026-04-09,11,11,SH2,二車複,2=3,4130,9
2026-04-09,11,11,ST2,二車単,2-3,8960,19
2026-04-09,11,11,RH3,三連複,2=3=4,4800,16
2026-04-09,11,11,RT3,三連単,2-3-4,51600,102
2026-04-09,11,11,W,ワイド,2=3,1280,13
2026-04-09,11,11,W,ワイド,2=4,830,10
2026-04-09,11,11,W,ワイド,3=4,1490,16
2026-04-09,26,1,WH2,枠複,2=4,320,1
2026-04-09,26,1,WT2,枠単,2-4,980,3
2026-04-09,26,1,SH2,二車複,2=5,260,1
2026-04-09,26,1,ST2,二車単,2-5,850,2
2026-04-09,26,1,RH3,三連複,2=5=7,840,3
2026-04-09,26,1,RT3,三連単,2-5-7,3840,10
2026-04-09,26,1,W,ワイド,2=5,130,1
2026-04-09,26,1,W,ワイド,2=7,540,9
2026-04-09,26,1,W,ワイド,5=7,310,4
2026-04-09,26,2,WH2,枠複,4=5,680,2
2026-04-09,26,2,WT2,枠単,5-4,980,3
2026-04-09,26,2,SH2,二車複,4=7,1250,4
2026-04-09,26,2,ST2,二車単,7-4,1610,4
2026-04-09,26,2,RH3,三連複,1=4=7,420,1
2026-04-09,26,2,RT3,三連単,7-4-1,3420,8
2026-04-09,26,2,W,ワイド,4=7,320,5
2026-04-09,26,2,W,ワイド,1=7,140,1
2026-04-09,26,2,W,ワイド,1=4,370,6
2026-04-09,26,3,WH2,枠複,2=5,280,1
2026-04-09,26,3,WT2,枠単,5-2,310,1
2026-04-09,26,3,SH2,二車複,2=7,250,1
2026-04-09,26,3,ST2,二車単,7-2,360,1
2026-04-09,26,3,RH3,三連複,2=3=7,950,4
2026-04-09,26,3,RT3,三連単,7-2-3,2020,4
2026-04-09,26,3,W,ワイド,2=7,160,1
2026-04-09,26,3,W,ワイド,3=7,320,4
2026-04-09,26,3,W,ワイド,2=3,820,14
2026-04-09,26,4,WH2,枠複,1=6,210,1
2026-04-09,26,4,WT2,枠単,1-6,270,1
2026-04-09,26,4,SH2,二車複,1=9,190,1
2026-04-09,26,4,ST2,二車単,1-9,310,1
2026-04-09,26,4,RH3,三連複,1=2=9,470,1
2026-04-09,26,4,RT3,三連単,1-9-2,940,2
2026-04-09,26,4,W,ワイド,1=9,160,1
2026-04-09,26,4,W,ワイド,1=2,180,2
2026-04-09,26,4,W,ワイド,2=9,310,5
2026-04-09,26,5,WH2,枠複,1=4,510,2
2026-04-09,26,5,WT2,枠単,1-4,1260,5
2026-04-09,26,5,SH2,二車複,1=5,490,2
2026-04-09,26,5,ST2,二車単,1-5,1870,8
2026-04-09,26,5,RH3,三連複,1=2=5,1200,4
2026-04-09,26,5,RT3,三連単,1-5-2,10070,32
2026-04-09,26,5,W,ワイド,1=5,240,3
2026-04-09,26,5,W,ワイド,1=2,650,9
2026-04-09,26,5,W,ワイド,2=5,280,4
2026-04-09,26,6,WH2,枠複,1=5,170,1
2026-04-09,26,6,WT2,枠単,5-1,730,2
2026-04-09,26,6,SH2,二車複,1=7,180,1
2026-04-09,26,6,ST2,二車単,7-1,710,2
2026-04-09,26,6,RH3,三連複,1=7=9,550,1
2026-04-09,26,6,RT3,三連単,7-1-9,3080,7
2026-04-09,26,6,W,ワイド,1=7,130,1
2026-04-09,26,6,W,ワイド,7=9,400,7
2026-04-09,26,6,W,ワイド,1=9,250,3
2026-04-09,26,7,WH2,枠複,4=6,3610,14
2026-04-09,26,7,WT2,枠単,4-6,9600,29
2026-04-09,26,7,SH2,二車複,5=9,9100,16
2026-04-09,26,7,ST2,二車単,5-9,28320,35
2026-04-09,26,7,RH3,三連複,1=5=9,7990,20
2026-04-09,26,7,RT3,三連単,5-9-1,124940,167
2026-04-09,26,7,W,ワイド,5=9,2550,19
2026-04-09,26,7,W,ワイド,1=5,1730,14
2026-04-09,26,7,W,ワイド,1=9,470,6
2026-04-09,26,8,WH2,枠複,2=6,950,4
2026-04-09,26,8,WT2,枠単,6-2,4860,13
2026-04-09,26,8,SH2,二車複,2=9,1190,3
2026-04-09,26,8,ST2,二車単,9-2,3200,8
2026-04-09,26,8,RH3,三連複,2=5=9,1330,4
2026-04-09,26,8,RT3,三連単,9-2-5,14120,32
2026-04-09,26,8,W,ワイド,2=9,630,7
2026-04-09,26,8,W,ワイド,5=9,480,6
2026-04-09,26,8,W,ワイド,2=5,260,2
2026-04-09,26,9,WH2,枠複,1=6,170,1
2026-04-09,26,9,WT2,枠単,1-6,410,2
2026-04-09,26,9,SH2,二車複,1=9,160,1
2026-04-09,26,9,ST2,二車単,1-9,340,2
2026-04-09,26,9,RH3,三連複,1=6=9,690,3
2026-04-09,26,9,RT3,三連単,1-9-6,1290,2
2026-04-09,26,9,W,ワイド,1=9,120,1
2026-04-09,26,9,W,ワイド,1=6,760,12
2026-04-09,26,9,W,ワイド,6=9,800,15
2026-04-09,26,10,WH2,枠複,2=5,170,1
2026-04-09,26,10,WT2,枠単,2-5,130,1
2026-04-09,26,10,WT2,枠単,5-2,490,5
2026-04-09,26,10,SH2,二車複,2=7,180,1
2026-04-09,26,10,ST2,二車単,2-7,130,1
2026-04-09,26,10,ST2,二車単,7-2,520,5
2026-04-09,26,10,RH3,三連複,2=7=8,290,1
2026-04-09,26,10,RT3,三連単,2-7-8,230,1
2026-04-09,26,10,RT3,三連単,7-2-8,1250,8
2026-04-09,26,10,W,ワイド,2=7,110,1
2026-04-09,26,10,W,ワイド,2=8,200,3
2026-04-09,26,10,W,ワイド,7=8,290,5
2026-04-09,26,11,WH2,枠複,1=4,120,1
2026-04-09,26,11,WT2,枠単,1-4,170,1
2026-04-09,26,11,SH2,二車複,1=5,140,1
2026-04-09,26,11,ST2,二車単,1-5,180,1
2026-04-09,26,11,RH3,三連複,1=5=7,200,1
2026-04-09,26,11,RT3,三連単,1-5-7,300,1
2026-04-09,26,11,W,ワイド,1=5,100,1
2026-04-09,26,11,W,ワイド,1=7,190,2
2026-04-09,26,11,W,ワイド,5=7,200,3
2026-04-09,26,12,WH2,枠複,4=5,510,2
2026-04-09,26,12,WT2,枠単,4-5,1220,5
2026-04-09,26,12,SH2,二車複,5=7,810,3
2026-04-09,26,12,ST2,二車単,5-7,3050,9
2026-04-09,26,12,RH3,三連複,5=7=8,4980,20
2026-04-09,26,12,RT3,三連単,5-7-8,18630,57
2026-04-09,26,12,W,ワイド,5=7,390,4
2026-04-09,26,12,W,ワイド,5=8,1260,17
2026-04-09,26,12,W,ワイド,7=8,1160,15
2026-04-09,35,1,SH2,二車複,1=2,130,1
2026-04-09,35,1,ST2,二車単,1-2,190,1
2026-04-09,35,1,RH3,三連複,1=2=5,110,1
2026-04-09,35,1,RT3,三連単,1-2-5,240,1
2026-04-09,35,1,W,ワイド,1=2,100,1
2026-04-09,35,1,W,ワイド,1=5,130,3
2026-04-09,35,1,W,ワイド,2=5,120,2
2026-04-09,35,2,SH2,二車複,1=3,380,2
2026-04-09,35,2,ST2,二車単,1-3,560,2
2026-04-09,35,2,RH3,三連複,1=3=6,3850,13
2026-04-09,35,2,RT3,三連単,1-3-6,9950,32
2026-04-09,35,2,W,ワイド,1=3,180,1
2026-04-09,35,2,W,ワイド,1=6,790,11
2026-04-09,35,2,W,ワイド,3=6,990,13
2026-04-09,35,3,SH2,二車複,2=3,180,1
2026-04-09,35,3,ST2,二車単,3-2,240,1
2026-04-09,35,3,RH3,三連複,2=3=4,230,1
2026-04-09,35,3,RT3,三連単,3-2-4,440,1
2026-04-09,35,3,W,ワイド,2=3,110,1
2026-04-09,35,3,W,ワイド,3=4,180,3
2026-04-09,35,3,W,ワイド,2=4,170,2
2026-04-09,35,4,SH2,二車複,4=6,1520,4
2026-04-09,35,4,ST2,二車単,4-6,3760,9
2026-04-09,35,4,RH3,三連複,4=6=7,8910,21
2026-04-09,35,4,RT3,三連単,4-6-7,38520,80
2026-04-09,35,4,W,ワイド,4=6,920,8
2026-04-09,35,4,W,ワイド,4=7,2400,18
2026-04-09,35,4,W,ワイド,6=7,4720,21
2026-04-09,35,5,SH2,二車複,3=4,260,1
2026-04-09,35,5,ST2,二車単,4-3,640,2
2026-04-09,35,5,RH3,三連複,3=4=5,470,1
2026-04-09,35,5,RT3,三連単,4-3-5,1010,1
2026-04-09,35,5,W,ワイド,3=4,180,1
2026-04-09,35,5,W,ワイド,4=5,320,6
2026-04-09,35,5,W,ワイド,3=5,410,9
2026-04-09,35,6,SH2,二車複,1=4,250,1
2026-04-09,35,6,ST2,二車単,1-4,370,1
2026-04-09,35,6,RH3,三連複,1=4=7,620,3
2026-04-09,35,6,RT3,三連単,1-4-7,1380,4
2026-04-09,35,6,W,ワイド,1=4,150,1
2026-04-09,35,6,W,ワイド,1=7,440,7
2026-04-09,35,6,W,ワイド,4=7,520,8
2026-04-09,35,7,SH2,二車複,1=3,210,1
2026-04-09,35,7,ST2,二車単,3-1,530,2
2026-04-09,35,7,RH3,三連複,1=3=4,1340,6
2026-04-09,35,7,RT3,三連単,3-1-4,4850,15
2026-04-09,35,7,W,ワイド,1=3,130,1
2026-04-09,35,7,W,ワイド,3=4,720,13
2026-04-09,35,7,W,ワイド,1=4,690,12
2026-04-09,35,8,SH2,二車複,1=7,360,2
2026-04-09,35,8,ST2,二車単,1-7,630,3
2026-04-09,35,8,RH3,三連複,1=6=7,2630,11
2026-04-09,35,8,RT3,三連単,1-7-6,7210,25
2026-04-09,35,8,W,ワイド,1=7,210,2
2026-04-09,35,8,W,ワイド,1=6,720,9
2026-04-09,35,8,W,ワイド,6=7,2900,18
2026-04-09,35,9,SH2,二車複,1=5,2140,11
2026-04-09,35,9,ST2,二車単,1-5,2040,8
2026-04-09,35,9,RH3,三連複,1=3=5,2300,10
2026-04-09,35,9,RT3,三連単,1-5-3,13640,53
2026-04-09,35,9,W,ワイド,1=5,650,12
2026-04-09,35,9,W,ワイド,1=3,220,1
2026-04-09,35,9,W,ワイド,3=5,550,9
2026-04-09,36,1,SH2,二車複,1=5,110,1
2026-04-09,36,1,ST2,二車単,1-5,120,1
2026-04-09,36,1,RH3,三連複,1=5=6,130,1
2026-04-09,36,1,RT3,三連単,1-5-6,160,1
2026-04-09,36,1,W,ワイド,1=5,100,1
2026-04-09,36,1,W,ワイド,1=6,130,2
2026-04-09,36,1,W,ワイド,5=6,150,3
2026-04-09,36,2,SH2,二車複,2=5,150,1
2026-04-09,36,2,ST2,二車単,5-2,200,1
2026-04-09,36,2,RH3,三連複,2=4=5,250,1
2026-04-09,36,2,RT3,三連単,5-2-4,440,1
2026-04-09,36,2,W,ワイド,2=5,110,1
2026-04-09,36,2,W,ワイド,4=5,170,2
2026-04-09,36,2,W,ワイド,2=4,230,5
2026-04-09,36,3,SH2,二車複,2=7,6080,13
2026-04-09,36,3,ST2,二車単,7-2,18790,27
2026-04-09,36,3,RH3,三連複,2=5=7,47480,35
2026-04-09,36,3,RT3,三連単,7-2-5,274850,184
2026-04-09,36,3,W,ワイド,2=7,2230,14
2026-04-09,36,3,W,ワイド,5=7,3240,19
2026-04-09,36,3,W,ワイド,2=5,4030,21
2026-04-09,36,4,SH2,二車複,2=6,290,1
2026-04-09,36,4,ST2,二車単,6-2,340,2
2026-04-09,36,4,RH3,三連複,2=5=6,320,1
2026-04-09,36,4,RT3,三連単,6-2-5,430,1
2026-04-09,36,4,W,ワイド,2=6,150,2
2026-04-09,36,4,W,ワイド,5=6,230,4
2026-04-09,36,4,W,ワイド,2=5,190,3
2026-04-09,36,5,SH2,二車複,3=5,100,1
2026-04-09,36,5,ST2,二車単,3-5,120,1
2026-04-09,36,5,RH3,三連複,3=4=5,600,2
2026-04-09,36,5,RT3,三連単,3-5-4,730,2
2026-04-09,36,5,W,ワイド,3=5,100,1
2026-04-09,36,5,W,ワイド,3=4,240,4
2026-04-09,36,5,W,ワイド,4=5,490,8
2026-04-09,36,6,SH2,二車複,1=4,940,4
2026-04-09,36,6,ST2,二車単,4-1,2320,10
2026-04-09,36,6,RH3,三連複,1=2=4,2300,10
2026-04-09,36,6,RT3,三連単,4-1-2,12040,40
2026-04-09,36,6,W,ワイド,1=4,420,5
2026-04-09,36,6,W,ワイド,2=4,1430,16
2026-04-09,36,6,W,ワイド,1=2,440,6
2026-04-09,36,7,SH2,二車複,3=7,350,2
2026-04-09,36,7,ST2,二車単,3-7,490,1
2026-04-09,36,7,RH3,三連複,1=3=7,1590,6
2026-04-09,36,7,RT3,三連単,3-7-1,3680,14
2026-04-09,36,7,W,ワイド,3=7,210,1
2026-04-09,36,7,W,ワイド,1=3,820,10
2026-04-09,36,7,W,ワイド,1=7,1260,13
2026-04-09,36,8,SH2,二車複,1=7,1500,5
2026-04-09,36,8,ST2,二車単,1-7,2980,8
2026-04-09,36,8,RH3,三連複,1=3=7,9660,15
2026-04-09,36,8,RT3,三連単,1-7-3,26550,42
2026-04-09,36,8,W,ワイド,1=7,1070,8
2026-04-09,36,8,W,ワイド,1=3,1250,11
2026-04-09,36,8,W,ワイド,3=7,4250,16
2026-04-09,36,9,SH2,二車複,2=5,830,5
2026-04-09,36,9,ST2,二車単,5-2,1060,5
2026-04-09,36,9,RH3,三連複,1=2=5,810,4
2026-04-09,36,9,RT3,三連単,5-2-1,2270,5
2026-04-09,36,9,W,ワイド,2=5,300,4
2026-04-09,36,9,W,ワイド,1=5,260,2
2026-04-09,36,9,W,ワイド,1=2,620,10
2026-04-09,36,10,SH2,二車複,4=5,450,2
2026-04-09,36,10,ST2,二車単,5-4,500,2
2026-04-09,36,10,RH3,三連複,3=4=5,200,1
2026-04-09,36,10,RT3,三連単,5-4-3,840,3
2026-04-09,36,10,W,ワイド,4=5,160,2
2026-04-09,36,10,W,ワイド,3=5,120,1
2026-04-09,36,10,W,ワイド,3=4,170,3
2026-04-09,36,11,SH2,二車複,3=7,480,2
2026-04-09,36,11,ST2,二車単,7-3,620,1
2026-04-09,36,11,RH3,三連複,3=4=7,1120,4
2026-04-09,36,11,RT3,三連単,7-3-4,2770,6
2026-04-09,36,11,W,ワイド,3=7,200,1
2026-04-09,36,11,W,ワイド,4=7,310,4
2026-04-09,36,11,W,ワイド,3=4,700,14
2026-04-09,44,1,SH2,二車複,3=4,670,3
2026-04-09,44,1,ST2,二車単,3-4,1340,5
2026-04-09,44,1,RH3,三連複,3=4=6,1130,3
2026-04-09,44,1,RT3,三連単,3-4-6,5650,15
2026-04-09,44,1,W,ワイド,3=4,220,2
2026-04-09,44,1,W,ワイド,3=6,260,3
2026-04-09,44,1,W,ワイド,4=6,460,9
2026-04-09,44,2,SH2,二車複,1=4,260,1
2026-04-09,44,2,ST2,二車単,4-1,660,2
2026-04-09,44,2,RH3,三連複,1=4=5,230,1
2026-04-09,44,2,RT3,三連単,4-1-5,1120,2
2026-04-09,44,2,W,ワイド,1=4,120,1
2026-04-09,44,2,W,ワイド,4=5,140,3
2026-04-09,44,2,W,ワイド,1=5,140,2
2026-04-09,44,3,SH2,二車複,1=7,210,1
2026-04-09,44,3,ST2,二車単,7-1,340,1
2026-04-09,44,3,RH3,三連複,1=2=7,700,3
2026-04-09,44,3,RT3,三連単,7-1-2,1900,4
2026-04-09,44,3,W,ワイド,1=7,130,1
2026-04-09,44,3,W,ワイド,2=7,360,7
2026-04-09,44,3,W,ワイド,1=2,360,8
2026-04-09,44,4,SH2,二車複,2=7,390,2
2026-04-09,44,4,ST2,二車単,7-2,580,1
2026-04-09,44,4,RH3,三連複,2=4=7,530,2
2026-04-09,44,4,RT3,三連単,7-2-4,1610,2
2026-04-09,44,4,W,ワイド,2=7,170,2
2026-04-09,44,4,W,ワイド,4=7,170,3
2026-04-09,44,4,W,ワイド,2=4,350,5
2026-04-09,44,5,SH2,二車複,5=7,990,5
2026-04-09,44,5,ST2,二車単,7-5,1710,7
2026-04-09,44,5,RH3,三連複,4=5=7,3630,11
2026-04-09,44,5,RT3,三連単,7-5-4,15010,44
2026-04-09,44,5,W,ワイド,5=7,270,4
2026-04-09,44,5,W,ワイド,4=7,960,12
2026-04-09,44,5,W,ワイド,4=5,930,11
2026-04-09,44,6,SH2,二車複,2=5,330,2
2026-04-09,44,6,ST2,二車単,5-2,440,2
2026-04-09,44,6,RH3,三連複,2=3=5,490,2
2026-04-09,44,6,RT3,三連単,5-2-3,1920,6
2026-04-09,44,6,W,ワイド,2=5,150,1
2026-04-09,44,6,W,ワイド,3=5,200,3
2026-04-09,44,6,W,ワイド,2=3,290,5
2026-04-09,44,7,SH2,二車複,3=5,200,1
2026-04-09,44,7,ST2,二車単,5-3,250,1
2026-04-09,44,7,RH3,三連複,2=3=5,640,2
2026-04-09,44,7,RT3,三連単,5-3-2,1100,3
2026-04-09,44,7,W,ワイド,3=5,140,2
2026-04-09,44,7,W,ワイド,2=5,260,4
2026-04-09,44,7,W,ワイド,2=3,660,10
2026-04-09,44,8,SH2,二車複,1=4,240,1
2026-04-09,44,8,ST2,二車単,4-1,880,3
2026-04-09,44,8,RH3,三連複,1=4=5,400,1
2026-04-09,44,8,RT3,三連単,4-1-5,2290,5
2026-04-09,44,8,W,ワイド,1=4,160,1
2026-04-09,44,8,W,ワイド,4=5,370,7
2026-04-09,44,8,W,ワイド,1=5,190,2
2026-04-09,44,9,SH2,二車複,3=5,1750,8
2026-04-09,44,9,ST2,二車単,5-3,2220,11
2026-04-09,44,9,RH3,三連複,3=4=5,660,2
2026-04-09,44,9,RT3,三連単,5-3-4,3790,9
2026-04-09,44,9,W,ワイド,3=5,310,5
2026-04-09,44,9,W,ワイド,4=5,220,2
2026-04-09,44,9,W,ワイド,3=4,480,11
2026-04-09,44,10,SH2,二車複,1=7,2070,6
2026-04-09,44,10,ST2,二車単,7-1,7590,24
2026-04-09,44,10,RH3,三連複,1=3=7,2510,10
2026-04-09,44,10,RT3,三連単,7-1-3,27070,73
2026-04-09,44,10,W,ワイド,1=7,680,9
2026-04-09,44,10,W,ワイド,3=7,760,10
2026-04-09,44,10,W,ワイド,1=3,650,7
2026-04-09,44,11,SH2,二車複,1=4,290,1
2026-04-09,44,11,ST2,二車単,1-4,360,1
2026-04-09,44,11,RH3,三連複,1=4=7,470,2
2026-04-09,44,11,RT3,三連単,1-4-7,810,1
2026-04-09,44,11,W,ワイド,1=4,150,1
2026-04-09,44,11,W,ワイド,1=7,320,6
2026-04-09,44,11,W,ワイド,4=7,400,7
2026-04-09,44,12,SH2,二車複,4=7,2000,7
2026-04-09,44,12,ST2,二車単,7-4,2240,8
2026-04-09,44,12,RH3,三連複,2=4=7,1890,6
2026-04-09,44,12,RT3,三連単,7-4-2,14580,44
2026-04-09,44,12,W,ワイド,4=7,440,6
2026-04-09,44,12,W,ワイド,2=7,210,2
2026-04-09,44,12,W,ワイド,2=4,1060,15
2026-04-10,26,1,WH2,枠複,1=5,1210,6
2026-04-10,26,1,WT2,枠単,5-1,3130,16
2026-04-10,26,1,SH2,二車複,1=5,1430,7
2026-04-10,26,1,ST2,二車単,5-1,3500,18
2026-04-10,26,1,RH3,三連複,1=3=5,900,2
2026-04-10,26,1,RT3,三連単,5-1-3,9740,34
2026-04-10,26,1,W,ワイド,1=5,330,4
2026-04-10,26,1,W,ワイド,3=5,260,2
2026-04-10,26,1,W,ワイド,1=3,330,5
2026-04-10,26,2,WH2,枠複,1=5,1350,7
2026-04-10,26,2,WT2,枠単,1-5,2230,9
2026-04-10,26,2,SH2,二車複,1=5,2350,10
2026-04-10,26,2,ST2,二車単,1-5,3550,14
2026-04-10,26,2,RH3,三連複,1=3=5,1360,6
2026-04-10,26,2,RT3,三連単,1-5-3,9370,37
2026-04-10,26,2,W,ワイド,1=5,800,9
2026-04-10,26,2,W,ワイド,1=3,290,4
2026-04-10,26,2,W,ワイド,3=5,540,7
2026-04-10,26,3,WH2,枠複,5=6,200,1
2026-04-10,26,3,WT2,枠単,5-6,550,2
2026-04-10,26,3,SH2,二車複,5=7,230,1
2026-04-10,26,3,ST2,二車単,5-7,630,2
2026-04-10,26,3,RH3,三連複,2=5=7,290,1
2026-04-10,26,3,RT3,三連単,5-7-2,1360,3
2026-04-10,26,3,W,ワイド,5=7,130,1
2026-04-10,26,3,W,ワイド,2=5,320,4
2026-04-10,26,3,W,ワイド,2=7,200,2
2026-04-10,26,4,WH2,枠複,2=6,1230,5
2026-04-10,26,4,WT2,枠単,2-6,1870,9
2026-04-10,26,4,SH2,二車複,2=7,1860,7
2026-04-10,26,4,ST2,二車単,2-7,4700,16
2026-04-10,26,4,RH3,三連複,2=3=7,2850,8
2026-04-10,26,4,RT3,三連単,2-7-3,25360,68
2026-04-10,26,4,W,ワイド,2=7,630,9
2026-04-10,26,4,W,ワイド,2=3,630,8
2026-04-10,26,4,W,ワイド,3=7,210,2
2026-04-10,26,5,WH2,枠複,1=5,220,1
2026-04-10,26,5,WT2,枠単,1-5,570,2
2026-04-10,26,5,SH2,二車複,1=7,260,1
2026-04-10,26,5,ST2,二車単,1-7,560,2
2026-04-10,26,5,RH3,三連複,1=3=7,1070,4
2026-04-10,26,5,RT3,三連単,1-7-3,2590,5
2026-04-10,26,5,W,ワイド,1=7,190,1
2026-04-10,26,5,W,ワイド,1=3,640,9
2026-04-10,26,5,W,ワイド,3=7,450,8
2026-04-10,26,6,WH2,枠複,2=5,200,1
2026-04-10,26,6,WT2,枠単,5-2,280,1
2026-04-10,26,6,SH2,二車複,2=7,180,1
2026-04-10,26,6,ST2,二車単,7-2,290,1
2026-04-10,26,6,RH3,三連複,2=7=9,840,4
2026-04-10,26,6,RT3,三連単,7-2-9,1580,3
2026-04-10,26,6,W,ワイド,2=7,130,1
2026-04-10,26,6,W,ワイド,7=9,290,4
2026-04-10,26,6,W,ワイド,2=9,320,6
2026-04-10,26,7,WH2,枠複,1=5,1220,5
2026-04-10,26,7,WT2,枠単,5-1,1810,10
2026-04-10,26,7,SH2,二車複,1=7,910,5
2026-04-10,26,7,ST2,二車単,7-1,1600,6
2026-04-10,26,7,RH3,三連複,1=4=7,12570,29
2026-04-10,26,7,RT3,三連単,7-1-4,23690,74
2026-04-10,26,7,W,ワイド,1=7,700,8
2026-04-10,26,7,W,ワイド,4=7,2240,19
2026-04-10,26,7,W,ワイド,1=4,7700,30
2026-04-10,26,8,WH2,枠複,1=6,150,1
2026-04-10,26,8,WT2,枠単,1-6,180,1
2026-04-10,26,8,SH2,二車複,1=9,150,1
2026-04-10,26,8,ST2,二車単,1-9,190,1
2026-04-10,26,8,RH3,三連複,1=7=9,1190,4
2026-04-10,26,8,RT3,三連単,1-9-7,2450,6
2026-04-10,26,8,W,ワイド,1=9,140,1
2026-04-10,26,8,W,ワイド,1=7,370,5
2026-04-10,26,8,W,ワイド,7=9,780,10
2026-04-10,26,9,WH2,枠複,3=5,2770,9
2026-04-10,26,9,WT2,枠単,5-3,6490,21
2026-04-10,26,9,SH2,二車複,3=7,2130,9
2026-04-10,26,9,ST2,二車単,7-3,5280,20
2026-04-10,26,9,RH3,三連複,1=3=7,1990,8
2026-04-10,26,9,RT3,三連単,7-3-1,16570,58
2026-04-10,26,9,W,ワイド,3=7,420,6
2026-04-10,26,9,W,ワイド,1=7,390,5
2026-04-10,26,9,W,ワイド,1=3,200,2
2026-04-10,26,10,WH2,枠複,1=4,110,1
2026-04-10,26,10,WT2,枠単,1-4,390,2
2026-04-10,26,10,SH2,二車複,1=5,110,1
2026-04-10,26,10,ST2,二車単,1-5,340,2
2026-04-10,26,10,RH3,三連複,1=4=5,1860,5
2026-04-10,26,10,RT3,三連単,1-5-4,7430,14
2026-04-10,26,10,W,ワイド,1=5,100,1
2026-04-10,26,10,W,ワイド,1=4,1090,13
2026-04-10,26,10,W,ワイド,4=5,370,6
2026-04-10,26,11,WH2,枠複,3=6,530,2
2026-04-10,26,11,WT2,枠単,3-6,1120,4
2026-04-10,26,11,SH2,二車複,3=9,470,2
2026-04-10,26,11,ST2,二車単,3-9,1250,4
2026-04-10,26,11,RH3,三連複,2=3=9,260,1
2026-04-10,26,11,RT3,三連単,3-9-2,2790,9
2026-04-10,26,11,W,ワイド,3=9,170,2
2026-04-10,26,11,W,ワイド,2=3,260,4
2026-04-10,26,11,W,ワイド,2=9,110,1
2026-04-10,26,12,WH2,枠複,1=5,120,1
2026-04-10,26,12,WT2,枠単,1-5,200,1
2026-04-10,26,12,SH2,二車複,1=7,120,1
2026-04-10,26,12,ST2,二車単,1-7,190,1
2026-04-10,26,12,RH3,三連複,1=3=7,710,4
2026-04-10,26,12,RT3,三連単,1-7-3,1410,6
2026-04-10,26,12,W,ワイド,1=7,110,1
2026-04-10,26,12,W,ワイド,1=3,390,5
2026-04-10,26,12,W,ワイド,3=7,540,11
2026-04-10,83,1,SH2,二車複,3=5,1020,4
2026-04-10,83,1,ST2,二車単,5-3,3420,7
2026-04-10,83,1,RH3,三連複,3=5=7,140,1
2026-04-10,83,1,RT3,三連単,5-3-7,3700,9
2026-04-10,83,1,W,ワイド,3=5,130,2
2026-04-10,83,1,W,ワイド,5=7,140,3
2026-04-10,83,1,W,ワイド,3=7,100,1
2026-04-10,83,2,SH2,二車複,1=5,220,1
2026-04-10,83,2,ST2,二車単,1-5,380,1
2026-04-10,83,2,RH3,三連複,1=4=5,190,1
2026-04-10,83,2,RT3,三連単,1-5-4,420,1
2026-04-10,83,2,W,ワイド,1=5,140,1
2026-04-10,83,2,W,ワイド,1=4,170,2
2026-04-10,83,2,W,ワイド,4=5,180,3
2026-04-10,83,3,SH2,二車複,4=7,1040,4
2026-04-10,83,3,ST2,二車単,7-4,3580,10
2026-04-10,83,3,RH3,三連複,1=4=7,720,3
2026-04-10,83,3,RT3,三連単,7-4-1,9500,20
2026-04-10,83,3,W,ワイド,4=7,250,5
2026-04-10,83,3,W,ワイド,1=7,380,7
2026-04-10,83,3,W,ワイド,1=4,120,1
2026-04-10,83,4,SH2,二車複,2=7,130,1
2026-04-10,83,4,ST2,二車単,7-2,170,1
2026-04-10,83,4,RH3,三連複,2=5=7,1210,3
2026-04-10,83,4,RT3,三連単,7-2-5,2780,5
2026-04-10,83,4,W,ワイド,2=7,100,1
2026-04-10,83,4,W,ワイド,5=7,450,5
2026-04-10,83,4,W,ワイド,2=5,990,10
2026-04-10,83,5,SH2,二車複,5=6,1170,5
2026-04-10,83,5,ST2,二車単,6-5,2460,10
2026-04-10,83,5,RH3,三連複,1=5=6,1550,7
2026-04-10,83,5,RT3,三連単,6-5-1,9030,30
2026-04-10,83,5,W,ワイド,5=6,450,7
2026-04-10,83,5,W,ワイド,1=6,1220,18
2026-04-10,83,5,W,ワイド,1=5,290,4
2026-04-10,83,6,SH2,二車複,4=5,2450,10
2026-04-10,83,6,ST2,二車単,5-4,5380,17
2026-04-10,83,6,RH3,三連複,4=5=7,7880,19
2026-04-10,83,6,RT3,三連単,5-4-7,44070,98
2026-04-10,83,6,W,ワイド,4=5,730,11
2026-04-10,83,6,W,ワイド,5=7,420,5
2026-04-10,83,6,W,ワイド,4=7,1110,13
2026-04-10,83,7,SH2,二車複,2=4,4780,14
2026-04-10,83,7,ST2,二車単,4-2,8600,24
2026-04-10,83,7,RH3,三連複,2=4=5,9490,21
2026-04-10,83,7,RT3,三連単,4-2-5,55240,122
2026-04-10,83,7,W,ワイド,2=4,700,9
2026-04-10,83,7,W,ワイド,4=5,500,6
2026-04-10,83,7,W,ワイド,2=5,1260,17
2026-04-10,83,8,SH2,二車複,4=7,350,2
2026-04-10,83,8,ST2,二車単,4-7,680,3
2026-04-10,83,8,RH3,三連複,3=4=7,3590,10
2026-04-10,83,8,RT3,三連単,4-7-3,9160,30
2026-04-10,83,8,W,ワイド,4=7,160,1
2026-04-10,83,8,W,ワイド,3=4,1280,11
2026-04-10,83,8,W,ワイド,3=7,1510,13
2026-04-10,83,9,SH2,二車複,1=7,640,4
2026-04-10,83,9,ST2,二車単,1-7,1330,5
2026-04-10,83,9,RH3,三連複,1=2=7,320,1
2026-04-10,83,9,RT3,三連単,1-7-2,2380,7
2026-04-10,83,9,W,ワイド,1=7,220,3
2026-04-10,83,9,W,ワイド,1=2,210,2
2026-04-10,83,9,W,ワイド,2=7,110,1
2026-04-10,83,10,SH2,二車複,2=5,130,1
2026-04-10,83,10,ST2,二車単,2-5,180,1
2026-04-10,83,10,RH3,三連複,2=3=5,750,4
2026-04-10,83,10,RT3,三連単,2-5-3,1150,4
2026-04-10,83,10,W,ワイド,2=5,120,1
2026-04-10,83,10,W,ワイド,2=3,220,2
2026-04-10,83,10,W,ワイド,3=5,490,10
2026-04-10,83,11,SH2,二車複,1=4,120,1
2026-04-10,83,11,ST2,二車単,4-1,400,2
2026-04-10,83,11,RH3,三連複,1=4=6,350,2
2026-04-10,83,11,RT3,三連単,4-1-6,1370,4
2026-04-10,83,11,W,ワイド,1=4,110,1
2026-04-10,83,11,W,ワイド,4=6,260,4
2026-04-10,83,11,W,ワイド,1=6,280,5
2026-04-10,83,12,SH2,二車複,5=7,220,1
2026-04-10,83,12,ST2,二車単,5-7,1780,7
2026-04-10,83,12,RH3,三連複,2=5=7,690,2
2026-04-10,83,12,RT3,三連単,5-7-2,8500,35
2026-04-10,83,12,W,ワイド,5=7,140,1
2026-04-10,83,12,W,ワイド,2=5,430,7
2026-04-10,83,12,W,ワイド,2=7,230,3
2026-04-11,26,1,SH2,二車複,1=4,280,1
2026-04-11,26,1,ST2,二車単,1-4,1330,6
2026-04-11,26,1,RH3,三連複,1=3=4,320,1
2026-04-11,26,1,RT3,三連単,1-4-3,3660,16
2026-04-11,26,1,W,ワイド,1=4,140,1
2026-04-11,26,1,W,ワイド,1=3,230,5
2026-04-11,26,1,W,ワイド,3=4,170,2
2026-04-11,26,2,WH2,枠複,1=4,580,2
2026-04-11,26,2,WT2,枠単,1-4,420,1
2026-04-11,26,2,SH2,二車複,1=4,640,3
2026-04-11,26,2,ST2,二車単,1-4,840,2
2026-04-11,26,2,RH3,三連複,1=3=4,710,2
2026-04-11,26,2,RT3,三連単,1-4-3,3240,8
2026-04-11,26,2,W,ワイド,1=4,240,3
2026-04-11,26,2,W,ワイド,1=3,170,1
2026-04-11,26,2,W,ワイド,3=4,290,5
2026-04-11,26,3,WH2,枠複,1=3,1500,8
2026-04-11,26,3,WT2,枠単,1-3,7640,23
2026-04-11,26,3,SH2,二車複,1=3,1220,6
2026-04-11,26,3,ST2,二車単,1-3,5500,20
2026-04-11,26,3,RH3,三連複,1=3=7,900,4
2026-04-11,26,3,RT3,三連単,1-3-7,16570,61
2026-04-11,26,3,W,ワイド,1=3,360,7
2026-04-11,26,3,W,ワイド,1=7,440,8
2026-04-11,26,3,W,ワイド,3=7,110,1
2026-04-11,26,4,WH2,枠複,3=6,270,1
2026-04-11,26,4,WT2,枠単,3-6,440,1
2026-04-11,26,4,SH2,二車複,3=8,3400,10
2026-04-11,26,4,ST2,二車単,3-8,4120,14
2026-04-11,26,4,RH3,三連複,3=7=8,19640,39
2026-04-11,26,4,RT3,三連単,3-8-7,54340,128
2026-04-11,26,4,W,ワイド,3=8,610,9
2026-04-11,26,4,W,ワイド,3=7,790,10
2026-04-11,26,4,W,ワイド,7=8,3780,28
2026-04-11,26,5,WH2,枠複,3=4,710,4
2026-04-11,26,5,WT2,枠単,4-3,1420,7
2026-04-11,26,5,SH2,二車複,3=4,780,3
2026-04-11,26,5,ST2,二車単,4-3,1690,6
2026-04-11,26,5,RH3,三連複,3=4=8,1840,6
2026-04-11,26,5,RT3,三連単,4-3-8,3870,5
2026-04-11,26,5,W,ワイド,3=4,590,7
2026-04-11,26,5,W,ワイド,4=8,750,11
2026-04-11,26,5,W,ワイド,3=8,1350,19
2026-04-11,26,6,WH2,枠複,1=3,200,1
2026-04-11,26,6,WT2,枠単,3-1,470,2
2026-04-11,26,6,SH2,二車複,1=3,210,1
2026-04-11,26,6,ST2,二車単,3-1,450,2
2026-04-11,26,6,RH3,三連複,1=3=9,310,1
2026-04-11,26,6,RT3,三連単,3-1-9,740,1
2026-04-11,26,6,W,ワイド,1=3,160,1
2026-04-11,26,6,W,ワイド,3=9,260,3
2026-04-11,26,6,W,ワイド,1=9,310,6
2026-04-11,26,7,WH2,枠複,3=5,680,3
2026-04-11,26,7,WT2,枠単,3-5,1120,5
2026-04-11,26,7,SH2,二車複,3=7,620,2
2026-04-11,26,7,ST2,二車単,3-7,1250,5
2026-04-11,26,7,RH3,三連複,3=5=7,1100,3
2026-04-11,26,7,RT3,三連単,3-7-5,4680,10
2026-04-11,26,7,W,ワイド,3=7,340,2
2026-04-11,26,7,W,ワイド,3=5,430,5
2026-04-11,26,7,W,ワイド,5=7,420,3
2026-04-11,26,8,WH2,枠複,1=4,360,1
2026-04-11,26,8,WT2,枠単,1-4,890,3
2026-04-11,26,8,SH2,二車複,1=5,380,2
2026-04-11,26,8,ST2,二車単,1-5,730,3
2026-04-11,26,8,RH3,三連複,1=2=5,660,1
2026-04-11,26,8,RT3,三連単,1-5-2,3130,8
2026-04-11,26,8,W,ワイド,1=5,240,2
2026-04-11,26,8,W,ワイド,1=2,320,4
2026-04-11,26,8,W,ワイド,2=5,250,3
2026-04-11,26,9,WH2,枠複,1=5,640,3
2026-04-11,26,9,WT2,枠単,1-5,1510,8
2026-04-11,26,9,SH2,二車複,1=7,600,2
2026-04-11,26,9,ST2,二車単,1-7,1760,7
2026-04-11,26,9,RH3,三連複,1=7=9,1280,3
2026-04-11,26,9,RT3,三連単,1-7-9,7470,19
2026-04-11,26,9,W,ワイド,1=7,320,3
2026-04-11,26,9,W,ワイド,1=9,730,10
2026-04-11,26,9,W,ワイド,7=9,230,1
2026-04-11,26,10,WH2,枠複,4=6,210,1
2026-04-11,26,10,WT2,枠単,4-6,370,1
2026-04-11,26,10,SH2,二車複,5=8,220,1
2026-04-11,26,10,ST2,二車単,5-8,320,1
2026-04-11,26,10,RH3,三連複,2=5=8,310,1
2026-04-11,26,10,RT3,三連単,5-8-2,710,1
2026-04-11,26,10,W,ワイド,5=8,140,1
2026-04-11,26,10,W,ワイド,2=5,190,2
2026-04-11,26,10,W,ワイド,2=8,290,4
2026-04-11,26,11,WH2,枠複,4=6,2060,8
2026-04-11,26,11,WT2,枠単,4-6,4350,14
2026-04-11,26,11,SH2,二車複,5=9,6080,18
2026-04-11,26,11,ST2,二車単,5-9,14280,38
2026-04-11,26,11,RH3,三連複,5=7=9,3700,16
2026-04-11,26,11,RT3,三連単,5-9-7,41870,125
2026-04-11,26,11,W,ワイド,5=9,1670,22
2026-04-11,26,11,W,ワイド,5=7,330,3
2026-04-11,26,11,W,ワイド,7=9,560,6
2026-04-11,26,12,WH2,枠複,3=6,670,3
2026-04-11,26,12,WT2,枠単,3-6,1230,5
2026-04-11,26,12,SH2,二車複,3=9,590,3
2026-04-11,26,12,ST2,二車単,3-9,1360,6
2026-04-11,26,12,RH3,三連複,1=3=9,870,2
2026-04-11,26,12,RT3,三連単,3-9-1,4210,13
2026-04-11,26,12,W,ワイド,3=9,300,3
2026-04-11,26,12,W,ワイド,1=3,390,5
2026-04-11,26,12,W,ワイド,1=9,380,4
2026-04-11,38,1,SH2,二車複,1=3,200,1
2026-04-11,38,1,ST2,二車単,1-3,330,1
2026-04-11,38,1,RH3,三連複,1=3=4,690,3
2026-04-11,38,1,RT3,三連単,1-3-4,1520,5
2026-04-11,38,1,W,ワイド,1=3,120,1
2026-04-11,38,1,W,ワイド,1=4,180,3
2026-04-11,38,1,W,ワイド,3=4,300,6
2026-04-11,38,2,SH2,二車複,1=2,130,1
2026-04-11,38,2,ST2,二車単,1-2,170,1
2026-04-11,38,2,RH3,三連複,1=2=5,1230,4
2026-04-11,38,2,RT3,三連単,1-2-5,2620,7
2026-04-11,38,2,W,ワイド,1=2,100,1
2026-04-11,38,2,W,ワイド,1=5,490,7
2026-04-11,38,2,W,ワイド,2=5,1050,9
2026-04-11,38,3,SH2,二車複,1=3,170,1
2026-04-11,38,3,ST2,二車単,1-3,190,1
2026-04-11,38,3,RH3,三連複,1=2=3,160,1
2026-04-11,38,3,RT3,三連単,1-3-2,410,1
2026-04-11,38,3,W,ワイド,1=3,100,1
2026-04-11,38,3,W,ワイド,1=2,120,2
2026-04-11,38,3,W,ワイド,2=3,190,4
2026-04-11,38,4,SH2,二車複,1=4,600,4
2026-04-11,38,4,ST2,二車単,1-4,1160,4
2026-04-11,38,4,RH3,三連複,1=2=4,580,2
2026-04-11,38,4,RT3,三連単,1-4-2,3120,9
2026-04-11,38,4,W,ワイド,1=4,190,4
2026-04-11,38,4,W,ワイド,1=2,140,1
2026-04-11,38,4,W,ワイド,2=4,290,5
2026-04-11,38,5,SH2,二車複,1=4,1070,4
2026-04-11,38,5,ST2,二車単,1-4,1520,5
2026-04-11,38,5,RH3,三連複,1=4=6,4390,9
2026-04-11,38,5,RT3,三連単,1-4-6,12360,30
2026-04-11,38,5,W,ワイド,1=4,240,3
2026-04-11,38,5,W,ワイド,1=6,540,8
2026-04-11,38,5,W,ワイド,4=6,1910,13
2026-04-11,38,6,SH2,二車複,1=3,360,2
2026-04-11,38,6,ST2,二車単,3-1,400,2
2026-04-11,38,6,RH3,三連複,1=2=3,190,1
2026-04-11,38,6,RT3,三連単,3-1-2,700,2
2026-04-11,38,6,W,ワイド,1=3,110,1
2026-04-11,38,6,W,ワイド,2=3,120,2
2026-04-11,38,6,W,ワイド,1=2,130,3
2026-04-11,38,7,SH2,二車複,1=6,4060,9
2026-04-11,38,7,ST2,二車単,1-6,4050,9
2026-04-11,38,7,RH3,三連複,1=4=6,5120,13
2026-04-11,38,7,RT3,三連単,1-6-4,20910,41
2026-04-11,38,7,W,ワイド,1=6,1160,11
2026-04-11,38,7,W,ワイド,1=4,270,3
2026-04-11,38,7,W,ワイド,4=6,5280,21
2026-04-11,38,8,SH2,二車複,2=4,850,5
2026-04-11,38,8,ST2,二車単,2-4,1160,4
2026-04-11,38,8,RH3,三連複,1=2=4,430,2
2026-04-11,38,8,RT3,三連単,2-4-1,2660,7
2026-04-11,38,8,W,ワイド,2=4,230,5
2026-04-11,38,8,W,ワイド,1=2,120,1
2026-04-11,38,8,W,ワイド,1=4,180,2
2026-04-11,38,9,SH2,二車複,1=4,500,2
2026-04-11,38,9,ST2,二車単,1-4,550,3
2026-04-11,38,9,RH3,三連複,1=3=4,710,3
2026-04-11,38,9,RT3,三連単,1-4-3,1760,6
2026-04-11,38,9,W,ワイド,1=4,250,3
2026-04-11,38,9,W,ワイド,1=3,160,2
2026-04-11,38,9,W,ワイド,3=4,610,8
2026-04-11,42,1,SH2,二車複,5=6,780,3
2026-04-11,42,1,ST2,二車単,6-5,1150,4
2026-04-11,42,1,RH3,三連複,4=5=6,7920,14
2026-04-11,42,1,RT3,三連単,6-5-4,18910,44
2026-04-11,42,1,W,ワイド,5=6,270,3
2026-04-11,42,1,W,ワイド,4=6,1330,13
2026-04-11,42,1,W,ワイド,4=5,740,9
2026-04-11,42,2,SH2,二車複,1=5,240,1
2026-04-11,42,2,ST2,二車単,1-5,340,1
2026-04-11,42,2,RH3,三連複,1=5=7,540,3
2026-04-11,42,2,RT3,三連単,1-5-7,1330,4
2026-04-11,42,2,W,ワイド,1=5,140,2
2026-04-11,42,2,W,ワイド,1=7,130,1
2026-04-11,42,2,W,ワイド,5=7,210,4
2026-04-11,42,3,SH2,二車複,2=4,100,1
2026-04-11,42,3,ST2,二車単,4-2,120,1
2026-04-11,42,3,RH3,三連複,2=4=7,130,1
2026-04-11,42,3,RT3,三連単,4-2-7,190,1
2026-04-11,42,3,W,ワイド,2=4,100,1
2026-04-11,42,3,W,ワイド,4=7,110,2
2026-04-11,42,3,W,ワイド,2=7,150,3
2026-04-11,42,4,SH2,二車複,3=7,190,1
2026-04-11,42,4,ST2,二車単,7-3,660,3
2026-04-11,42,4,RH3,三連複,3=5=7,390,2
2026-04-11,42,4,RT3,三連単,7-3-5,3110,9
2026-04-11,42,4,W,ワイド,3=7,180,1
2026-04-11,42,4,W,ワイド,5=7,310,7
2026-04-11,42,4,W,ワイド,3=5,230,4
2026-04-11,42,5,SH2,二車複,2=7,110,1
2026-04-11,42,5,ST2,二車単,2-7,150,1
2026-04-11,42,5,RH3,三連複,2=5=7,240,1
2026-04-11,42,5,RT3,三連単,2-7-5,440,1
2026-04-11,42,5,W,ワイド,2=7,100,1
2026-04-11,42,5,W,ワイド,2=5,300,6
2026-04-11,42,5,W,ワイド,5=7,250,4
2026-04-11,42,6,SH2,二車複,2=4,140,1
2026-04-11,42,6,ST2,二車単,4-2,160,1
2026-04-11,42,6,RH3,三連複,2=4=5,260,1
2026-04-11,42,6,RT3,三連単,4-2-5,390,1
2026-04-11,42,6,W,ワイド,2=4,110,1
2026-04-11,42,6,W,ワイド,4=5,210,3
2026-04-11,42,6,W,ワイド,2=5,320,7
2026-04-11,42,7,SH2,二車複,5=7,2990,4
2026-04-11,42,7,ST2,二車単,7-5,2570,5
2026-04-11,42,7,RH3,三連複,3=5=7,8250,11
2026-04-11,42,7,RT3,三連単,7-5-3,21400,26
2026-04-11,42,7,W,ワイド,5=7,1800,6
2026-04-11,42,7,W,ワイド,3=7,1550,5
2026-04-11,42,7,W,ワイド,3=5,6560,15
2026-04-11,63,1,SH2,二車複,3=4,8580,18
2026-04-11,63,1,ST2,二車単,3-4,14470,31
2026-04-11,63,1,RH3,三連複,3=4=7,11420,26
2026-04-11,63,1,RT3,三連単,3-4-7,112380,159
2026-04-11,63,1,W,ワイド,3=4,960,17
2026-04-11,63,1,W,ワイド,3=7,700,12
2026-04-11,63,1,W,ワイド,4=7,920,15
2026-04-11,63,2,SH2,二車複,3=5,1330,3
2026-04-11,63,2,ST2,二車単,5-3,1150,4
2026-04-11,63,2,RH3,三連複,1=3=5,120,1
2026-04-11,63,2,RT3,三連単,5-3-1,1180,4
2026-04-11,63,2,W,ワイド,3=5,110,3
2026-04-11,63,2,W,ワイド,1=5,100,1
2026-04-11,63,2,W,ワイド,1=3,110,2
2026-04-11,63,3,SH2,二車複,2=7,320,1
2026-04-11,63,3,ST2,二車単,7-2,570,2
2026-04-11,63,3,RH3,三連複,2=6=7,3820,11
2026-04-11,63,3,RT3,三連単,7-2-6,6660,22
2026-04-11,63,3,W,ワイド,2=7,210,1
2026-04-11,63,3,W,ワイド,6=7,1540,19
2026-04-11,63,3,W,ワイド,2=6,1270,17
2026-04-11,63,4,SH2,二車複,2=5,2360,11
2026-04-11,63,4,ST2,二車単,2-5,2150,7
2026-04-11,63,4,RH3,三連複,2=5=6,590,1
2026-04-11,63,4,RT3,三連単,2-5-6,5330,14
2026-04-11,63,4,W,ワイド,2=5,270,2
2026-04-11,63,4,W,ワイド,2=6,150,1
2026-04-11,63,4,W,ワイド,5=6,500,11
2026-04-11,63,5,SH2,二車複,3=4,140,1
2026-04-11,63,5,ST2,二車単,4-3,170,1
2026-04-11,63,5,RH3,三連複,3=4=7,310,1
2026-04-11,63,5,RT3,三連単,4-3-7,460,1
2026-04-11,63,5,W,ワイド,3=4,100,1
2026-04-11,63,5,W,ワイド,4=7,280,5
2026-04-11,63,5,W,ワイド,3=7,210,3
2026-04-11,63,6,SH2,二車複,2=7,180,1
2026-04-11,63,6,ST2,二車単,7-2,180,1
2026-04-11,63,6,RH3,三連複,2=5=7,230,1
2026-04-11,63,6,RT3,三連単,7-2-5,290,1
2026-04-11,63,6,W,ワイド,2=7,110,1
2026-04-11,63,6,W,ワイド,5=7,140,2
2026-04-11,63,6,W,ワイド,2=5,200,4
2026-04-11,63,7,SH2,二車複,2=6,210,1
2026-04-11,63,7,ST2,二車単,2-6,240,1
2026-04-11,63,7,RH3,三連複,2=3=6,1440,6
2026-04-11,63,7,RT3,三連単,2-6-3,2530,7
2026-04-11,63,7,W,ワイド,2=6,190,2
2026-04-11,63,7,W,ワイド,2=3,310,4
2026-04-11,63,7,W,ワイド,3=6,830,10
2026-04-12,26,1,SH2,二車複,1=3,330,2
2026-04-12,26,1,ST2,二車単,3-1,670,4
2026-04-12,26,1,RH3,三連複,1=2=3,270,1
2026-04-12,26,1,RT3,三連単,3-1-2,1610,8
2026-04-12,26,1,W,ワイド,1=3,110,2
2026-04-12,26,1,W,ワイド,2=3,200,5
2026-04-12,26,1,W,ワイド,1=2,100,1
2026-04-12,26,2,SH2,二車複,1=2,240,1
2026-04-12,26,2,ST2,二車単,2-1,520,3
2026-04-12,26,2,RH3,三連複,1=2=3,620,2
2026-04-12,26,2,RT3,三連単,2-1-3,2290,7
2026-04-12,26,2,W,ワイド,1=2,130,1
2026-04-12,26,2,W,ワイド,2=3,250,3
2026-04-12,26,2,W,ワイド,1=3,320,7
2026-04-12,26,3,SH2,二車複,2=5,180,1
2026-04-12,26,3,ST2,二車単,2-5,660,2
2026-04-12,26,3,RH3,三連複,2=3=5,400,2
2026-04-12,26,3,RT3,三連単,2-5-3,2320,6
2026-04-12,26,3,W,ワイド,2=5,110,1
2026-04-12,26,3,W,ワイド,2=3,320,7
2026-04-12,26,3,W,ワイド,3=5,210,2
2026-04-12,26,4,WH2,枠複,1=6,360,1
2026-04-12,26,4,WT2,枠単,6-1,560,1
2026-04-12,26,4,SH2,二車複,1=9,350,1
2026-04-12,26,4,ST2,二車単,9-1,550,1
2026-04-12,26,4,RH3,三連複,1=4=9,4090,15
2026-04-12,26,4,RT3,三連単,9-1-4,8970,29
2026-04-12,26,4,W,ワイド,1=9,180,1
2026-04-12,26,4,W,ワイド,4=9,1250,16
2026-04-12,26,4,W,ワイド,1=4,2460,24
2026-04-12,26,5,WH2,枠複,4=6,520,2
2026-04-12,26,5,WT2,枠単,6-4,1660,6
2026-04-12,26,5,SH2,二車複,5=8,900,4
2026-04-12,26,5,ST2,二車単,8-5,1800,9
2026-04-12,26,5,RH3,三連複,4=5=8,8240,30
2026-04-12,26,5,RT3,三連単,8-5-4,28190,93
2026-04-12,26,5,W,ワイド,5=8,490,6
2026-04-12,26,5,W,ワイド,4=8,2800,29
2026-04-12,26,5,W,ワイド,4=5,1120,14
2026-04-12,26,6,WH2,枠複,2=6,2430,12
2026-04-12,26,6,WT2,枠単,2-6,4140,19
2026-04-12,26,6,SH2,二車複,2=9,6140,20
2026-04-12,26,6,ST2,二車単,2-9,9790,29
2026-04-12,26,6,RH3,三連複,2=7=9,2130,9
2026-04-12,26,6,RT3,三連単,2-9-7,35520,101
2026-04-12,26,6,W,ワイド,2=9,1260,17
2026-04-12,26,6,W,ワイド,2=7,210,2
2026-04-12,26,6,W,ワイド,7=9,570,8
2026-04-12,26,7,WH2,枠複,1=6,360,1
2026-04-12,26,7,WT2,枠単,6-1,630,1
2026-04-12,26,7,SH2,二車複,1=9,360,1
2026-04-12,26,7,ST2,二車単,9-1,530,1
2026-04-12,26,7,RH3,三連複,1=7=9,580,1
2026-04-12,26,7,RT3,三連単,9-1-7,960,1
2026-04-12,26,7,W,ワイド,1=9,220,1
2026-04-12,26,7,W,ワイド,7=9,450,7
2026-04-12,26,7,W,ワイド,1=7,450,7
2026-04-12,26,8,WH2,枠複,1=6,710,2
2026-04-12,26,8,WT2,枠単,1-6,1020,2
2026-04-12,26,8,SH2,二車複,1=8,850,4
2026-04-12,26,8,ST2,二車単,1-8,1280,3
2026-04-12,26,8,RH3,三連複,1=7=8,1600,6
2026-04-12,26,8,RT3,三連単,1-8-7,4110,7
2026-04-12,26,8,W,ワイド,1=8,440,5
2026-04-12,26,8,W,ワイド,1=7,550,8
2026-04-12,26,8,W,ワイド,7=8,1880,23
2026-04-12,26,9,WH2,枠複,3=6,910,5
2026-04-12,26,9,WT2,枠単,3-6,2270,9
2026-04-12,26,9,SH2,二車複,3=8,5840,15
2026-04-12,26,9,ST2,二車単,3-8,6300,17
2026-04-12,26,9,RH3,三連複,3=7=8,1880,6
2026-04-12,26,9,RT3,三連単,3-8-7,14790,38
2026-04-12,26,9,W,ワイド,3=8,1330,15
2026-04-12,26,9,W,ワイド,3=7,470,5
2026-04-12,26,9,W,ワイド,7=8,1790,18
2026-04-12,26,10,WH2,枠複,1=3,390,1
2026-04-12,26,10,WT2,枠単,3-1,350,1
2026-04-12,26,10,SH2,二車複,1=3,360,1
2026-04-12,26,10,ST2,二車単,3-1,440,1
2026-04-12,26,10,RH3,三連複,1=3=9,820,2
2026-04-12,26,10,RT3,三連単,3-1-9,1540,2
2026-04-12,26,10,W,ワイド,1=3,130,1
2026-04-12,26,10,W,ワイド,3=9,250,3
2026-04-12,26,10,W,ワイド,1=9,690,10
2026-04-12,26,11,WH2,枠複,4=6,730,5
2026-04-12,26,11,WT2,枠単,6-4,1640,7
2026-04-12,26,11,SH2,二車複,4=9,950,4
2026-04-12,26,11,ST2,二車単,9-4,2010,8
2026-04-12,26,11,RH3,三連複,1=4=9,7120,26
2026-04-12,26,11,RT3,三連単,9-4-1,24700,83
2026-04-12,26,11,W,ワイド,4=9,590,9
2026-04-12,26,11,W,ワイド,1=9,1510,19
2026-04-12,26,11,W,ワイド,1=4,2240,28
2026-04-12,26,12,WH2,枠複,3=6,330,1
2026-04-12,26,12,WT2,枠単,3-6,570,2
2026-04-12,26,12,SH2,二車複,3=9,400,1
2026-04-12,26,12,ST2,二車単,3-9,470,1
2026-04-12,26,12,RH3,三連複,3=5=9,560,2
2026-04-12,26,12,RT3,三連単,3-9-5,1430,2
2026-04-12,26,12,W,ワイド,3=9,250,3
2026-04-12,26,12,W,ワイド,3=5,190,1
2026-04-12,26,12,W,ワイド,5=9,610,10
2026-04-12,38,1,SH2,二車複,1=2,180,1
2026-04-12,38,1,ST2,二車単,1-2,190,1
2026-04-12,38,1,RH3,三連複,1=2=5,1960,6
2026-04-12,38,1,RT3,三連単,1-2-5,3520,10
2026-04-12,38,1,W,ワイド,1=2,100,1
2026-04-12,38,1,W,ワイド,1=5,540,7
2026-04-12,38,1,W,ワイド,2=5,630,8
2026-04-12,38,2,SH2,二車複,2=4,470,2
2026-04-12,38,2,ST2,二車単,2-4,720,3
2026-04-12,38,2,RH3,三連複,2=4=6,3870,10
2026-04-12,38,2,RT3,三連単,2-4-6,10040,27
2026-04-12,38,2,W,ワイド,2=4,220,3
2026-04-12,38,2,W,ワイド,2=6,1250,10
2026-04-12,38,2,W,ワイド,4=6,3000,13
2026-04-12,38,3,SH2,二車複,1=3,1530,6
2026-04-12,38,3,ST2,二車単,3-1,7030,16
2026-04-12,38,3,RH3,三連複,1=2=3,370,2
2026-04-12,38,3,RT3,三連単,3-1-2,16430,44
2026-04-12,38,3,W,ワイド,1=3,300,6
2026-04-12,38,3,W,ワイド,2=3,220,3
2026-04-12,38,3,W,ワイド,1=2,130,1
2026-04-12,38,4,SH2,二車複,3=7,3980,8
2026-04-12,38,4,ST2,二車単,3-7,4360,14
2026-04-12,38,4,RH3,三連複,3=4=7,3520,9
2026-04-12,38,4,RT3,三連単,3-7-4,22680,51
2026-04-12,38,4,W,ワイド,3=7,690,9
2026-04-12,38,4,W,ワイド,3=4,280,4
2026-04-12,38,4,W,ワイド,4=7,2790,16
2026-04-12,38,5,SH2,二車複,1=7,1890,7
2026-04-12,38,5,ST2,二車単,7-1,9530,22
2026-04-12,38,5,RH3,三連複,1=4=7,3010,10
2026-04-12,38,5,RT3,三連単,7-1-4,55820,101
2026-04-12,38,5,W,ワイド,1=7,600,9
2026-04-12,38,5,W,ワイド,4=7,1000,12
2026-04-12,38,5,W,ワイド,1=4,420,6
2026-04-12,38,6,SH2,二車複,2=6,3700,11
2026-04-12,38,6,ST2,二車単,2-6,5720,20
2026-04-12,38,6,RH3,三連複,2=3=6,7840,23
2026-04-12,38,6,RT3,三連単,2-6-3,38990,117
2026-04-12,38,6,W,ワイド,2=6,850,11
2026-04-12,38,6,W,ワイド,2=3,360,6
2026-04-12,38,6,W,ワイド,3=6,2630,21
2026-04-12,38,7,SH2,二車複,1=5,1150,3
2026-04-12,38,7,ST2,二車単,1-5,1260,4
2026-04-12,38,7,RH3,三連複,1=2=5,390,2
2026-04-12,38,7,RT3,三連単,1-5-2,2860,12
2026-04-12,38,7,W,ワイド,1=5,220,4
2026-04-12,38,7,W,ワイド,1=2,110,1
2026-04-12,38,7,W,ワイド,2=5,290,5
2026-04-12,38,8,SH2,二車複,1=3,700,4
2026-04-12,38,8,ST2,二車単,3-1,790,4
2026-04-12,38,8,RH3,三連複,1=2=3,830,3
2026-04-12,38,8,RT3,三連単,3-1-2,2600,8
2026-04-12,38,8,W,ワイド,1=3,220,4
2026-04-12,38,8,W,ワイド,2=3,210,3
2026-04-12,38,8,W,ワイド,1=2,600,9
2026-04-12,38,9,SH2,二車複,1=2,200,1
2026-04-12,38,9,ST2,二車単,1-2,260,1
2026-04-12,38,9,RH3,三連複,1=2=5,380,1
2026-04-12,38,9,RT3,三連単,1-2-5,880,2
2026-04-12,38,9,W,ワイド,1=2,140,1
2026-04-12,38,9,W,ワイド,1=5,200,2
2026-04-12,38,9,W,ワイド,2=5,250,4
2026-04-12,46,1,SH2,二車複,1=2,1220,5
2026-04-12,46,1,ST2,二車単,1-2,1860,7
2026-04-12,46,1,RH3,三連複,1=2=4,850,4
2026-04-12,46,1,RT3,三連単,1-2-4,4620,16
2026-04-12,46,1,W,ワイド,1=2,340,5
2026-04-12,46,1,W,ワイド,1=4,170,1
2026-04-12,46,1,W,ワイド,2=4,560,8
2026-04-12,46,2,SH2,二車複,3=4,750,4
2026-04-12,46,2,ST2,二車単,3-4,1800,7
2026-04-12,46,2,RH3,三連複,3=4=7,260,1
2026-04-12,46,2,RT3,三連単,3-4-7,3180,14
2026-04-12,46,2,W,ワイド,3=4,150,3
2026-04-12,46,2,W,ワイド,3=7,130,1
2026-04-12,46,2,W,ワイド,4=7,150,2
2026-04-12,46,3,SH2,二車複,2=7,150,1
2026-04-12,46,3,ST2,二車単,7-2,230,1
2026-04-12,46,3,RH3,三連複,2=4=7,880,3
2026-04-12,46,3,RT3,三連単,7-2-4,2510,6
2026-04-12,46,3,W,ワイド,2=7,100,1
2026-04-12,46,3,W,ワイド,4=7,410,7
2026-04-12,46,3,W,ワイド,2=4,520,9
2026-04-12,46,4,SH2,二車複,1=4,100,1
2026-04-12,46,4,ST2,二車単,4-1,230,2
2026-04-12,46,4,RH3,三連複,1=3=4,1800,3
2026-04-12,46,4,RT3,三連単,4-1-3,4620,9
2026-04-12,46,4,W,ワイド,1=4,100,1
2026-04-12,46,4,W,ワイド,3=4,830,9
2026-04-12,46,4,W,ワイド,1=3,410,6
2026-04-12,46,5,SH2,二車複,3=7,940,5
2026-04-12,46,5,ST2,二車単,7-3,2330,11
2026-04-12,46,5,RH3,三連複,2=3=7,850,3
2026-04-12,46,5,RT3,三連単,7-3-2,7280,25
2026-04-12,46,5,W,ワイド,3=7,400,7
2026-04-12,46,5,W,ワイド,2=7,270,2
2026-04-12,46,5,W,ワイド,2=3,370,5
2026-04-12,46,6,SH2,二車複,2=3,1330,4
2026-04-12,46,6,ST2,二車単,2-3,2020,6
2026-04-12,46,6,RH3,三連複,2=3=4,200,1
2026-04-12,46,6,RT3,三連単,2-3-4,3350,13
2026-04-12,46,6,W,ワイド,2=3,160,3
2026-04-12,46,6,W,ワイド,2=4,130,2
2026-04-12,46,6,W,ワイド,3=4,100,1
2026-04-12,46,7,SH2,二車複,3=7,9060,18
2026-04-12,46,7,ST2,二車単,7-3,18700,32
2026-04-12,46,7,RH3,三連複,1=3=7,11660,22
2026-04-12,46,7,RT3,三連単,7-3-1,144360,156
2026-04-12,46,7,W,ワイド,3=7,2410,19
2026-04-12,46,7,W,ワイド,1=7,310,3
2026-04-12,46,7,W,ワイド,1=3,1070,13
2026-04-12,46,8,SH2,二車複,2=5,1380,4
2026-04-12,46,8,ST2,二車単,5-2,2010,8
2026-04-12,46,8,RH3,三連複,2=3=5,7550,18
2026-04-12,46,8,RT3,三連単,5-2-3,22180,52
2026-04-12,46,8,W,ワイド,2=5,460,6
2026-04-12,46,8,W,ワイド,3=5,1070,12
2026-04-12,46,8,W,ワイド,2=3,2230,16
2026-04-12,46,9,SH2,二車複,2=6,5280,12
2026-04-12,46,9,ST2,二車単,6-2,10560,21
2026-04-12,46,9,RH3,三連複,2=4=6,16530,27
2026-04-12,46,9,RT3,三連単,6-2-4,61070,99
2026-04-12,46,9,W,ワイド,2=6,1940,16
2026-04-12,46,9,W,ワイド,4=6,4600,19
2026-04-12,46,9,W,ワイド,2=4,1860,14
2026-04-12,46,10,SH2,二車複,1=2,5020,11
2026-04-12,46,10,ST2,二車単,2-1,7260,18
2026-04-12,46,10,RH3,三連複,1=2=5,8700,19
2026-04-12,46,10,RT3,三連単,2-1-5,45230,82
2026-04-12,46,10,W,ワイド,1=2,1710,15
2026-04-12,46,10,W,ワイド,2=5,630,9
2026-04-12,46,10,W,ワイド,1=5,650,10
2026-04-12,46,11,SH2,二車複,1=7,1290,5
2026-04-12,46,11,ST2,二車単,7-1,2680,9
2026-04-12,46,11,RH3,三連複,1=4=7,1800,7
2026-04-12,46,11,RT3,三連単,7-1-4,8910,30
2026-04-12,46,11,W,ワイド,1=7,460,5
2026-04-12,46,11,W,ワイド,4=7,780,9
2026-04-12,46,11,W,ワイド,1=4,450,4
2026-04-12,46,12,SH2,二車複,3=7,390,1
2026-04-12,46,12,ST2,二車単,7-3,720,2
2026-04-12,46,12,RH3,三連複,3=6=7,660,1
2026-04-12,46,12,RT3,三連単,7-3-6,2040,1
2026-04-12,46,12,W,ワイド,3=7,190,1
2026-04-12,46,12,W,ワイド,6=7,480,9
2026-04-12,46,12,W,ワイド,3=6,240,2
2026-04-13,12,1,SH2,二車複,1=5,150,1
2026-04-13,12,1,ST2,二車単,5-1,460,2
2026-04-13,12,1,RH3,三連複,1=2=5,1450,4
2026-04-13,12,1,RT3,三連単,5-1-2,4870,13
2026-04-13,12,1,W,ワイド,1=5,130,1
2026-04-13,12,1,W,ワイド,2=5,700,9
2026-04-13,12,1,W,ワイド,1=2,640,7
2026-04-13,12,2,SH2,二車複,2=5,650,3
2026-04-13,12,2,ST2,二車単,2-5,1970,7
2026-04-13,12,2,RH3,三連複,2=5=7,890,4
2026-04-13,12,2,RT3,三連単,2-5-7,7600,23
2026-04-13,12,2,W,ワイド,2=5,230,2
2026-04-13,12,2,W,ワイド,2=7,440,6
2026-04-13,12,2,W,ワイド,5=7,380,5
2026-04-13,12,3,SH2,二車複,1=2,570,3
2026-04-13,12,3,ST2,二車単,2-1,1490,7
2026-04-13,12,3,RH3,三連複,1=2=4,590,2
2026-04-13,12,3,RT3,三連単,2-1-4,4850,15
2026-04-13,12,3,W,ワイド,1=2,170,1
2026-04-13,12,3,W,ワイド,2=4,340,6
2026-04-13,12,3,W,ワイド,1=4,220,2
2026-04-13,12,4,SH2,二車複,2=3,760,3
2026-04-13,12,4,ST2,二車単,3-2,1060,4
2026-04-13,12,4,RH3,三連複,2=3=4,8510,21
2026-04-13,12,4,RT3,三連単,3-2-4,23850,68
2026-04-13,12,4,W,ワイド,2=3,370,5
2026-04-13,12,4,W,ワイド,3=4,1700,16
2026-04-13,12,4,W,ワイド,2=4,2130,18
2026-04-13,12,5,SH2,二車複,1=3,440,2
2026-04-13,12,5,ST2,二車単,1-3,410,2
2026-04-13,12,5,RH3,三連複,1=3=4,360,1
2026-04-13,12,5,RT3,三連単,1-3-4,1630,6
2026-04-13,12,5,W,ワイド,1=3,150,2
2026-04-13,12,5,W,ワイド,1=4,130,1
2026-04-13,12,5,W,ワイド,3=4,330,6
2026-04-13,12,6,SH2,二車複,3=4,330,1
2026-04-13,12,6,ST2,二車単,4-3,410,1
2026-04-13,12,6,RH3,三連複,1=3=4,370,2
2026-04-13,12,6,RT3,三連単,4-3-1,1000,1
2026-04-13,12,6,W,ワイド,3=4,130,1
2026-04-13,12,6,W,ワイド,1=4,150,2
2026-04-13,12,6,W,ワイド,1=3,220,5
2026-04-13,12,7,SH2,二車複,4=5,1350,6
2026-04-13,12,7,ST2,二車単,4-5,1750,5
2026-04-13,12,7,RH3,三連複,4=5=7,3960,15
2026-04-13,12,7,RT3,三連単,4-5-7,12120,41
2026-04-13,12,7,W,ワイド,4=5,530,8
2026-04-13,12,7,W,ワイド,4=7,360,3
2026-04-13,12,7,W,ワイド,5=7,1560,19
2026-04-13,12,8,SH2,二車複,3=7,440,2
2026-04-13,12,8,ST2,二車単,3-7,540,1
2026-04-13,12,8,RH3,三連複,1=3=7,290,1
2026-04-13,12,8,RT3,三連単,3-7-1,1000,1
2026-04-13,12,8,W,ワイド,3=7,140,1
2026-04-13,12,8,W,ワイド,1=3,210,3
2026-04-13,12,8,W,ワイド,1=7,160,2
2026-04-13,12,9,SH2,二車複,2=4,1370,5
2026-04-13,12,9,ST2,二車単,2-4,2790,11
2026-04-13,12,9,RH3,三連複,2=3=4,3650,13
2026-04-13,12,9,RT3,三連単,2-4-3,12430,37
2026-04-13,12,9,W,ワイド,2=4,650,9
2026-04-13,12,9,W,ワイド,2=3,660,10
2026-04-13,12,9,W,ワイド,3=4,380,4
2026-04-13,12,10,SH2,二車複,3=6,940,4
2026-04-13,12,10,ST2,二車単,6-3,2060,9
2026-04-13,12,10,RH3,三連複,3=4=6,3060,15
2026-04-13,12,10,RT3,三連単,6-3-4,10800,39
2026-04-13,12,10,W,ワイド,3=6,660,10
2026-04-13,12,10,W,ワイド,4=6,1690,21
2026-04-13,12,10,W,ワイド,3=4,810,12
2026-04-13,12,11,SH2,二車複,3=4,300,1
2026-04-13,12,11,ST2,二車単,3-4,370,1
2026-04-13,12,11,RH3,三連複,1=3=4,480,1
2026-04-13,12,11,RT3,三連単,3-4-1,710,1
2026-04-13,12,11,W,ワイド,3=4,140,1
2026-04-13,12,11,W,ワイド,1=3,150,2
2026-04-13,12,11,W,ワイド,1=4,430,8
2026-04-13,12,12,SH2,二車複,1=4,110,1
2026-04-13,12,12,ST2,二車単,1-4,140,1
2026-04-13,12,12,RH3,三連複,1=3=4,590,2
2026-04-13,12,12,RT3,三連単,1-4-3,910,3
2026-04-13,12,12,W,ワイド,1=4,100,1
2026-04-13,12,12,W,ワイド,1=3,450,5
2026-04-13,12,12,W,ワイド,3=4,530,6
2026-04-13,37,1,SH2,二車複,2=6,4110,14
2026-04-13,37,1,ST2,二車単,2-6,7430,22
2026-04-13,37,1,RH3,三連複,1=2=6,3870,14
2026-04-13,37,1,RT3,三連単,2-6-1,19560,67
2026-04-13,37,1,W,ワイド,2=6,1680,17
2026-04-13,37,1,W,ワイド,1=2,520,9
2026-04-13,37,1,W,ワイド,1=6,500,8
2026-04-13,37,2,SH2,二車複,3=4,2050,5
2026-04-13,37,2,ST2,二車単,4-3,2770,6
2026-04-13,37,2,RH3,三連複,3=4=7,16410,22
2026-04-13,37,2,RT3,三連単,4-3-7,43110,67
2026-04-13,37,2,W,ワイド,3=4,690,6
2026-04-13,37,2,W,ワイド,4=7,1130,11
2026-04-13,37,2,W,ワイド,3=7,3250,19
2026-04-13,37,3,SH2,二車複,2=4,150,1
2026-04-13,37,3,ST2,二車単,2-4,130,1
2026-04-13,37,3,RH3,三連複,2=4=5,150,1
2026-04-13,37,3,RT3,三連単,2-4-5,190,1
2026-04-13,37,3,W,ワイド,2=4,100,1
2026-04-13,37,3,W,ワイド,2=5,150,2
2026-04-13,37,3,W,ワイド,4=5,180,4
2026-04-13,37,4,SH2,二車複,1=5,110,1
2026-04-13,37,4,ST2,二車単,1-5,350,2
2026-04-13,37,4,RH3,三連複,1=4=5,150,1
2026-04-13,37,4,RT3,三連単,1-5-4,420,2
2026-04-13,37,4,W,ワイド,1=5,100,1
2026-04-13,37,4,W,ワイド,1=4,180,4
2026-04-13,37,4,W,ワイド,4=5,150,2
2026-04-13,37,5,SH2,二車複,3=7,1710,3
2026-04-13,37,5,ST2,二車単,7-3,1750,4
2026-04-13,37,5,RH3,三連複,1=3=7,3900,6
2026-04-13,37,5,RT3,三連単,7-3-1,8470,16
2026-04-13,37,5,W,ワイド,3=7,1150,8
2026-04-13,37,5,W,ワイド,1=7,500,4
2026-04-13,37,5,W,ワイド,1=3,3250,12
2026-04-13,37,6,SH2,二車複,3=7,140,1
2026-04-13,37,6,ST2,二車単,3-7,250,1
2026-04-13,37,6,RH3,三連複,1=3=7,1020,4
2026-04-13,37,6,RT3,三連単,3-7-1,2190,5
2026-04-13,37,6,W,ワイド,3=7,140,1
2026-04-13,37,6,W,ワイド,1=3,550,8
2026-04-13,37,6,W,ワイド,1=7,690,11
2026-04-13,37,7,SH2,二車複,3=5,140,1
2026-04-13,37,7,ST2,二車単,3-5,150,1
2026-04-13,37,7,RH3,三連複,3=5=7,130,1
2026-04-13,37,7,RT3,三連単,3-5-7,220,1
2026-04-13,37,7,W,ワイド,3=5,100,1
2026-04-13,37,7,W,ワイド,3=7,120,2
2026-04-13,37,7,W,ワイド,5=7,130,3
2026-04-13,37,8,SH2,二車複,1=4,120,1
2026-04-13,37,8,ST2,二車単,1-4,180,1
2026-04-13,37,8,RH3,三連複,1=2=4,700,3
2026-04-13,37,8,RT3,三連単,1-4-2,1100,4
2026-04-13,37,8,W,ワイド,1=4,130,1
2026-04-13,37,8,W,ワイド,1=2,370,6
2026-04-13,37,8,W,ワイド,2=4,270,5
2026-04-13,37,9,SH2,二車複,1=5,100,1
2026-04-13,37,9,ST2,二車単,5-1,260,2
2026-04-13,37,9,RH3,三連複,1=4=5,170,1
2026-04-13,37,9,RT3,三連単,5-1-4,560,2
2026-04-13,37,9,W,ワイド,1=5,100,1
2026-04-13,37,9,W,ワイド,4=5,170,3
2026-04-13,37,9,W,ワイド,1=4,170,2
2026-04-13,37,10,SH2,二車複,1=6,1250,3
2026-04-13,37,10,ST2,二車単,1-6,980,3
2026-04-13,37,10,RH3,三連複,1=4=6,180,1
2026-04-13,37,10,RT3,三連単,1-6-4,1520,4
2026-04-13,37,10,W,ワイド,1=6,190,3
2026-04-13,37,10,W,ワイド,1=4,110,1
2026-04-13,37,10,W,ワイド,4=6,200,4
2026-04-13,37,11,SH2,二車複,3=6,1240,7
2026-04-13,37,11,ST2,二車単,6-3,2480,10
2026-04-13,37,11,RH3,三連複,1=3=6,3150,14
2026-04-13,37,11,RT3,三連単,6-3-1,18720,78
2026-04-13,37,11,W,ワイド,3=6,600,11
2026-04-13,37,11,W,ワイド,1=6,1170,18
2026-04-13,37,11,W,ワイド,1=3,540,8
2026-04-13,44,1,SH2,二車複,4=7,460,2
2026-04-13,44,1,ST2,二車単,4-7,740,4
2026-04-13,44,1,RH3,三連複,3=4=7,270,1
2026-04-13,44,1,RT3,三連単,4-7-3,1270,3
2026-04-13,44,1,W,ワイド,4=7,140,2
2026-04-13,44,1,W,ワイド,3=4,180,4
2026-04-13,44,1,W,ワイド,3=7,100,1
2026-04-13,44,2,SH2,二車複,3=5,18260,14
2026-04-13,44,2,ST2,二車単,3-5,48580,27
2026-04-13,44,2,RH3,三連複,3=4=5,23860,23
2026-04-13,44,2,RT3,三連単,3-5-4,255660,129
2026-04-13,44,2,W,ワイド,3=5,990,10
2026-04-13,44,2,W,ワイド,3=4,3220,17
2026-04-13,44,2,W,ワイド,4=5,490,6
2026-04-13,44,3,SH2,二車複,1=4,220,1
2026-04-13,44,3,ST2,二車単,1-4,260,1
2026-04-13,44,3,RH3,三連複,1=2=4,460,2
2026-04-13,44,3,RT3,三連単,1-4-2,790,2
2026-04-13,44,3,W,ワイド,1=4,110,1
2026-04-13,44,3,W,ワイド,1=2,140,2
2026-04-13,44,3,W,ワイド,2=4,270,4
2026-04-13,44,4,SH2,二車複,1=2,490,2
2026-04-13,44,4,ST2,二車単,2-1,600,2
2026-04-13,44,4,RH3,三連複,1=2=5,180,1
2026-04-13,44,4,RT3,三連単,2-1-5,790,3
2026-04-13,44,4,W,ワイド,1=2,120,3
2026-04-13,44,4,W,ワイド,2=5,100,1
2026-04-13,44,4,W,ワイド,1=5,110,2
2026-04-13,44,5,SH2,二車複,1=7,120,1
2026-04-13,44,5,ST2,二車単,7-1,110,1
2026-04-13,44,5,RH3,三連複,1=5=7,140,1
2026-04-13,44,5,RT3,三連単,7-1-5,170,1
2026-04-13,44,5,W,ワイド,1=7,100,1
2026-04-13,44,5,W,ワイド,5=7,140,3
2026-04-13,44,5,W,ワイド,1=5,130,2
2026-04-13,44,6,SH2,二車複,1=4,210,1
2026-04-13,44,6,ST2,二車単,1-4,220,1
2026-04-13,44,6,RH3,三連複,1=4=5,410,2
2026-04-13,44,6,RT3,三連単,1-4-5,1010,2
2026-04-13,44,6,W,ワイド,1=4,160,1
2026-04-13,44,6,W,ワイド,1=5,180,2
2026-04-13,44,6,W,ワイド,4=5,230,4
2026-04-13,44,7,SH2,二車複,1=4,190,1
2026-04-13,44,7,ST2,二車単,4-1,510,3
2026-04-13,44,7,RH3,三連複,1=4=5,300,1
2026-04-13,44,7,RT3,三連単,4-1-5,1030,2
2026-04-13,44,7,W,ワイド,1=4,110,1
2026-04-13,44,7,W,ワイド,4=5,310,6
2026-04-13,44,7,W,ワイド,1=5,220,4
2026-04-13,44,8,SH2,二車複,1=2,930,3
2026-04-13,44,8,ST2,二車単,2-1,2070,5
2026-04-13,44,8,RH3,三連複,1=2=5,240,1
2026-04-13,44,8,RT3,三連単,2-1-5,2540,7
2026-04-13,44,8,W,ワイド,1=2,140,2
2026-04-13,44,8,W,ワイド,2=5,120,1
2026-04-13,44,8,W,ワイド,1=5,170,3
2026-04-13,44,9,SH2,二車複,1=7,130,1
2026-04-13,44,9,ST2,二車単,1-7,170,1
2026-04-13,44,9,RH3,三連複,1=6=7,340,2
2026-04-13,44,9,RT3,三連単,1-7-6,580,2
2026-04-13,44,9,W,ワイド,1=7,120,1
2026-04-13,44,9,W,ワイド,1=6,380,6
2026-04-13,44,9,W,ワイド,6=7,420,8
2026-04-13,44,10,SH2,二車複,1=7,120,1
2026-04-13,44,10,ST2,二車単,7-1,280,2
2026-04-13,44,10,RH3,三連複,1=5=7,190,1
2026-04-13,44,10,RT3,三連単,7-1-5,420,2
2026-04-13,44,10,W,ワイド,1=7,100,1
2026-04-13,44,10,W,ワイド,5=7,150,2
2026-04-13,44,10,W,ワイド,1=5,160,3
2026-04-13,44,11,SH2,二車複,1=7,660,2
2026-04-13,44,11,ST2,二車単,1-7,1160,5
2026-04-13,44,11,RH3,三連複,1=5=7,1180,4
2026-04-13,44,11,RT3,三連単,1-7-5,4580,14
2026-04-13,44,11,W,ワイド,1=7,240,2
2026-04-13,44,11,W,ワイド,1=5,550,7
2026-04-13,44,11,W,ワイド,5=7,720,11
2026-04-13,73,1,SH2,二車複,1=3,430,2
2026-04-13,73,1,ST2,二車単,1-3,310,2
2026-04-13,73,1,RH3,三連複,1=2=3,160,1
2026-04-13,73,1,RT3,三連単,1-3-2,570,2
2026-04-13,73,1,W,ワイド,1=3,110,2
2026-04-13,73,1,W,ワイド,1=2,100,1
2026-04-13,73,1,W,ワイド,2=3,130,3
2026-04-13,73,2,SH2,二車複,1=2,140,1
2026-04-13,73,2,ST2,二車単,1-2,200,1
2026-04-13,73,2,RH3,三連複,1=2=3,260,2
2026-04-13,73,2,RT3,三連単,1-2-3,420,2
2026-04-13,73,2,W,ワイド,1=2,100,1
2026-04-13,73,2,W,ワイド,1=3,160,3
2026-04-13,73,2,W,ワイド,2=3,190,4
2026-04-13,73,3,SH2,二車複,1=2,240,1
2026-04-13,73,3,ST2,二車単,1-2,290,2
2026-04-13,73,3,RH3,三連複,1=2=4,440,3
2026-04-13,73,3,RT3,三連単,1-2-4,970,4
2026-04-13,73,3,W,ワイド,1=2,140,1
2026-04-13,73,3,W,ワイド,1=4,140,2
2026-04-13,73,3,W,ワイド,2=4,310,6
2026-04-13,73,4,SH2,二車複,1=2,270,1
2026-04-13,73,4,ST2,二車単,1-2,900,4
2026-04-13,73,4,RH3,三連複,1=2=4,430,2
2026-04-13,73,4,RT3,三連単,1-2-4,2660,10
2026-04-13,73,4,W,ワイド,1=2,150,2
2026-04-13,73,4,W,ワイド,1=4,230,4
2026-04-13,73,4,W,ワイド,2=4,210,3
2026-04-13,73,5,SH2,二車複,3=5,330,1
2026-04-13,73,5,ST2,二車単,5-3,560,1
2026-04-13,73,5,RH3,三連複,2=3=5,900,3
2026-04-13,73,5,RT3,三連単,5-3-2,3690,11
2026-04-13,73,5,W,ワイド,3=5,170,1
2026-04-13,73,5,W,ワイド,2=5,520,8
2026-04-13,73,5,W,ワイド,2=3,330,6
2026-04-13,73,6,SH2,二車複,1=2,160,1
2026-04-13,73,6,ST2,二車単,1-2,220,1
2026-04-13,73,6,RH3,三連複,1=2=7,5250,12
2026-04-13,73,6,RT3,三連単,1-2-7,9880,20
2026-04-13,73,6,W,ワイド,1=2,150,1
2026-04-13,73,6,W,ワイド,1=7,2400,14
2026-04-13,73,6,W,ワイド,2=7,3930,17
2026-04-13,73,7,SH2,二車複,1=6,200,1
2026-04-13,73,7,ST2,二車単,6-1,230,1
2026-04-13,73,7,RH3,三連複,1=3=6,610,2
2026-04-13,73,7,RT3,三連単,6-1-3,1420,4
2026-04-13,73,7,W,ワイド,1=6,120,1
2026-04-13,73,7,W,ワイド,3=6,210,4
2026-04-13,73,7,W,ワイド,1=3,250,5
2026-04-13,73,8,SH2,二車複,1=2,620,3
2026-04-13,73,8,ST2,二車単,1-2,980,4
2026-04-13,73,8,RH3,三連複,1=2=5,190,1
2026-04-13,73,8,RT3,三連単,1-2-5,1830,6
2026-04-13,73,8,W,ワイド,1=2,160,3
2026-04-13,73,8,W,ワイド,1=5,100,1
2026-04-13,73,8,W,ワイド,2=5,140,2
2026-04-13,73,9,SH2,二車複,1=5,290,2
2026-04-13,73,9,ST2,二車単,1-5,420,2
2026-04-13,73,9,RH3,三連複,1=4=5,1520,6
2026-04-13,73,9,RT3,三連単,1-5-4,2530,8
2026-04-13,73,9,W,ワイド,1=5,210,3
2026-04-13,73,9,W,ワイド,1=4,300,4
2026-04-13,73,9,W,ワイド,4=5,1620,12
2026-04-13,81,1,SH2,二車複,2=3,970,4
2026-04-13,81,1,ST2,二車単,2-3,1370,4
2026-04-13,81,1,RH3,三連複,1=2=3,170,1
2026-04-13,81,1,RT3,三連単,2-3-1,2480,8
2026-04-13,81,1,W,ワイド,2=3,160,3
2026-04-13,81,1,W,ワイド,1=2,100,1
2026-04-13,81,1,W,ワイド,1=3,130,2
2026-04-13,81,2,SH2,二車複,1=4,1690,5
2026-04-13,81,2,ST2,二車単,1-4,2210,6
2026-04-13,81,2,RH3,三連複,1=2=4,370,2
2026-04-13,81,2,RT3,三連単,1-4-2,3710,11
2026-04-13,81,2,W,ワイド,1=4,210,4
2026-04-13,81,2,W,ワイド,1=2,100,1
2026-04-13,81,2,W,ワイド,2=4,210,5
2026-04-13,81,3,SH2,二車複,1=2,150,1
2026-04-13,81,3,ST2,二車単,1-2,170,1
2026-04-13,81,3,RH3,三連複,1=2=3,210,1
2026-04-13,81,3,RT3,三連単,1-2-3,360,1
2026-04-13,81,3,W,ワイド,1=2,110,1
2026-04-13,81,3,W,ワイド,1=3,150,2
2026-04-13,81,3,W,ワイド,2=3,170,4
2026-04-13,81,4,SH2,二車複,1=2,160,1
2026-04-13,81,4,ST2,二車単,1-2,290,1
2026-04-13,81,4,RH3,三連複,1=2=3,690,4
2026-04-13,81,4,RT3,三連単,1-2-3,1640,4
2026-04-13,81,4,W,ワイド,1=2,130,1
2026-04-13,81,4,W,ワイド,1=3,430,9
2026-04-13,81,4,W,ワイド,2=3,320,6
2026-04-13,81,5,SH2,二車複,1=2,150,1
2026-04-13,81,5,ST2,二車単,1-2,200,1
2026-04-13,81,5,RH3,三連複,1=2=4,270,1
2026-04-13,81,5,RT3,三連単,1-2-4,650,1
2026-04-13,81,5,W,ワイド,1=2,120,1
2026-04-13,81,5,W,ワイド,1=4,170,3
2026-04-13,81,5,W,ワイド,2=4,170,2
2026-04-13,81,6,SH2,二車複,3=6,15270,13
2026-04-13,81,6,ST2,二車単,3-6,26490,20
2026-04-13,81,6,RH3,三連複,3=5=6,30020,26
2026-04-13,81,6,RT3,三連単,3-6-5,174290,104
2026-04-13,81,6,W,ワイド,3=6,2990,15
2026-04-13,81,6,W,ワイド,3=5,1150,10
2026-04-13,81,6,W,ワイド,5=6,6120,20
2026-04-13,81,7,SH2,二車複,2=3,550,3
2026-04-13,81,7,ST2,二車単,2-3,810,3
2026-04-13,81,7,RH3,三連複,1=2=3,370,1
2026-04-13,81,7,RT3,三連単,2-3-1,2290,6
2026-04-13,81,7,W,ワイド,2=3,200,3
2026-04-13,81,7,W,ワイド,1=2,200,2
2026-04-13,81,7,W,ワイド,1=3,260,5
2026-04-13,81,8,SH2,二車複,1=7,1470,6
2026-04-13,81,8,ST2,二車単,7-1,2920,9
2026-04-13,81,8,RH3,三連複,1=3=7,3230,13
2026-04-13,81,8,RT3,三連単,7-1-3,12800,44
2026-04-13,81,8,W,ワイド,1=7,650,8
2026-04-13,81,8,W,ワイド,3=7,1470,17
2026-04-13,81,8,W,ワイド,1=3,280,3
2026-04-13,81,9,SH2,二車複,1=2,260,1
2026-04-13,81,9,ST2,二車単,1-2,230,1
2026-04-13,81,9,RH3,三連複,1=2=3,560,3
2026-04-13,81,9,RT3,三連単,1-2-3,880,2
2026-04-13,81,9,W,ワイド,1=2,160,2
2026-04-13,81,9,W,ワイド,1=3,220,4
2026-04-13,81,9,W,ワイド,2=3,360,6
2026-04-14,44,1,SH2,二車複,1=4,320,2
2026-04-14,44,1,ST2,二車単,4-1,860,4
2026-04-14,44,1,RH3,三連複,1=3=4,340,2
2026-04-14,44,1,RT3,三連単,4-1-3,2190,9
2026-04-14,44,1,W,ワイド,1=4,210,3
2026-04-14,44,1,W,ワイド,3=4,200,2
2026-04-14,44,1,W,ワイド,1=3,210,4
2026-04-14,44,2,SH2,二車複,1=2,230,1
2026-04-14,44,2,ST2,二車単,2-1,350,1
2026-04-14,44,2,RH3,三連複,1=2=5,400,3
2026-04-14,44,2,RT3,三連単,2-1-5,1330,5
2026-04-14,44,2,W,ワイド,1=2,180,3
2026-04-14,44,2,W,ワイド,2=5,160,2
2026-04-14,44,2,W,ワイド,1=5,190,5
2026-04-14,44,3,SH2,二車複,2=7,1550,7
2026-04-14,44,3,ST2,二車単,2-7,4010,17
2026-04-14,44,3,RH3,三連複,1=2=7,440,2
2026-04-14,44,3,RT3,三連単,2-7-1,9360,35
2026-04-14,44,3,W,ワイド,2=7,370,6
2026-04-14,44,3,W,ワイド,1=2,250,3
2026-04-14,44,3,W,ワイド,1=7,200,2
2026-04-14,44,4,SH2,二車複,4=5,280,2
2026-04-14,44,4,ST2,二車単,5-4,310,2
2026-04-14,44,4,RH3,三連複,3=4=5,1840,5
2026-04-14,44,4,RT3,三連単,5-4-3,2420,8
2026-04-14,44,4,W,ワイド,4=5,160,2
2026-04-14,44,4,W,ワイド,3=5,240,5
2026-04-14,44,4,W,ワイド,3=4,510,8
2026-04-14,44,5,SH2,二車複,1=5,100,1
2026-04-14,44,5,ST2,二車単,1-5,140,1
2026-04-14,44,5,RH3,三連複,1=3=5,840,3
2026-04-14,44,5,RT3,三連単,1-5-3,1170,5
2026-04-14,44,5,W,ワイド,1=5,100,1
2026-04-14,44,5,W,ワイド,1=3,370,6
2026-04-14,44,5,W,ワイド,3=5,560,8
2026-04-14,44,6,SH2,二車複,2=4,1970,6
2026-04-14,44,6,ST2,二車単,4-2,2190,5
2026-04-14,44,6,RH3,三連複,2=4=6,4370,10
2026-04-14,44,6,RT3,三連単,4-2-6,9950,19
2026-04-14,44,6,W,ワイド,2=4,330,4
2026-04-14,44,6,W,ワイド,4=6,1350,17
2026-04-14,44,6,W,ワイド,2=6,1090,14
2026-04-14,44,7,SH2,二車複,4=5,150,1
2026-04-14,44,7,ST2,二車単,4-5,190,1
2026-04-14,44,7,RH3,三連複,2=4=5,140,1
2026-04-14,44,7,RT3,三連単,4-5-2,250,1
2026-04-14,44,7,W,ワイド,4=5,100,1
2026-04-14,44,7,W,ワイド,2=4,140,3
2026-04-14,44,7,W,ワイド,2=5,110,2
2026-04-14,44,8,SH2,二車複,1=7,630,3
2026-04-14,44,8,ST2,二車単,1-7,460,2
2026-04-14,44,8,RH3,三連複,1=4=7,320,1
2026-04-14,44,8,RT3,三連単,1-7-4,1150,3
2026-04-14,44,8,W,ワイド,1=7,210,3
2026-04-14,44,8,W,ワイド,1=4,140,1
2026-04-14,44,8,W,ワイド,4=7,230,4
2026-04-14,44,9,SH2,二車複,2=5,360,2
2026-04-14,44,9,ST2,二車単,2-5,1080,6
2026-04-14,44,9,RH3,三連複,2=3=5,520,4
2026-04-14,44,9,RT3,三連単,2-5-3,3940,15
2026-04-14,44,9,W,ワイド,2=5,210,4
2026-04-14,44,9,W,ワイド,2=3,360,7
2026-04-14,44,9,W,ワイド,3=5,120,1
2026-04-14,44,10,SH2,二車複,3=5,980,3
2026-04-14,44,10,ST2,二車単,3-5,1960,6
2026-04-14,44,10,RH3,三連複,3=4=5,1210,5
2026-04-14,44,10,RT3,三連単,3-5-4,5400,20
2026-04-14,44,10,W,ワイド,3=5,650,8
2026-04-14,44,10,W,ワイド,3=4,330,3
2026-04-14,44,10,W,ワイド,4=5,510,6
2026-04-14,44,11,SH2,二車複,2=4,160,1
2026-04-14,44,11,ST2,二車単,2-4,190,1
2026-04-14,44,11,RH3,三連複,2=4=7,1120,4
2026-04-14,44,11,RT3,三連単,2-4-7,1760,4
2026-04-14,44,11,W,ワイド,2=4,130,1
2026-04-14,44,11,W,ワイド,2=7,590,7
2026-04-14,44,11,W,ワイド,4=7,660,9
2026-04-14,87,1,SH2,二車複,4=5,150,1
2026-04-14,87,1,ST2,二車単,5-4,450,2
2026-04-14,87,1,RH3,三連複,1=4=5,490,2
2026-04-14,87,1,RT3,三連単,5-4-1,1790,5
2026-04-14,87,1,W,ワイド,4=5,110,1
2026-04-14,87,1,W,ワイド,1=5,290,5
2026-04-14,87,1,W,ワイド,1=4,260,4
2026-04-14,87,2,SH2,二車複,3=5,1880,5
2026-04-14,87,2,ST2,二車単,3-5,2020,8
2026-04-14,87,2,RH3,三連複,2=3=5,20350,24
2026-04-14,87,2,RT3,三連単,3-5-2,43580,72
2026-04-14,87,2,W,ワイド,3=5,550,7
2026-04-14,87,2,W,ワイド,2=3,2650,16
2026-04-14,87,2,W,ワイド,2=5,3830,20
2026-04-14,87,3,SH2,二車複,3=7,230,1
2026-04-14,87,3,ST2,二車単,7-3,210,1
2026-04-14,87,3,RH3,三連複,3=5=7,530,2
2026-04-14,87,3,RT3,三連単,7-3-5,960,2
2026-04-14,87,3,W,ワイド,3=7,160,1
2026-04-14,87,3,W,ワイド,5=7,230,3
2026-04-14,87,3,W,ワイド,3=5,320,5
2026-04-14,87,4,SH2,二車複,2=4,130,1
2026-04-14,87,4,ST2,二車単,2-4,200,1
2026-04-14,87,4,RH3,三連複,1=2=4,810,4
2026-04-14,87,4,RT3,三連単,2-4-1,1290,6
2026-04-14,87,4,W,ワイド,2=4,100,1
2026-04-14,87,4,W,ワイド,1=2,210,2
2026-04-14,87,4,W,ワイド,1=4,250,7
2026-04-14,87,5,SH2,二車複,2=7,760,3
2026-04-14,87,5,ST2,二車単,7-2,5280,10
2026-04-14,87,5,RH3,三連複,2=4=7,1120,4
2026-04-14,87,5,RT3,三連単,7-2-4,11790,25
2026-04-14,87,5,W,ワイド,2=7,310,4
2026-04-14,87,5,W,ワイド,4=7,680,9
2026-04-14,87,5,W,ワイド,2=4,260,3
2026-04-14,87,6,SH2,二車複,1=7,120,1
2026-04-14,87,6,ST2,二車単,7-1,180,1
2026-04-14,87,6,RH3,三連複,1=2=7,350,2
2026-04-14,87,6,RT3,三連単,7-1-2,590,3
2026-04-14,87,6,W,ワイド,1=7,100,1
2026-04-14,87,6,W,ワイド,2=7,210,4
2026-04-14,87,6,W,ワイド,1=2,310,6
2026-04-14,87,7,SH2,二車複,2=5,470,2
2026-04-14,87,7,ST2,二車単,2-5,700,2
2026-04-14,87,7,RH3,三連複,1=2=5,300,1
2026-04-14,87,7,RT3,三連単,2-5-1,1410,2
2026-04-14,87,7,W,ワイド,2=5,180,1
2026-04-14,87,7,W,ワイド,1=2,180,2
2026-04-14,87,7,W,ワイド,1=5,210,3
2026-04-15,23,1,SH2,二車複,1=5,590,3
2026-04-15,23,1,ST2,二車単,1-5,490,2
2026-04-15,23,1,RH3,三連複,1=2=5,1510,6
2026-04-15,23,1,RT3,三連単,1-5-2,4500,12
2026-04-15,23,1,W,ワイド,1=5,220,2
2026-04-15,23,1,W,ワイド,1=2,230,3
2026-04-15,23,1,W,ワイド,2=5,1190,12
2026-04-15,23,2,SH2,二車複,5=7,390,2
2026-04-15,23,2,ST2,二車単,7-5,1340,7
2026-04-15,23,2,RH3,三連複,1=5=7,390,1
2026-04-15,23,2,RT3,三連単,7-5-1,3240,8
2026-04-15,23,2,W,ワイド,5=7,190,2
2026-04-15,23,2,W,ワイド,1=7,390,6
2026-04-15,23,2,W,ワイド,1=5,240,3
2026-04-15,23,3,SH2,二車複,1=2,240,1
2026-04-15,23,3,ST2,二車単,2-1,560,3
2026-04-15,23,3,RH3,三連複,1=2=5,1130,4
2026-04-15,23,3,RT3,三連単,2-1-5,3270,9
2026-04-15,23,3,W,ワイド,1=2,180,1
2026-04-15,23,3,W,ワイド,2=5,750,9
2026-04-15,23,3,W,ワイド,1=5,300,5
2026-04-15,23,4,SH2,二車複,3=6,6050,13
2026-04-15,23,4,ST2,二車単,3-6,13850,28
2026-04-15,23,4,RH3,三連複,3=5=6,3350,12
2026-04-15,23,4,RT3,三連単,3-6-5,50860,88
2026-04-15,23,4,W,ワイド,3=6,1060,13
2026-04-15,23,4,W,ワイド,3=5,220,3
2026-04-15,23,4,W,ワイド,5=6,530,7
2026-04-15,23,5,SH2,二車複,2=7,2320,9
2026-04-15,23,5,ST2,二車単,7-2,2820,9
2026-04-15,23,5,RH3,三連複,2=3=7,3540,10
2026-04-15,23,5,RT3,三連単,7-2-3,23160,69
2026-04-15,23,5,W,ワイド,2=7,450,8
2026-04-15,23,5,W,ワイド,3=7,720,12
2026-04-15,23,5,W,ワイド,2=3,430,7
2026-04-15,23,6,SH2,二車複,1=6,1460,5
2026-04-15,23,6,ST2,二車単,1-6,4250,12
2026-04-15,23,6,RH3,三連複,1=3=6,450,3
2026-04-15,23,6,RT3,三連単,1-6-3,8650,25
2026-04-15,23,6,W,ワイド,1=6,340,6
2026-04-15,23,6,W,ワイド,1=3,180,3
2026-04-15,23,6,W,ワイド,3=6,160,2
2026-04-15,23,7,SH2,二車複,1=4,190,1
2026-04-15,23,7,ST2,二車単,4-1,230,1
2026-04-15,23,7,RH3,三連複,1=3=4,270,1
2026-04-15,23,7,RT3,三連単,4-1-3,540,1
2026-04-15,23,7,W,ワイド,1=4,110,1
2026-04-15,23,7,W,ワイド,3=4,120,2
2026-04-15,23,7,W,ワイド,1=3,200,4
2026-04-15,23,8,SH2,二車複,2=5,1020,4
2026-04-15,23,8,ST2,二車単,2-5,1350,6
2026-04-15,23,8,RH3,三連複,2=5=6,13900,28
2026-04-15,23,8,RT3,三連単,2-5-6,27660,78
2026-04-15,23,8,W,ワイド,2=5,520,7
2026-04-15,23,8,W,ワイド,2=6,2120,19
2026-04-15,23,8,W,ワイド,5=6,2880,20
2026-04-15,23,9,SH2,二車複,2=5,380,1
2026-04-15,23,9,ST2,二車単,2-5,530,1
2026-04-15,23,9,RH3,三連複,2=4=5,860,3
2026-04-15,23,9,RT3,三連単,2-5-4,2190,3
2026-04-15,23,9,W,ワイド,2=5,220,2
2026-04-15,23,9,W,ワイド,2=4,380,6
2026-04-15,23,9,W,ワイド,4=5,550,9
2026-04-15,23,10,SH2,二車複,1=6,200,1
2026-04-15,23,10,ST2,二車単,6-1,250,1
2026-04-15,23,10,RH3,三連複,1=4=6,310,1
2026-04-15,23,10,RT3,三連単,6-1-4,630,1
2026-04-15,23,10,W,ワイド,1=6,140,1
2026-04-15,23,10,W,ワイド,4=6,280,5
2026-04-15,23,10,W,ワイド,1=4,270,4
2026-04-15,23,11,SH2,二車複,2=7,150,1
2026-04-15,23,11,ST2,二車単,2-7,180,1
2026-04-15,23,11,RH3,三連複,1=2=7,440,2
2026-04-15,23,11,RT3,三連単,2-7-1,830,2
2026-04-15,23,11,W,ワイド,2=7,110,1
2026-04-15,23,11,W,ワイド,1=2,190,2
2026-04-15,23,11,W,ワイド,1=7,340,6
2026-04-15,23,12,SH2,二車複,3=4,1110,6
2026-04-15,23,12,ST2,二車単,4-3,3600,15
2026-04-15,23,12,RH3,三連複,2=3=4,560,2
2026-04-15,23,12,RT3,三連単,4-3-2,7440,30
2026-04-15,23,12,W,ワイド,3=4,390,6
2026-04-15,23,12,W,ワイド,2=4,320,5
2026-04-15,23,12,W,ワイド,2=3,260,2
2026-04-15,44,1,SH2,二車複,1=5,390,2
2026-04-15,44,1,ST2,二車単,1-5,410,2
2026-04-15,44,1,RH3,三連複,1=2=5,480,3
2026-04-15,44,1,RT3,三連単,1-5-2,1570,5
2026-04-15,44,1,W,ワイド,1=5,120,1
2026-04-15,44,1,W,ワイド,1=2,340,7
2026-04-15,44,1,W,ワイド,2=5,180,4
2026-04-15,44,2,SH2,二車複,5=6,420,3
2026-04-15,44,2,ST2,二車単,6-5,2950,9
2026-04-15,44,2,RH3,三連複,2=5=6,690,3
2026-04-15,44,2,RT3,三連単,6-5-2,12410,32
2026-04-15,44,2,W,ワイド,5=6,170,2
2026-04-15,44,2,W,ワイド,2=6,390,7
2026-04-15,44,2,W,ワイド,2=5,230,4
2026-04-15,44,3,SH2,二車複,2=5,490,2
2026-04-15,44,3,ST2,二車単,5-2,540,2
2026-04-15,44,3,RH3,三連複,2=5=6,3840,12
2026-04-15,44,3,RT3,三連単,5-2-6,6040,16
2026-04-15,44,3,W,ワイド,2=5,200,3
2026-04-15,44,3,W,ワイド,5=6,1010,10
2026-04-15,44,3,W,ワイド,2=6,1800,16
2026-04-15,44,4,SH2,二車複,5=7,1880,5
2026-04-15,44,4,ST2,二車単,7-5,2270,5
2026-04-15,44,4,RH3,三連複,2=5=7,660,2
2026-04-15,44,4,RT3,三連単,7-5-2,3990,10
2026-04-15,44,4,W,ワイド,5=7,420,6
2026-04-15,44,4,W,ワイド,2=7,240,4
2026-04-15,44,4,W,ワイド,2=5,610,7
2026-04-15,44,5,SH2,二車複,1=4,200,1
2026-04-15,44,5,ST2,二車単,1-4,300,1
2026-04-15,44,5,RH3,三連複,1=3=4,400,1
2026-04-15,44,5,RT3,三連単,1-4-3,690,1
2026-04-15,44,5,W,ワイド,1=4,150,2
2026-04-15,44,5,W,ワイド,1=3,130,1
2026-04-15,44,5,W,ワイド,3=4,280,5
2026-04-15,44,6,SH2,二車複,2=3,200,1
2026-04-15,44,6,ST2,二車単,3-2,330,1
2026-04-15,44,6,RH3,三連複,2=3=7,350,1
2026-04-15,44,6,RT3,三連単,3-2-7,720,1
2026-04-15,44,6,W,ワイド,2=3,150,1
2026-04-15,44,6,W,ワイド,3=7,240,3
2026-04-15,44,6,W,ワイド,2=7,340,8
2026-04-15,44,7,SH2,二車複,3=4,1090,6
2026-04-15,44,7,ST2,二車単,3-4,2240,10
2026-04-15,44,7,RH3,三連複,3=4=7,1640,8
2026-04-15,44,7,RT3,三連単,3-4-7,13770,53
2026-04-15,44,7,W,ワイド,3=4,300,4
2026-04-15,44,7,W,ワイド,3=7,180,1
2026-04-15,44,7,W,ワイド,4=7,510,7
2026-04-15,44,8,SH2,二車複,1=5,1720,7
2026-04-15,44,8,ST2,二車単,5-1,3380,14
2026-04-15,44,8,RH3,三連複,1=2=5,4000,14
2026-04-15,44,8,RT3,三連単,5-1-2,17960,57
2026-04-15,44,8,W,ワイド,1=5,310,5
2026-04-15,44,8,W,ワイド,2=5,730,11
2026-04-15,44,8,W,ワイド,1=2,1140,13
2026-04-15,44,9,SH2,二車複,5=7,170,1
2026-04-15,44,9,ST2,二車単,7-5,260,1
2026-04-15,44,9,RH3,三連複,1=5=7,160,1
2026-04-15,44,9,RT3,三連単,7-5-1,400,1
2026-04-15,44,9,W,ワイド,5=7,110,1
2026-04-15,44,9,W,ワイド,1=7,120,2
2026-04-15,44,9,W,ワイド,1=5,170,3
2026-04-15,44,10,SH2,二車複,1=5,390,2
2026-04-15,44,10,ST2,二車単,5-1,510,2
2026-04-15,44,10,RH3,三連複,1=5=7,180,1
2026-04-15,44,10,RT3,三連単,5-1-7,710,2
2026-04-15,44,10,W,ワイド,1=5,110,2
2026-04-15,44,10,W,ワイド,5=7,110,1
2026-04-15,44,10,W,ワイド,1=7,160,3
2026-04-15,44,11,SH2,二車複,3=7,340,1
2026-04-15,44,11,ST2,二車単,7-3,860,3
2026-04-15,44,11,RH3,三連複,2=3=7,1070,4
2026-04-15,44,11,RT3,三連単,7-3-2,4030,11
2026-04-15,44,11,W,ワイド,3=7,220,2
2026-04-15,44,11,W,ワイド,2=7,590,9
2026-04-15,44,11,W,ワイド,2=3,540,7
2026-04-15,73,1,SH2,二車複,1=3,680,2
2026-04-15,73,1,ST2,二車単,1-3,850,3
2026-04-15,73,1,RH3,三連複,1=2=3,230,1
2026-04-15,73,1,RT3,三連単,1-3-2,1930,6
2026-04-15,73,1,W,ワイド,1=3,210,3
2026-04-15,73,1,W,ワイド,1=2,110,1
2026-04-15,73,1,W,ワイド,2=3,180,2
2026-04-15,73,2,SH2,二車複,1=3,600,3
2026-04-15,73,2,ST2,二車単,1-3,690,4
2026-04-15,73,2,RH3,三連複,1=3=7,8820,15
2026-04-15,73,2,RT3,三連単,1-3-7,19520,36
2026-04-15,73,2,W,ワイド,1=3,280,4
2026-04-15,73,2,W,ワイド,1=7,1070,9
2026-04-15,73,2,W,ワイド,3=7,1900,13
2026-04-15,73,3,SH2,二車複,1=3,1000,4
2026-04-15,73,3,ST2,二車単,1-3,1400,5
2026-04-15,73,3,RH3,三連複,1=3=4,1330,5
2026-04-15,73,3,RT3,三連単,1-3-4,4270,13
2026-04-15,73,3,W,ワイド,1=3,270,5
2026-04-15,73,3,W,ワイド,1=4,270,4
2026-04-15,73,3,W,ワイド,3=4,370,7
2026-04-15,73,4,SH2,二車複,2=6,630,2
2026-04-15,73,4,ST2,二車単,6-2,1080,3
2026-04-15,73,4,RH3,三連複,2=5=6,3460,13
2026-04-15,73,4,RT3,三連単,6-2-5,12230,48
2026-04-15,73,4,W,ワイド,2=6,250,2
2026-04-15,73,4,W,ワイド,5=6,1080,12
2026-04-15,73,4,W,ワイド,2=5,1380,14
2026-04-15,73,5,SH2,二車複,1=5,150,1
2026-04-15,73,5,ST2,二車単,5-1,280,1
2026-04-15,73,5,RH3,三連複,1=4=5,340,2
2026-04-15,73,5,RT3,三連単,5-1-4,1110,3
2026-04-15,73,5,W,ワイド,1=5,120,1
2026-04-15,73,5,W,ワイド,4=5,210,5
2026-04-15,73,5,W,ワイド,1=4,200,4
2026-04-15,73,6,SH2,二車複,3=5,5100,13
2026-04-15,73,6,ST2,二車単,3-5,7320,19
2026-04-15,73,6,RH3,三連複,1=3=5,2310,8
2026-04-15,73,6,RT3,三連単,3-5-1,27030,64
2026-04-15,73,6,W,ワイド,3=5,600,8
2026-04-15,73,6,W,ワイド,1=3,190,3
2026-04-15,73,6,W,ワイド,1=5,630,9
2026-04-15,73,7,SH2,二車複,2=4,1080,4
2026-04-15,73,7,ST2,二車単,2-4,1160,4
2026-04-15,73,7,RH3,三連複,2=4=5,3390,9
2026-04-15,73,7,RT3,三連単,2-4-5,7410,21
2026-04-15,73,7,W,ワイド,2=4,240,3
2026-04-15,73,7,W,ワイド,2=5,600,7
2026-04-15,73,7,W,ワイド,4=5,1630,14
2026-04-15,73,8,SH2,二車複,2=3,870,3
2026-04-15,73,8,ST2,二車単,2-3,1710,6
2026-04-15,73,8,RH3,三連複,1=2=3,340,1
2026-04-15,73,8,RT3,三連単,2-3-1,3180,9
2026-04-15,73,8,W,ワイド,2=3,170,3
2026-04-15,73,8,W,ワイド,1=2,120,1
2026-04-15,73,8,W,ワイド,1=3,130,2
2026-04-15,73,9,SH2,二車複,1=3,540,2
2026-04-15,73,9,ST2,二車単,1-3,600,3
2026-04-15,73,9,RH3,三連複,1=3=7,1270,5
2026-04-15,73,9,RT3,三連単,1-3-7,3840,14
2026-04-15,73,9,W,ワイド,1=3,230,3
2026-04-15,73,9,W,ワイド,1=7,170,2
2026-04-15,73,9,W,ワイド,3=7,790,11
2026-04-16,23,1,SH2,二車複,2=4,1390,7
2026-04-16,23,1,ST2,二車単,4-2,2680,10
2026-04-16,23,1,RH3,三連複,2=4=5,1740,7
2026-04-16,23,1,RT3,三連単,4-2-5,8480,23
2026-04-16,23,1,W,ワイド,2=4,460,8
2026-04-16,23,1,W,ワイド,4=5,790,12
2026-04-16,23,1,W,ワイド,2=5,280,3
2026-04-16,23,2,SH2,二車複,1=7,350,1
2026-04-16,23,2,ST2,二車単,1-7,1020,5
2026-04-16,23,2,RH3,三連複,1=5=7,570,2
2026-04-16,23,2,RT3,三連単,1-7-5,2860,9
2026-04-16,23,2,W,ワイド,1=7,180,1
2026-04-16,23,2,W,ワイド,1=5,240,3
2026-04-16,23,2,W,ワイド,5=7,280,6
2026-04-16,23,3,SH2,二車複,2=5,1010,4
2026-04-16,23,3,ST2,二車単,2-5,2620,9
2026-04-16,23,3,RH3,三連複,2=4=5,5480,15
2026-04-16,23,3,RT3,三連単,2-5-4,26440,63
2026-04-16,23,3,W,ワイド,2=5,400,5
2026-04-16,23,3,W,ワイド,2=4,740,10
2026-04-16,23,3,W,ワイド,4=5,1380,18
2026-04-16,23,4,SH2,二車複,5=7,120,1
2026-04-16,23,4,ST2,二車単,7-5,190,1
2026-04-16,23,4,RH3,三連複,1=5=7,200,1
2026-04-16,23,4,RT3,三連単,7-5-1,320,1
2026-04-16,23,4,W,ワイド,5=7,110,1
2026-04-16,23,4,W,ワイド,1=7,160,2
2026-04-16,23,4,W,ワイド,1=5,220,3
2026-04-16,23,5,SH2,二車複,2=6,1030,3
2026-04-16,23,5,ST2,二車単,2-6,1210,5
2026-04-16,23,5,RH3,三連複,2=4=6,370,1
2026-04-16,23,5,RT3,三連単,2-6-4,1970,6
2026-04-16,23,5,W,ワイド,2=6,250,6
2026-04-16,23,5,W,ワイド,2=4,120,1
2026-04-16,23,5,W,ワイド,4=6,230,3
2026-04-16,23,6,SH2,二車複,1=2,1020,4
2026-04-16,23,6,ST2,二車単,2-1,1530,5
2026-04-16,23,6,RH3,三連複,1=2=4,2230,7
2026-04-16,23,6,RT3,三連単,2-1-4,8250,18
2026-04-16,23,6,W,ワイド,1=2,450,4
2026-04-16,23,6,W,ワイド,2=4,260,2
2026-04-16,23,6,W,ワイド,1=4,1520,13
2026-04-16,23,7,SH2,二車複,2=4,1060,4
2026-04-16,23,7,ST2,二車単,2-4,1660,7
2026-04-16,23,7,RH3,三連複,2=3=4,1680,9
2026-04-16,23,7,RT3,三連単,2-4-3,5610,16
2026-04-16,23,7,W,ワイド,2=4,750,11
2026-04-16,23,7,W,ワイド,2=3,680,8
2026-04-16,23,7,W,ワイド,3=4,930,16
2026-04-16,23,8,SH2,二車複,1=5,130,1
2026-04-16,23,8,ST2,二車単,1-5,350,2
2026-04-16,23,8,RH3,三連複,1=2=5,440,2
2026-04-16,23,8,RT3,三連単,1-5-2,1300,4
2026-04-16,23,8,W,ワイド,1=5,110,1
2026-04-16,23,8,W,ワイド,1=2,210,3
2026-04-16,23,8,W,ワイド,2=5,280,5
2026-04-16,23,9,SH2,二車複,2=7,2110,7
2026-04-16,23,9,ST2,二車単,7-2,3840,15
2026-04-16,23,9,RH3,三連複,2=5=7,1930,7
2026-04-16,23,9,RT3,三連単,7-2-5,16780,58
2026-04-16,23,9,W,ワイド,2=7,830,10
2026-04-16,23,9,W,ワイド,5=7,700,8
2026-04-16,23,9,W,ワイド,2=5,360,4
2026-04-16,23,10,SH2,二車複,2=3,4250,9
2026-04-16,23,10,ST2,二車単,2-3,5900,11
2026-04-16,23,10,RH3,三連複,1=2=3,330,1
2026-04-16,23,10,RT3,三連単,2-3-1,13820,35
2026-04-16,23,10,W,ワイド,2=3,240,5
2026-04-16,23,10,W,ワイド,1=2,120,1
2026-04-16,23,10,W,ワイド,1=3,170,2
2026-04-16,23,11,SH2,二車複,5=6,4490,17
2026-04-16,23,11,ST2,二車単,5-6,8780,31
2026-04-16,23,11,RH3,三連複,1=5=6,3000,14
2026-04-16,23,11,RT3,三連単,5-6-1,35370,118
2026-04-16,23,11,W,ワイド,5=6,1060,17
2026-04-16,23,11,W,ワイド,1=5,520,8
2026-04-16,23,11,W,ワイド,1=6,690,10
2026-04-16,23,12,SH2,二車複,2=4,990,5
2026-04-16,23,12,ST2,二車単,4-2,1470,6
2026-04-16,23,12,RH3,三連複,2=3=4,7690,24
2026-04-16,23,12,RT3,三連単,4-2-3,21260,68
2026-04-16,23,12,W,ワイド,2=4,400,7
2026-04-16,23,12,W,ワイド,3=4,570,9
2026-04-16,23,12,W,ワイド,2=3,1850,20
2026-04-16,31,1,SH2,二車複,1=4,520,3
2026-04-16,31,1,ST2,二車単,1-4,580,3
2026-04-16,31,1,RH3,三連複,1=2=4,440,2
2026-04-16,31,1,RT3,三連単,1-4-2,1240,4
2026-04-16,31,1,W,ワイド,1=4,170,3
2026-04-16,31,1,W,ワイド,1=2,100,1
2026-04-16,31,1,W,ワイド,2=4,260,5
2026-04-16,31,2,SH2,二車複,1=2,170,1
2026-04-16,31,2,ST2,二車単,1-2,160,1
2026-04-16,31,2,RH3,三連複,1=2=3,180,1
2026-04-16,31,2,RT3,三連単,1-2-3,400,1
2026-04-16,31,2,W,ワイド,1=2,110,1
2026-04-16,31,2,W,ワイド,1=3,120,2
2026-04-16,31,2,W,ワイド,2=3,180,3
2026-04-16,31,3,SH2,二車複,2=7,1790,10
2026-04-16,31,3,SH2,二車複,3=7,3750,17
2026-04-16,31,3,ST2,二車単,7-2,2960,17
2026-04-16,31,3,ST2,二車単,7-3,5000,25
2026-04-16,31,3,RH3,三連複,2=3=7,3690,12
2026-04-16,31,3,RT3,三連単,7-2-3,11140,58
2026-04-16,31,3,RT3,三連単,7-3-2,19560,87
2026-04-16,31,3,W,ワイド,2=7,2080,18
2026-04-16,31,3,W,ワイド,3=7,2190,19
2026-04-16,31,3,W,ワイド,2=3,380,5
2026-04-16,31,4,SH2,二車複,1=7,1190,5
2026-04-16,31,4,ST2,二車単,1-7,890,3
2026-04-16,31,4,RH3,三連複,1=3=7,4350,15
2026-04-16,31,4,RT3,三連単,1-7-3,10580,30
2026-04-16,31,4,W,ワイド,1=7,160,1
2026-04-16,31,4,W,ワイド,1=3,520,8
2026-04-16,31,4,W,ワイド,3=7,3180,20
2026-04-16,31,5,SH2,二車複,2=4,3500,8
2026-04-16,31,5,ST2,二車単,2-4,5810,15
2026-04-16,31,5,RH3,三連複,2=4=6,3340,8
2026-04-16,31,5,RT3,三連単,2-4-6,38480,81
2026-04-16,31,5,W,ワイド,2=4,720,7
2026-04-16,31,5,W,ワイド,2=6,1460,16
2026-04-16,31,5,W,ワイド,4=6,1160,11
2026-04-16,31,6,SH2,二車複,2=5,4010,12
2026-04-16,31,6,ST2,二車単,2-5,4270,11
2026-04-16,31,6,RH3,三連複,2=5=7,4720,14
2026-04-16,31,6,RT3,三連単,2-5-7,22820,54
2026-04-16,31,6,W,ワイド,2=5,580,7
2026-04-16,31,6,W,ワイド,2=7,290,2
2026-04-16,31,6,W,ワイド,5=7,1670,18
2026-04-16,31,7,SH2,二車複,2=5,3310,7
2026-04-16,31,7,ST2,二車単,2-5,3580,8
2026-04-16,31,7,RH3,三連複,2=5=6,11830,25
2026-04-16,31,7,RT3,三連単,2-5-6,25690,53
2026-04-16,31,7,W,ワイド,2=5,730,6
2026-04-16,31,7,W,ワイド,2=6,1370,13
2026-04-16,31,7,W,ワイド,5=6,3310,17
2026-04-16,31,8,SH2,二車複,1=2,110,1
2026-04-16,31,8,ST2,二車単,2-1,270,2
2026-04-16,31,8,RH3,三連複,1=2=6,160,1
2026-04-16,31,8,RT3,三連単,2-1-6,470,2
2026-04-16,31,8,W,ワイド,1=2,100,1
2026-04-16,31,8,W,ワイド,2=6,170,3
2026-04-16,31,8,W,ワイド,1=6,160,2
2026-04-16,31,9,SH2,二車複,1=6,180,1
2026-04-16,31,9,ST2,二車単,1-6,200,1
2026-04-16,31,9,RH3,三連複,1=4=6,200,1
2026-04-16,31,9,RT3,三連単,1-6-4,340,1
2026-04-16,31,9,W,ワイド,1=6,140,1
2026-04-16,31,9,W,ワイド,1=4,180,2
2026-04-16,31,9,W,ワイド,4=6,200,4
2026-04-16,45,1,SH2,二車複,1=7,160,1
2026-04-16,45,1,ST2,二車単,7-1,240,1
2026-04-16,45,1,RH3,三連複,1=2=7,810,4
2026-04-16,45,1,RT3,三連単,7-1-2,1160,2
2026-04-16,45,1,W,ワイド,1=7,110,1
2026-04-16,45,1,W,ワイド,2=7,470,7
2026-04-16,45,1,W,ワイド,1=2,490,9
2026-04-16,45,2,SH2,二車複,1=2,550,2
2026-04-16,45,2,ST2,二車単,1-2,1590,6
2026-04-16,45,2,RH3,三連複,1=2=3,510,1
2026-04-16,45,2,RT3,三連単,1-2-3,4100,12
2026-04-16,45,2,W,ワイド,1=2,130,1
2026-04-16,45,2,W,ワイド,1=3,270,4
2026-04-16,45,2,W,ワイド,2=3,140,2
2026-04-16,45,3,SH2,二車複,1=4,1020,4
2026-04-16,45,3,ST2,二車単,4-1,2990,10
2026-04-16,45,3,RH3,三連複,1=3=4,1610,5
2026-04-16,45,3,RT3,三連単,4-1-3,15840,47
2026-04-16,45,3,W,ワイド,1=4,290,3
2026-04-16,45,3,W,ワイド,3=4,530,7
2026-04-16,45,3,W,ワイド,1=3,710,10
2026-04-16,45,4,SH2,二車複,2=3,2970,6
2026-04-16,45,4,ST2,二車単,3-2,14870,18
2026-04-16,45,4,RH3,三連複,1=2=3,3380,6
2026-04-16,45,4,RT3,三連単,3-2-1,111590,86
2026-04-16,45,4,W,ワイド,2=3,410,5
2026-04-16,45,4,W,ワイド,1=3,1050,9
2026-04-16,45,4,W,ワイド,1=2,360,2
2026-04-16,45,5,SH2,二車複,1=7,830,3
2026-04-16,45,5,ST2,二車単,1-7,1260,4
2026-04-16,45,5,RH3,三連複,1=5=7,480,2
2026-04-16,45,5,RT3,三連単,1-7-5,3860,12
2026-04-16,45,5,W,ワイド,1=7,300,3
2026-04-16,45,5,W,ワイド,1=5,120,1
2026-04-16,45,5,W,ワイド,5=7,410,8
2026-04-16,45,6,SH2,二車複,1=5,890,4
2026-04-16,45,6,ST2,二車単,5-1,1920,9
2026-04-16,45,6,RH3,三連複,1=5=7,650,2
2026-04-16,45,6,RT3,三連単,5-1-7,3150,8
2026-04-16,45,6,W,ワイド,1=5,380,5
2026-04-16,45,6,W,ワイド,5=7,480,9
2026-04-16,45,6,W,ワイド,1=7,220,2
2026-04-16,45,7,SH2,二車複,2=3,940,4
2026-04-16,45,7,ST2,二車単,2-3,1400,5
2026-04-16,45,7,RH3,三連複,2=3=7,1020,3
2026-04-16,45,7,RT3,三連単,2-3-7,3010,7
2026-04-16,45,7,W,ワイド,2=3,470,8
2026-04-16,45,7,W,ワイド,2=7,430,6
2026-04-16,45,7,W,ワイド,3=7,390,4
2026-04-16,45,8,SH2,二車複,3=7,360,1
2026-04-16,45,8,ST2,二車単,3-7,730,2
2026-04-16,45,8,RH3,三連複,1=3=7,740,2
2026-04-16,45,8,RT3,三連単,3-7-1,3080,7
2026-04-16,45,8,W,ワイド,3=7,240,3
2026-04-16,45,8,W,ワイド,1=3,410,8
2026-04-16,45,8,W,ワイド,1=7,230,2
2026-04-16,45,9,SH2,二車複,2=5,470,2
2026-04-16,45,9,ST2,二車単,2-5,1020,3
2026-04-16,45,9,RH3,三連複,1=2=5,1040,6
2026-04-16,45,9,RT3,三連単,2-5-1,5270,20
2026-04-16,45,9,W,ワイド,2=5,210,2
2026-04-16,45,9,W,ワイド,1=2,420,6
2026-04-16,45,9,W,ワイド,1=5,310,3
2026-04-16,45,10,SH2,二車複,3=7,280,1
2026-04-16,45,10,ST2,二車単,7-3,370,1
2026-04-16,45,10,RH3,三連複,3=4=7,910,3
2026-04-16,45,10,RT3,三連単,7-3-4,1750,3
2026-04-16,45,10,W,ワイド,3=7,200,1
2026-04-16,45,10,W,ワイド,4=7,210,2
2026-04-16,45,10,W,ワイド,3=4,600,13
2026-04-16,45,11,SH2,二車複,4=6,1440,5
2026-04-16,45,11,ST2,二車単,4-6,1890,7
2026-04-16,45,11,RH3,三連複,1=4=6,3650,10
2026-04-16,45,11,RT3,三連単,4-6-1,7580,22
2026-04-16,45,11,W,ワイド,4=6,900,8
2026-04-16,45,11,W,ワイド,1=4,210,3
2026-04-16,45,11,W,ワイド,1=6,2390,16
2026-04-16,45,12,SH2,二車複,3=7,2550,6
2026-04-16,45,12,ST2,二車単,3-7,17260,19
2026-04-16,45,12,RH3,三連複,3=6=7,3610,7
2026-04-16,45,12,RT3,三連単,3-7-6,98680,76
2026-04-16,45,12,W,ワイド,3=7,810,8
2026-04-16,45,12,W,ワイド,3=6,2260,14
2026-04-16,45,12,W,ワイド,6=7,1130,10
2026-04-17,27,1,SH2,二車複,1=7,210,1
2026-04-17,27,1,ST2,二車単,1-7,610,2
2026-04-17,27,1,RH3,三連複,1=5=7,520,2
2026-04-17,27,1,RT3,三連単,1-7-5,1120,1
2026-04-17,27,1,W,ワイド,1=7,150,1
2026-04-17,27,1,W,ワイド,1=5,300,4
2026-04-17,27,1,W,ワイド,5=7,400,6
2026-04-17,27,2,SH2,二車複,2=4,300,1
2026-04-17,27,2,ST2,二車単,2-4,320,1
2026-04-17,27,2,RH3,三連複,2=4=7,290,1
2026-04-17,27,2,RT3,三連単,2-4-7,660,1
2026-04-17,27,2,W,ワイド,2=4,140,1
2026-04-17,27,2,W,ワイド,2=7,170,3
2026-04-17,27,2,W,ワイド,4=7,170,2
2026-04-17,27,3,SH2,二車複,1=4,370,2
2026-04-17,27,3,ST2,二車単,4-1,2060,9
2026-04-17,27,3,RH3,三連複,1=4=7,1040,4
2026-04-17,27,3,RT3,三連単,4-1-7,14750,45
2026-04-17,27,3,W,ワイド,1=4,210,3
2026-04-17,27,3,W,ワイド,4=7,670,8
2026-04-17,27,3,W,ワイド,1=7,200,2
2026-04-17,27,4,SH2,二車複,3=5,120,1
2026-04-17,27,4,ST2,二車単,3-5,150,1
2026-04-17,27,4,RH3,三連複,3=5=7,600,3
2026-04-17,27,4,RT3,三連単,3-5-7,1230,3
2026-04-17,27,4,W,ワイド,3=5,100,1
2026-04-17,27,4,W,ワイド,3=7,400,6
2026-04-17,27,4,W,ワイド,5=7,510,7
2026-04-17,27,5,SH2,二車複,1=5,9230,17
2026-04-17,27,5,ST2,二車単,1-5,8980,24
2026-04-17,27,5,RH3,三連複,1=4=5,1910,8
2026-04-17,27,5,RT3,三連単,1-5-4,21900,68
2026-04-17,27,5,W,ワイド,1=5,1420,16
2026-04-17,27,5,W,ワイド,1=4,540,8
2026-04-17,27,5,W,ワイド,4=5,890,12
2026-04-17,27,6,SH2,二車複,1=2,4140,14
2026-04-17,27,6,ST2,二車単,1-2,5870,22
2026-04-17,27,6,RH3,三連複,1=2=5,7770,21
2026-04-17,27,6,RT3,三連単,1-2-5,43920,121
2026-04-17,27,6,W,ワイド,1=2,870,13
2026-04-17,27,6,W,ワイド,1=5,650,10
2026-04-17,27,6,W,ワイド,2=5,880,14
2026-04-17,27,7,SH2,二車複,2=7,3460,12
2026-04-17,27,7,ST2,二車単,7-2,11480,27
2026-04-17,27,7,RH3,三連複,1=2=7,2120,10
2026-04-17,27,7,RT3,三連単,7-2-1,30560,91
2026-04-17,27,7,W,ワイド,2=7,550,8
2026-04-17,27,7,W,ワイド,1=7,690,9
2026-04-17,27,7,W,ワイド,1=2,350,5
2026-04-17,27,8,SH2,二車複,3=4,4770,12
2026-04-17,27,8,ST2,二車単,3-4,9830,23
2026-04-17,27,8,RH3,三連複,1=3=4,5380,11
2026-04-17,27,8,RT3,三連単,3-4-1,27080,55
2026-04-17,27,8,W,ワイド,3=4,1580,15
2026-04-17,27,8,W,ワイド,1=3,920,9
2026-04-17,27,8,W,ワイド,1=4,910,8
2026-04-17,27,9,SH2,二車複,2=7,210,1
2026-04-17,27,9,ST2,二車単,2-7,270,1
2026-04-17,27,9,RH3,三連複,2=4=7,310,1
2026-04-17,27,9,RT3,三連単,2-7-4,570,1
2026-04-17,27,9,W,ワイド,2=7,120,1
2026-04-17,27,9,W,ワイド,2=4,190,3
2026-04-17,27,9,W,ワイド,4=7,270,4
2026-04-17,27,10,SH2,二車複,4=7,14100,19
2026-04-17,27,10,ST2,二車単,4-7,14280,28
2026-04-17,27,10,RH3,三連複,1=4=7,7240,20
2026-04-17,27,10,RT3,三連単,4-7-1,121630,135
2026-04-17,27,10,W,ワイド,4=7,3130,20
2026-04-17,27,10,W,ワイド,1=4,270,3
2026-04-17,27,10,W,ワイド,1=7,1620,15
2026-04-17,27,11,SH2,二車複,4=7,110,1
2026-04-17,27,11,ST2,二車単,4-7,170,1
2026-04-17,27,11,RH3,三連複,2=4=7,120,1
2026-04-17,27,11,RT3,三連単,4-7-2,200,1
2026-04-17,27,11,W,ワイド,4=7,100,1
2026-04-17,27,11,W,ワイド,2=4,110,2
2026-04-17,27,11,W,ワイド,2=7,130,3
2026-04-17,27,12,SH2,二車複,3=5,5330,14
2026-04-17,27,12,ST2,二車単,5-3,11800,27
2026-04-17,27,12,RH3,三連複,3=4=5,4720,15
2026-04-17,27,12,RT3,三連単,5-3-4,54380,113
2026-04-17,27,12,W,ワイド,3=5,1570,14
2026-04-17,27,12,W,ワイド,4=5,480,5
2026-04-17,27,12,W,ワイド,3=4,730,10
2026-04-17,43,1,SH2,二車複,1=4,680,3
2026-04-17,43,1,ST2,二車単,1-4,1120,5
2026-04-17,43,1,RH3,三連複,1=4=5,1750,6
2026-04-17,43,1,RT3,三連単,1-4-5,3650,14
2026-04-17,43,1,W,ワイド,1=4,320,5
2026-04-17,43,1,W,ワイド,1=5,170,2
2026-04-17,43,1,W,ワイド,4=5,720,9
2026-04-17,43,2,SH2,二車複,1=2,170,1
2026-04-17,43,2,ST2,二車単,1-2,160,1
2026-04-17,43,2,RH3,三連複,1=2=3,190,1
2026-04-17,43,2,RT3,三連単,1-2-3,320,1
2026-04-17,43,2,W,ワイド,1=2,100,1
2026-04-17,43,2,W,ワイド,1=3,140,2
2026-04-17,43,2,W,ワイド,2=3,210,4
2026-04-17,43,3,SH2,二車複,1=3,500,1
2026-04-17,43,3,ST2,二車単,1-3,1010,3
2026-04-17,43,3,RH3,三連複,1=3=7,1630,6
2026-04-17,43,3,RT3,三連単,1-3-7,3620,10
2026-04-17,43,3,W,ワイド,1=3,220,3
2026-04-17,43,3,W,ワイド,1=7,410,5
2026-04-17,43,3,W,ワイド,3=7,890,13
2026-04-17,43,4,SH2,二車複,1=6,430,3
2026-04-17,43,4,ST2,二車単,6-1,880,3
2026-04-17,43,4,RH3,三連複,1=4=6,2740,9
2026-04-17,43,4,RT3,三連単,6-1-4,5030,17
2026-04-17,43,4,W,ワイド,1=6,280,4
2026-04-17,43,4,W,ワイド,4=6,1520,15
2026-04-17,43,4,W,ワイド,1=4,1180,11
2026-04-17,43,5,SH2,二車複,2=5,890,5
2026-04-17,43,5,ST2,二車単,2-5,1020,3
2026-04-17,43,5,RH3,三連複,2=5=6,1150,4
2026-04-17,43,5,RT3,三連単,2-5-6,5600,18
2026-04-17,43,5,W,ワイド,2=5,280,4
2026-04-17,43,5,W,ワイド,2=6,210,2
2026-04-17,43,5,W,ワイド,5=6,570,11
2026-04-17,43,6,SH2,二車複,2=3,690,2
2026-04-17,43,6,ST2,二車単,2-3,840,3
2026-04-17,43,6,RH3,三連複,1=2=3,270,1
2026-04-17,43,6,RT3,三連単,2-3-1,1770,5
2026-04-17,43,6,W,ワイド,2=3,140,2
2026-04-17,43,6,W,ワイド,1=2,120,1
2026-04-17,43,6,W,ワイド,1=3,190,3
2026-04-17,43,7,SH2,二車複,1=2,930,5
2026-04-17,43,7,ST2,二車単,2-1,1360,5
2026-04-17,43,7,RH3,三連複,1=2=3,850,4
2026-04-17,43,7,RT3,三連単,2-1-3,4360,14
2026-04-17,43,7,W,ワイド,1=2,280,3
2026-04-17,43,7,W,ワイド,2=3,430,7
2026-04-17,43,7,W,ワイド,1=3,320,5
2026-04-17,43,8,SH2,二車複,1=3,190,1
2026-04-17,43,8,ST2,二車単,3-1,450,2
2026-04-17,43,8,RH3,三連複,1=2=3,320,2
2026-04-17,43,8,RT3,三連単,3-1-2,2080,7
2026-04-17,43,8,W,ワイド,1=3,110,1
2026-04-17,43,8,W,ワイド,2=3,280,5
2026-04-17,43,8,W,ワイド,1=2,160,2
2026-04-17,43,9,SH2,二車複,1=2,170,1
2026-04-17,43,9,ST2,二車単,1-2,210,1
2026-04-17,43,9,RH3,三連複,1=2=4,290,1
2026-04-17,43,9,RT3,三連単,1-2-4,430,1
2026-04-17,43,9,W,ワイド,1=2,160,1
2026-04-17,43,9,W,ワイド,1=4,260,4
2026-04-17,43,9,W,ワイド,2=4,320,6
2026-04-18,37,1,SH2,二車複,3=7,150,1
2026-04-18,37,1,ST2,二車単,7-3,340,2
2026-04-18,37,1,RH3,三連複,3=4=7,380,2
2026-04-18,37,1,RT3,三連単,7-3-4,950,4
2026-04-18,37,1,W,ワイド,3=7,130,1
2026-04-18,37,1,W,ワイド,4=7,430,7
2026-04-18,37,1,W,ワイド,3=4,380,6
2026-04-18,37,2,SH2,二車複,3=6,1030,4
2026-04-18,37,2,ST2,二車単,3-6,1390,5
2026-04-18,37,2,RH3,三連複,3=5=6,9030,20
2026-04-18,37,2,RT3,三連単,3-6-5,14480,35
2026-04-18,37,2,W,ワイド,3=6,630,6
2026-04-18,37,2,W,ワイド,3=5,2260,17
2026-04-18,37,2,W,ワイド,5=6,3910,21
2026-04-18,37,3,SH2,二車複,4=5,4680,6
2026-04-18,37,3,ST2,二車単,5-4,16500,12
2026-04-18,37,3,RH3,三連複,3=4=5,1250,3
2026-04-18,37,3,RT3,三連単,5-4-3,22980,25
2026-04-18,37,3,W,ワイド,4=5,940,10
2026-04-18,37,3,W,ワイド,3=5,100,1
2026-04-18,37,3,W,ワイド,3=4,610,7
2026-04-18,37,4,SH2,二車複,1=7,130,1
2026-04-18,37,4,ST2,二車単,7-1,180,1
2026-04-18,37,4,RH3,三連複,1=4=7,420,2
2026-04-18,37,4,RT3,三連単,7-1-4,570,2
2026-04-18,37,4,W,ワイド,1=7,120,1
2026-04-18,37,4,W,ワイド,4=7,350,6
2026-04-18,37,4,W,ワイド,1=4,370,7
2026-04-18,37,5,SH2,二車複,4=7,3660,16
2026-04-18,37,5,ST2,二車単,7-4,5370,24
2026-04-18,37,5,RH3,三連複,3=4=7,3500,16
2026-04-18,37,5,RT3,三連単,7-4-3,24380,96
2026-04-18,37,5,W,ワイド,4=7,930,17
2026-04-18,37,5,W,ワイド,3=7,470,7
2026-04-18,37,5,W,ワイド,3=4,870,14
2026-04-18,37,6,SH2,二車複,5=7,1370,5
2026-04-18,37,6,ST2,二車単,5-7,2530,8
2026-04-18,37,6,RH3,三連複,2=5=7,230,1
2026-04-18,37,6,RT3,三連単,5-7-2,4660,15
2026-04-18,37,6,W,ワイド,5=7,280,5
2026-04-18,37,6,W,ワイド,2=5,150,2
2026-04-18,37,6,W,ワイド,2=7,120,1
2026-04-18,37,7,SH2,二車複,3=6,160,1
2026-04-18,37,7,ST2,二車単,6-3,210,1
2026-04-18,37,7,RH3,三連複,1=3=6,360,2
2026-04-18,37,7,RT3,三連単,6-3-1,580,2
2026-04-18,37,7,W,ワイド,3=6,100,1
2026-04-18,37,7,W,ワイド,1=6,150,2
2026-04-18,37,7,W,ワイド,1=3,310,7
2026-04-18,37,8,SH2,二車複,2=5,680,3
2026-04-18,37,8,ST2,二車単,5-2,1420,6
2026-04-18,37,8,RH3,三連複,2=4=5,1380,6
2026-04-18,37,8,RT3,三連単,5-2-4,5690,20
2026-04-18,37,8,W,ワイド,2=5,190,2
2026-04-18,37,8,W,ワイド,4=5,470,9
2026-04-18,37,8,W,ワイド,2=4,180,1
2026-04-18,37,9,SH2,二車複,1=2,320,1
2026-04-18,37,9,ST2,二車単,2-1,430,1
2026-04-18,37,9,RH3,三連複,1=2=5,1590,8
2026-04-18,37,9,RT3,三連単,2-1-5,4340,16
2026-04-18,37,9,W,ワイド,1=2,160,1
2026-04-18,37,9,W,ワイド,2=5,510,9
2026-04-18,37,9,W,ワイド,1=5,870,13
2026-04-18,37,10,SH2,二車複,1=3,1810,7
2026-04-18,37,10,ST2,二車単,3-1,5000,15
2026-04-18,37,10,RH3,三連複,1=3=7,1550,7
2026-04-18,37,10,RT3,三連単,3-1-7,11530,34
2026-04-18,37,10,W,ワイド,1=3,750,11
2026-04-18,37,10,W,ワイド,3=7,770,12
2026-04-18,37,10,W,ワイド,1=7,530,6
2026-04-18,37,11,SH2,二車複,2=4,3460,12
2026-04-18,37,11,ST2,二車単,4-2,9300,23
2026-04-18,37,11,RH3,三連複,2=4=7,6310,16
2026-04-18,37,11,RT3,三連単,4-2-7,56730,112
2026-04-18,37,11,W,ワイド,2=4,760,7
2026-04-18,37,11,W,ワイド,4=7,1150,11
2026-04-18,37,11,W,ワイド,2=7,1200,12
2026-04-18,37,12,SH2,二車複,3=7,1210,5
2026-04-18,37,12,ST2,二車単,7-3,2680,8
2026-04-18,37,12,RH3,三連複,3=5=7,2270,8
2026-04-18,37,12,RT3,三連単,7-3-5,11200,31
2026-04-18,37,12,W,ワイド,3=7,460,6
2026-04-18,37,12,W,ワイド,5=7,250,2
2026-04-18,37,12,W,ワイド,3=5,590,8
2026-04-18,63,1,SH2,二車複,4=7,2110,8
2026-04-18,63,1,ST2,二車単,4-7,3390,15
2026-04-18,63,1,RH3,三連複,1=4=7,3800,13
2026-04-18,63,1,RT3,三連単,4-7-1,20340,66
2026-04-18,63,1,W,ワイド,4=7,760,8
2026-04-18,63,1,W,ワイド,1=4,970,12
2026-04-18,63,1,W,ワイド,1=7,370,5
2026-04-18,63,2,SH2,二車複,3=5,170,1
2026-04-18,63,2,ST2,二車単,5-3,230,1
2026-04-18,63,2,RH3,三連複,3=5=7,530,1
2026-04-18,63,2,RT3,三連単,5-3-7,860,1
2026-04-18,63,2,W,ワイド,3=5,130,1
2026-04-18,63,2,W,ワイド,5=7,220,3
2026-04-18,63,2,W,ワイド,3=7,370,5
2026-04-18,63,3,SH2,二車複,2=4,390,2
2026-04-18,63,3,ST2,二車単,4-2,630,3
2026-04-18,63,3,RH3,三連複,2=4=5,480,2
2026-04-18,63,3,RT3,三連単,4-2-5,1210,3
2026-04-18,63,3,W,ワイド,2=4,210,3
2026-04-18,63,3,W,ワイド,4=5,320,5
2026-04-18,63,3,W,ワイド,2=5,360,6
2026-04-18,63,4,SH2,二車複,3=7,110,1
2026-04-18,63,4,ST2,二車単,7-3,180,1
2026-04-18,63,4,RH3,三連複,3=4=7,150,1
2026-04-18,63,4,RT3,三連単,7-3-4,330,1
2026-04-18,63,4,W,ワイド,3=7,100,1
2026-04-18,63,4,W,ワイド,4=7,140,3
2026-04-18,63,4,W,ワイド,3=4,130,2
2026-04-18,63,5,SH2,二車複,1=4,830,2
2026-04-18,63,5,ST2,二車単,4-1,770,3
2026-04-18,63,5,RH3,三連複,1=2=4,2260,8
2026-04-18,63,5,RT3,三連単,4-1-2,4540,15
2026-04-18,63,5,W,ワイド,1=4,320,2
2026-04-18,63,5,W,ワイド,2=4,470,4
2026-04-18,63,5,W,ワイド,1=2,1570,13
2026-04-18,63,6,SH2,二車複,1=7,160,1
2026-04-18,63,6,ST2,二車単,7-1,310,2
2026-04-18,63,6,RH3,三連複,1=4=7,290,1
2026-04-18,63,6,RT3,三連単,7-1-4,650,2
2026-04-18,63,6,W,ワイド,1=7,110,1
2026-04-18,63,6,W,ワイド,4=7,240,5
2026-04-18,63,6,W,ワイド,1=4,180,3
2026-04-18,63,7,SH2,二車複,4=6,3240,12
2026-04-18,63,7,ST2,二車単,4-6,6680,20
2026-04-18,63,7,RH3,三連複,2=4=6,3880,15
2026-04-18,63,7,RT3,三連単,4-6-2,27420,82
2026-04-18,63,7,W,ワイド,4=6,540,7
2026-04-18,63,7,W,ワイド,2=4,710,11
2026-04-18,63,7,W,ワイド,2=6,1340,18
2026-04-19,11,1,SH2,二車複,1=2,130,1
2026-04-19,11,1,ST2,二車単,1-2,180,1
2026-04-19,11,1,RH3,三連複,1=2=3,120,1
2026-04-19,11,1,RT3,三連単,1-2-3,240,1
2026-04-19,11,1,W,ワイド,1=2,100,1
2026-04-19,11,1,W,ワイド,1=3,100,2
2026-04-19,11,1,W,ワイド,2=3,130,3
2026-04-19,11,2,SH2,二車複,1=4,610,3
2026-04-19,11,2,ST2,二車単,1-4,670,3
2026-04-19,11,2,RH3,三連複,1=2=4,160,1
2026-04-19,11,2,RT3,三連単,1-4-2,1060,3
2026-04-19,11,2,W,ワイド,1=4,140,2
2026-04-19,11,2,W,ワイド,1=2,100,1
2026-04-19,11,2,W,ワイド,2=4,150,3
2026-04-19,11,3,SH2,二車複,1=6,430,2
2026-04-19,11,3,ST2,二車単,1-6,500,3
2026-04-19,11,3,RH3,三連複,1=3=6,1740,7
2026-04-19,11,3,RT3,三連単,1-6-3,2050,8
2026-04-19,11,3,W,ワイド,1=6,210,3
2026-04-19,11,3,W,ワイド,1=3,330,5
2026-04-19,11,3,W,ワイド,3=6,1140,11
2026-04-19,11,4,SH2,二車複,1=6,190,1
2026-04-19,11,4,ST2,二車単,1-6,200,1
2026-04-19,11,4,RH3,三連複,1=4=6,2320,9
2026-04-19,11,4,RT3,三連単,1-6-4,2750,11
2026-04-19,11,4,W,ワイド,1=6,120,1
2026-04-19,11,4,W,ワイド,1=4,350,5
2026-04-19,11,4,W,ワイド,4=6,1500,15
2026-04-19,11,5,SH2,二車複,1=4,1080,4
2026-04-19,11,5,ST2,二車単,4-1,1650,7
2026-04-19,11,5,RH3,三連複,1=2=4,630,3
2026-04-19,11,5,RT3,三連単,4-1-2,2570,8
2026-04-19,11,5,W,ワイド,1=4,210,2
2026-04-19,11,5,W,ワイド,2=4,370,8
2026-04-19,11,5,W,ワイド,1=2,240,5
2026-04-19,11,6,SH2,二車複,3=6,9310,14
2026-04-19,11,6,ST2,二車単,3-6,7830,21
2026-04-19,11,6,RH3,三連複,2=3=6,400,2
2026-04-19,11,6,RT3,三連単,3-6-2,19370,51
2026-04-19,11,6,W,ワイド,3=6,290,5
2026-04-19,11,6,W,ワイド,2=3,170,1
2026-04-19,11,6,W,ワイド,2=6,250,4
2026-04-19,11,7,SH2,二車複,1=2,110,1
2026-04-19,11,7,ST2,二車単,1-2,190,1
2026-04-19,11,7,RH3,三連複,1=2=3,150,1
2026-04-19,11,7,RT3,三連単,1-2-3,310,1
2026-04-19,11,7,W,ワイド,1=2,100,1
2026-04-19,11,7,W,ワイド,1=3,120,2
2026-04-19,11,7,W,ワイド,2=3,150,3
2026-04-19,11,8,SH2,二車複,1=2,190,1
2026-04-19,11,8,ST2,二車単,1-2,230,1
2026-04-19,11,8,RH3,三連複,1=2=6,1130,5
2026-04-19,11,8,RT3,三連単,1-2-6,1810,4
2026-04-19,11,8,W,ワイド,1=2,130,1
2026-04-19,11,8,W,ワイド,1=6,470,8
2026-04-19,11,8,W,ワイド,2=6,900,11
2026-04-19,11,9,SH2,二車複,1=7,550,2
2026-04-19,11,9,ST2,二車単,1-7,470,2
2026-04-19,11,9,RH3,三連複,1=4=7,1190,5
2026-04-19,11,9,RT3,三連単,1-7-4,1860,3
2026-04-19,11,9,W,ワイド,1=7,210,2
2026-04-19,11,9,W,ワイド,1=4,270,3
2026-04-19,11,9,W,ワイド,4=7,1090,14
2026-04-19,23,1,SH2,二車複,1=7,130,1
2026-04-19,23,1,ST2,二車単,1-7,140,1
2026-04-19,23,1,RH3,三連複,1=4=7,210,1
2026-04-19,23,1,RT3,三連単,1-7-4,320,1
2026-04-19,23,1,W,ワイド,1=7,100,1
2026-04-19,23,1,W,ワイド,1=4,170,3
2026-04-19,23,1,W,ワイド,4=7,190,4
2026-04-19,23,2,SH2,二車複,1=5,150,1
2026-04-19,23,2,ST2,二車単,5-1,190,1
2026-04-19,23,2,RH3,三連複,1=5=7,200,1
2026-04-19,23,2,RT3,三連単,5-1-7,430,1
2026-04-19,23,2,W,ワイド,1=5,120,1
2026-04-19,23,2,W,ワイド,5=7,150,2
2026-04-19,23,2,W,ワイド,1=7,210,4
2026-04-19,23,3,SH2,二車複,1=5,260,2
2026-04-19,23,3,ST2,二車単,5-1,420,2
2026-04-19,23,3,RH3,三連複,1=5=6,590,2
2026-04-19,23,3,RT3,三連単,5-1-6,2200,7
2026-04-19,23,3,W,ワイド,1=5,150,2
2026-04-19,23,3,W,ワイド,5=6,270,5
2026-04-19,23,3,W,ワイド,1=6,220,3
2026-04-19,23,4,SH2,二車複,1=5,760,3
2026-04-19,23,4,ST2,二車単,5-1,3670,6
2026-04-19,23,4,RH3,三連複,1=2=5,780,3
2026-04-19,23,4,RT3,三連単,5-1-2,9880,15
2026-04-19,23,4,W,ワイド,1=5,600,5
2026-04-19,23,4,W,ワイド,2=5,940,6
2026-04-19,23,4,W,ワイド,1=2,580,4
2026-04-19,23,5,SH2,二車複,1=5,100,1
2026-04-19,23,5,ST2,二車単,5-1,120,1
2026-04-19,23,5,RH3,三連複,1=5=6,190,1
2026-04-19,23,5,RT3,三連単,5-1-6,250,1
2026-04-19,23,5,W,ワイド,1=5,100,1
2026-04-19,23,5,W,ワイド,5=6,170,3
2026-04-19,23,5,W,ワイド,1=6,170,2
2026-04-19,23,6,SH2,二車複,1=4,120,1
2026-04-19,23,6,ST2,二車単,4-1,210,1
2026-04-19,23,6,RH3,三連複,1=4=7,210,1
2026-04-19,23,6,RT3,三連単,4-1-7,300,1
2026-04-19,23,6,W,ワイド,1=4,110,1
2026-04-19,23,6,W,ワイド,4=7,220,4
2026-04-19,23,6,W,ワイド,1=7,250,5
2026-04-19,23,7,SH2,二車複,1=7,100,1
2026-04-19,23,7,ST2,二車単,7-1,120,1
2026-04-19,23,7,RH3,三連複,1=4=7,140,1
2026-04-19,23,7,RT3,三連単,7-1-4,170,1
2026-04-19,23,7,W,ワイド,1=7,100,1
2026-04-19,23,7,W,ワイド,4=7,130,2
2026-04-19,23,7,W,ワイド,1=4,140,3
2026-04-19,37,1,SH2,二車複,1=2,750,4
2026-04-19,37,1,ST2,二車単,1-2,2900,10
2026-04-19,37,1,RH3,三連複,1=2=4,1140,6
2026-04-19,37,1,RT3,三連単,1-2-4,7430,27
2026-04-19,37,1,W,ワイド,1=2,440,4
2026-04-19,37,1,W,ワイド,1=4,800,8
2026-04-19,37,1,W,ワイド,2=4,720,6
2026-04-19,37,2,SH2,二車複,1=3,400,3
2026-04-19,37,2,ST2,二車単,3-1,1110,5
2026-04-19,37,2,RH3,三連複,1=3=4,2500,7
2026-04-19,37,2,RT3,三連単,3-1-4,11020,28
2026-04-19,37,2,W,ワイド,1=3,280,4
2026-04-19,37,2,W,ワイド,3=4,1460,11
2026-04-19,37,2,W,ワイド,1=4,620,7
2026-04-19,37,3,SH2,二車複,3=5,260,1
2026-04-19,37,3,ST2,二車単,5-3,1060,5
2026-04-19,37,3,RH3,三連複,1=3=5,410,1
2026-04-19,37,3,RT3,三連単,5-3-1,3150,10
2026-04-19,37,3,W,ワイド,3=5,140,1
2026-04-19,37,3,W,ワイド,1=5,300,5
2026-04-19,37,3,W,ワイド,1=3,140,2
2026-04-19,37,4,SH2,二車複,2=5,770,4
2026-04-19,37,4,ST2,二車単,5-2,2740,13
2026-04-19,37,4,RH3,三連複,2=3=5,900,4
2026-04-19,37,4,RT3,三連単,5-2-3,8550,42
2026-04-19,37,4,W,ワイド,2=5,160,1
2026-04-19,37,4,W,ワイド,3=5,250,4
2026-04-19,37,4,W,ワイド,2=3,240,3
2026-04-19,37,5,SH2,二車複,2=4,1270,4
2026-04-19,37,5,ST2,二車単,2-4,1630,7
2026-04-19,37,5,RH3,三連複,2=4=5,2630,10
2026-04-19,37,5,RT3,三連単,2-4-5,6770,19
2026-04-19,37,5,W,ワイド,2=4,520,10
2026-04-19,37,5,W,ワイド,2=5,450,6
2026-04-19,37,5,W,ワイド,4=5,1180,15
2026-04-19,37,6,SH2,二車複,1=3,2960,7
2026-04-19,37,6,ST2,二車単,3-1,2770,10
2026-04-19,37,6,RH3,三連複,1=3=5,3740,9
2026-04-19,37,6,RT3,三連単,3-1-5,14350,37
2026-04-19,37,6,W,ワイド,1=3,560,6
2026-04-19,37,6,W,ワイド,3=5,670,8
2026-04-19,37,6,W,ワイド,1=5,760,10
2026-04-19,37,7,SH2,二車複,1=4,410,3
2026-04-19,37,7,ST2,二車単,4-1,490,3
2026-04-19,37,7,RH3,三連複,1=3=4,2110,6
2026-04-19,37,7,RT3,三連単,4-1-3,2930,10
2026-04-19,37,7,W,ワイド,1=4,390,3
2026-04-19,37,7,W,ワイド,3=4,750,6
2026-04-19,37,7,W,ワイド,1=3,2120,11
2026-04-19,37,8,SH2,二車複,3=5,2550,7
2026-04-19,37,8,ST2,二車単,5-3,4060,10
2026-04-19,37,8,RH3,三連複,1=3=5,1720,8
2026-04-19,37,8,RT3,三連単,5-3-1,10880,28
2026-04-19,37,8,W,ワイド,3=5,430,6
2026-04-19,37,8,W,ワイド,1=5,230,4
2026-04-19,37,8,W,ワイド,1=3,470,7
2026-04-19,37,9,SH2,二車複,1=2,310,1
2026-04-19,37,9,ST2,二車単,2-1,1140,7
2026-04-19,37,9,RH3,三連複,1=2=5,510,2
2026-04-19,37,9,RT3,三連単,2-1-5,3510,14
2026-04-19,37,9,W,ワイド,1=2,150,1
2026-04-19,37,9,W,ワイド,2=5,350,6
2026-04-19,37,9,W,ワイド,1=5,160,2
2026-04-19,37,10,SH2,二車複,3=5,1720,10
2026-04-19,37,10,ST2,二車単,3-5,3360,16
2026-04-19,37,10,RH3,三連複,3=4=5,3390,14
2026-04-19,37,10,RT3,三連単,3-5-4,22390,76
2026-04-19,37,10,W,ワイド,3=5,490,8
2026-04-19,37,10,W,ワイド,3=4,350,4
2026-04-19,37,10,W,ワイド,4=5,830,12
2026-04-19,37,11,SH2,二車複,1=3,1180,5
2026-04-19,37,11,ST2,二車単,1-3,2770,11
2026-04-19,37,11,RH3,三連複,1=2=3,490,2
2026-04-19,37,11,RT3,三連単,1-3-2,9080,28
2026-04-19,37,11,W,ワイド,1=3,180,3
2026-04-19,37,11,W,ワイド,1=2,210,4
2026-04-19,37,11,W,ワイド,2=3,140,2
2026-04-19,37,12,SH2,二車複,1=4,730,2
2026-04-19,37,12,ST2,二車単,4-1,1390,3
2026-04-19,37,12,RH3,三連複,1=4=7,260,1
2026-04-19,37,12,RT3,三連単,4-1-7,2410,8
2026-04-19,37,12,W,ワイド,1=4,140,2
2026-04-19,37,12,W,ワイド,4=7,230,5
2026-04-19,37,12,W,ワイド,1=7,110,1
2026-04-19,53,1,SH2,二車複,1=2,1090,3
2026-04-19,53,1,ST2,二車単,1-2,2330,7
2026-04-19,53,1,RH3,三連複,1=2=4,960,3
2026-04-19,53,1,RT3,三連単,1-2-4,11230,28
2026-04-19,53,1,W,ワイド,1=2,200,3
2026-04-19,53,1,W,ワイド,1=4,380,6
2026-04-19,53,1,W,ワイド,2=4,150,2
2026-04-19,53,2,SH2,二車複,1=2,300,1
2026-04-19,53,2,ST2,二車単,2-1,510,2
2026-04-19,53,2,RH3,三連複,1=2=7,380,1
2026-04-19,53,2,RT3,三連単,2-1-7,1260,2
2026-04-19,53,2,W,ワイド,1=2,170,2
2026-04-19,53,2,W,ワイド,2=7,140,1
2026-04-19,53,2,W,ワイド,1=7,230,3
2026-04-19,53,3,SH2,二車複,1=5,640,4
2026-04-19,53,3,ST2,二車単,5-1,790,4
2026-04-19,53,3,RH3,三連複,1=5=7,290,1
2026-04-19,53,3,RT3,三連単,5-1-7,1930,9
2026-04-19,53,3,W,ワイド,1=5,150,3
2026-04-19,53,3,W,ワイド,5=7,130,1
2026-04-19,53,3,W,ワイド,1=7,150,2
2026-04-19,53,4,SH2,二車複,2=3,420,2
2026-04-19,53,4,ST2,二車単,2-3,430,2
2026-04-19,53,4,RH3,三連複,2=3=5,330,2
2026-04-19,53,4,RT3,三連単,2-3-5,1170,4
2026-04-19,53,4,W,ワイド,2=3,140,2
2026-04-19,53,4,W,ワイド,2=5,110,1
2026-04-19,53,4,W,ワイド,3=5,290,6
2026-04-19,53,5,SH2,二車複,4=5,160,1
2026-04-19,53,5,ST2,二車単,4-5,320,1
2026-04-19,53,5,RH3,三連複,3=4=5,170,1
2026-04-19,53,5,RT3,三連単,4-5-3,510,1
2026-04-19,53,5,W,ワイド,4=5,110,1
2026-04-19,53,5,W,ワイド,3=4,130,2
2026-04-19,53,5,W,ワイド,3=5,190,4
2026-04-19,53,6,SH2,二車複,4=5,160,1
2026-04-19,53,6,ST2,二車単,4-5,390,2
2026-04-19,53,6,RH3,三連複,1=4=5,200,1
2026-04-19,53,6,RT3,三連単,4-5-1,690,2
2026-04-19,53,6,W,ワイド,4=5,100,1
2026-04-19,53,6,W,ワイド,1=4,170,3
2026-04-19,53,6,W,ワイド,1=5,150,2
2026-04-19,53,7,SH2,二車複,4=5,3650,9
2026-04-19,53,7,ST2,二車単,4-5,12670,23
2026-04-19,53,7,RH3,三連複,3=4=5,8800,20
2026-04-19,53,7,RT3,三連単,4-5-3,48590,83
2026-04-19,53,7,W,ワイド,4=5,650,8
2026-04-19,53,7,W,ワイド,3=4,1440,12
2026-04-19,53,7,W,ワイド,3=5,2490,15
2026-04-19,53,8,SH2,二車複,3=7,260,1
2026-04-19,53,8,ST2,二車単,7-3,2120,7
2026-04-19,53,8,RH3,三連複,3=5=7,1310,5
2026-04-19,53,8,RT3,三連単,7-3-5,11310,36
2026-04-19,53,8,W,ワイド,3=7,140,1
2026-04-19,53,8,W,ワイド,5=7,960,14
2026-04-19,53,8,W,ワイド,3=5,470,7
2026-04-19,53,9,SH2,二車複,1=7,570,3
2026-04-19,53,9,ST2,二車単,1-7,780,2
2026-04-19,53,9,RH3,三連複,1=3=7,560,2
2026-04-19,53,9,RT3,三連単,1-7-3,1910,1
2026-04-19,53,9,W,ワイド,1=7,170,1
2026-04-19,53,9,W,ワイド,1=3,240,4
2026-04-19,53,9,W,ワイド,3=7,290,6
2026-04-19,53,10,SH2,二車複,3=7,280,1
2026-04-19,53,10,ST2,二車単,7-3,580,2
2026-04-19,53,10,RH3,三連複,2=3=7,910,6
2026-04-19,53,10,RT3,三連単,7-3-2,1680,4
2026-04-19,53,10,W,ワイド,3=7,170,1
2026-04-19,53,10,W,ワイド,2=7,610,11
2026-04-19,53,10,W,ワイド,2=3,590,10
2026-04-19,53,11,SH2,二車複,1=3,350,2
2026-04-19,53,11,ST2,二車単,1-3,480,2
2026-04-19,53,11,RH3,三連複,1=3=7,1260,6
2026-04-19,53,11,RT3,三連単,1-3-7,2620,7
2026-04-19,53,11,W,ワイド,1=3,140,1
2026-04-19,53,11,W,ワイド,1=7,440,8
2026-04-19,53,11,W,ワイド,3=7,300,4
2026-04-19,84,1,WH2,枠複,2=6,800,3
2026-04-19,84,1,WT2,枠単,6-2,1800,9
2026-04-19,84,1,SH2,二車複,2=9,730,2
2026-04-19,84,1,ST2,二車単,9-2,1970,7
2026-04-19,84,1,RH3,三連複,2=6=9,2420,10
2026-04-19,84,1,RT3,三連単,9-2-6,6470,16
2026-04-19,84,1,W,ワイド,2=9,480,6
2026-04-19,84,1,W,ワイド,6=9,1450,17
2026-04-19,84,1,W,ワイド,2=6,2040,24
2026-04-19,84,2,WH2,枠複,3=5,200,1
2026-04-19,84,2,WT2,枠単,5-3,390,1
2026-04-19,84,2,SH2,二車複,3=7,230,1
2026-04-19,84,2,ST2,二車単,7-3,390,1
2026-04-19,84,2,RH3,三連複,2=3=7,1100,4
2026-04-19,84,2,RT3,三連単,7-3-2,2100,4
2026-04-19,84,2,W,ワイド,3=7,160,1
2026-04-19,84,2,W,ワイド,2=7,510,8
2026-04-19,84,2,W,ワイド,2=3,870,13
2026-04-19,84,3,WH2,枠複,5=6,2010,7
2026-04-19,84,3,WT2,枠単,5-6,2990,12
2026-04-19,84,3,SH2,二車複,7=8,4040,13
2026-04-19,84,3,ST2,二車単,7-8,4970,13
2026-04-19,84,3,RH3,三連複,1=7=8,1050,4
2026-04-19,84,3,RT3,三連単,7-8-1,11780,37
2026-04-19,84,3,W,ワイド,7=8,770,8
2026-04-19,84,3,W,ワイド,1=7,330,3
2026-04-19,84,3,W,ワイド,1=8,930,10
2026-04-19,84,4,WH2,枠複,1=3,8680,15
2026-04-19,84,4,WT2,枠単,3-1,22040,32
2026-04-19,84,4,SH2,二車複,1=3,10940,21
2026-04-19,84,4,ST2,二車単,3-1,24980,43
2026-04-19,84,4,RH3,三連複,1=3=7,4440,12
2026-04-19,84,4,RT3,三連単,3-1-7,74930,147
2026-04-19,84,4,W,ワイド,1=3,1850,18
2026-04-19,84,4,W,ワイド,3=7,890,12
2026-04-19,84,4,W,ワイド,1=7,700,8
2026-04-19,84,5,WH2,枠複,4=5,4140,11
2026-04-19,84,5,WT2,枠単,5-4,11270,26
2026-04-19,84,5,SH2,二車複,4=6,22370,27
2026-04-19,84,5,ST2,二車単,6-4,75930,61
2026-04-19,84,5,RH3,三連複,1=4=6,20840,43
2026-04-19,84,5,RT3,三連単,6-4-1,454020,354
2026-04-19,84,5,W,ワイド,4=6,3540,27
2026-04-19,84,5,W,ワイド,1=6,1700,17
2026-04-19,84,5,W,ワイド,1=4,680,7
2026-04-19,84,6,WH2,枠複,1=6,230,1
2026-04-19,84,6,WT2,枠単,1-6,240,1
2026-04-19,84,6,SH2,二車複,1=9,250,1
2026-04-19,84,6,ST2,二車単,1-9,250,1
2026-04-19,84,6,RH3,三連複,1=3=9,810,3
2026-04-19,84,6,RT3,三連単,1-9-3,1360,3
2026-04-19,84,6,W,ワイド,1=9,160,1
2026-04-19,84,6,W,ワイド,1=3,260,4
2026-04-19,84,6,W,ワイド,3=9,690,9
2026-04-19,84,7,WH2,枠複,1=5,2580,10
2026-04-19,84,7,WT2,枠単,5-1,5100,19
2026-04-19,84,7,SH2,二車複,1=7,2460,10
2026-04-19,84,7,ST2,二車単,7-1,5220,21
2026-04-19,84,7,RH3,三連複,1=3=7,5360,18
2026-04-19,84,7,RT3,三連単,7-1-3,36420,111
2026-04-19,84,7,W,ワイド,1=7,490,6
2026-04-19,84,7,W,ワイド,3=7,970,13
2026-04-19,84,7,W,ワイド,1=3,670,9
2026-04-19,84,8,WH2,枠複,4=6,580,2
2026-04-19,84,8,WT2,枠単,6-4,820,3
2026-04-19,84,8,SH2,二車複,5=9,630,3
2026-04-19,84,8,ST2,二車単,9-5,930,3
2026-04-19,84,8,RH3,三連複,1=5=9,340,1
2026-04-19,84,8,RT3,三連単,9-5-1,2440,5
2026-04-19,84,8,W,ワイド,5=9,230,2
2026-04-19,84,8,W,ワイド,1=9,250,3
2026-04-19,84,8,W,ワイド,1=5,180,1
2026-04-19,84,9,WH2,枠複,1=2,1800,7
2026-04-19,84,9,WT2,枠単,1-2,2550,9
2026-04-19,84,9,SH2,二車複,1=2,1630,6
2026-04-19,84,9,ST2,二車単,1-2,3140,10
2026-04-19,84,9,RH3,三連複,1=2=7,2480,9
2026-04-19,84,9,RT3,三連単,1-2-7,9560,31
2026-04-19,84,9,W,ワイド,1=2,580,7
2026-04-19,84,9,W,ワイド,1=7,250,2
2026-04-19,84,9,W,ワイド,2=7,1340,17
2026-04-19,84,10,WH2,枠複,1=4,110,1
2026-04-19,84,10,WT2,枠単,4-1,150,1
2026-04-19,84,10,SH2,二車複,1=5,120,1
2026-04-19,84,10,ST2,二車単,5-1,150,1
2026-04-19,84,10,RH3,三連複,1=5=6,240,1
2026-04-19,84,10,RT3,三連単,5-1-6,320,1
2026-04-19,84,10,W,ワイド,1=5,100,1
2026-04-19,84,10,W,ワイド,5=6,230,2
2026-04-19,84,10,W,ワイド,1=6,240,3
2026-04-19,84,11,WH2,枠複,1=4,110,1
2026-04-19,84,11,WT2,枠単,4-1,280,2
2026-04-19,84,11,SH2,二車複,1=5,110,1
2026-04-19,84,11,ST2,二車単,5-1,290,2
2026-04-19,84,11,RH3,三連複,1=5=6,3420,7
2026-04-19,84,11,RT3,三連単,5-1-6,9360,17
2026-04-19,84,11,W,ワイド,1=5,110,1
2026-04-19,84,11,W,ワイド,5=6,1420,17
2026-04-19,84,11,W,ワイド,1=6,1660,21
2026-04-19,84,12,WH2,枠複,1=6,120,1
2026-04-19,84,12,WT2,枠単,1-6,250,2
2026-04-19,84,12,SH2,二車複,1=9,120,1
2026-04-19,84,12,ST2,二車単,1-9,230,2
2026-04-19,84,12,RH3,三連複,1=8=9,2380,6
2026-04-19,84,12,RT3,三連単,1-9-8,5810,14
2026-04-19,84,12,W,ワイド,1=9,100,1
2026-04-19,84,12,W,ワイド,1=8,1470,16
2026-04-19,84,12,W,ワイド,8=9,790,10
2026-04-20,37,1,SH2,二車複,1=3,820,4
2026-04-20,37,1,ST2,二車単,3-1,990,4
2026-04-20,37,1,RH3,三連複,1=3=6,5460,12
2026-04-20,37,1,RT3,三連単,3-1-6,10490,23
2026-04-20,37,1,W,ワイド,1=3,270,4
2026-04-20,37,1,W,ワイド,3=6,820,8
2026-04-20,37,1,W,ワイド,1=6,1780,12
2026-04-20,37,2,SH2,二車複,4=5,110,1
2026-04-20,37,2,ST2,二車単,4-5,190,1
2026-04-20,37,2,RH3,三連複,2=4=5,130,1
2026-04-20,37,2,RT3,三連単,4-5-2,230,1
2026-04-20,37,2,W,ワイド,4=5,100,1
2026-04-20,37,2,W,ワイド,2=4,120,2
2026-04-20,37,2,W,ワイド,2=5,120,3
2026-04-20,37,3,SH2,二車複,3=5,190,1
2026-04-20,37,3,ST2,二車単,5-3,400,2
2026-04-20,37,3,RH3,三連複,3=5=7,240,1
2026-04-20,37,3,RT3,三連単,5-3-7,620,2
2026-04-20,37,3,W,ワイド,3=5,150,1
2026-04-20,37,3,W,ワイド,5=7,270,4
2026-04-20,37,3,W,ワイド,3=7,190,3
2026-04-20,37,4,SH2,二車複,2=3,1720,7
2026-04-20,37,4,ST2,二車単,2-3,3650,10
2026-04-20,37,4,RH3,三連複,2=3=5,1480,8
2026-04-20,37,4,RT3,三連単,2-3-5,10550,37
2026-04-20,37,4,W,ワイド,2=3,320,5
2026-04-20,37,4,W,ワイド,2=5,480,9
2026-04-20,37,4,W,ワイド,3=5,390,7
2026-04-20,37,5,SH2,二車複,3=4,210,1
2026-04-20,37,5,ST2,二車単,4-3,250,1
2026-04-20,37,5,RH3,三連複,3=4=6,230,1
2026-04-20,37,5,RT3,三連単,4-3-6,610,1
2026-04-20,37,5,W,ワイド,3=4,110,1
2026-04-20,37,5,W,ワイド,4=6,180,3
2026-04-20,37,5,W,ワイド,3=6,190,4
2026-04-20,37,6,SH2,二車複,2=5,170,1
2026-04-20,37,6,ST2,二車単,2-5,350,2
2026-04-20,37,6,RH3,三連複,2=4=5,530,2
2026-04-20,37,6,RT3,三連単,2-5-4,1470,6
2026-04-20,37,6,W,ワイド,2=5,120,1
2026-04-20,37,6,W,ワイド,2=4,300,7
2026-04-20,37,6,W,ワイド,4=5,230,5
2026-04-20,37,7,SH2,二車複,3=5,220,1
2026-04-20,37,7,ST2,二車単,5-3,690,3
2026-04-20,37,7,RH3,三連複,3=4=5,250,1
2026-04-20,37,7,RT3,三連単,5-3-4,2020,9
2026-04-20,37,7,W,ワイド,3=5,120,2
2026-04-20,37,7,W,ワイド,4=5,170,4
2026-04-20,37,7,W,ワイド,3=4,110,1
2026-04-20,37,8,SH2,二車複,4=7,180,1
2026-04-20,37,8,ST2,二車単,7-4,280,1
2026-04-20,37,8,RH3,三連複,1=4=7,170,1
2026-04-20,37,8,RT3,三連単,7-4-1,340,1
2026-04-20,37,8,W,ワイド,4=7,120,1
2026-04-20,37,8,W,ワイド,1=7,160,2
2026-04-20,37,8,W,ワイド,1=4,160,3
2026-04-20,37,9,SH2,二車複,2=5,120,1
2026-04-20,37,9,ST2,二車単,2-5,580,2
2026-04-20,37,9,RH3,三連複,2=4=5,330,2
2026-04-20,37,9,RT3,三連単,2-5-4,2000,6
2026-04-20,37,9,W,ワイド,2=5,110,1
2026-04-20,37,9,W,ワイド,2=4,270,6
2026-04-20,37,9,W,ワイド,4=5,250,4
2026-04-20,37,10,SH2,二車複,3=5,1620,6
2026-04-20,37,10,ST2,二車単,5-3,3250,11
2026-04-20,37,10,RH3,三連複,3=4=5,3930,13
2026-04-20,37,10,RT3,三連単,5-3-4,20320,58
2026-04-20,37,10,W,ワイド,3=5,390,5
2026-04-20,37,10,W,ワイド,4=5,1810,17
2026-04-20,37,10,W,ワイド,3=4,480,9
2026-04-20,37,11,SH2,二車複,1=4,270,1
2026-04-20,37,11,ST2,二車単,1-4,300,1
2026-04-20,37,11,RH3,三連複,1=4=5,360,4
2026-04-20,37,11,RH3,三連複,1=4=7,200,2
2026-04-20,37,11,RT3,三連単,1-4-5,820,7
2026-04-20,37,11,RT3,三連単,1-4-7,390,1
2026-04-20,37,11,W,ワイド,1=4,100,1
2026-04-20,37,11,W,ワイド,1=5,180,4
2026-04-20,37,11,W,ワイド,1=7,110,2
2026-04-20,37,11,W,ワイド,4=5,230,8
2026-04-20,37,11,W,ワイド,4=7,220,7
2026-04-20,37,12,SH2,二車複,1=7,440,1
2026-04-20,37,12,ST2,二車単,7-1,780,1
2026-04-20,37,12,RH3,三連複,1=3=7,700,1
2026-04-20,37,12,RT3,三連単,7-1-3,2730,4
2026-04-20,37,12,W,ワイド,1=7,200,1
2026-04-20,37,12,W,ワイド,3=7,410,7
2026-04-20,37,12,W,ワイド,1=3,670,11
2026-04-20,44,1,SH2,二車複,2=4,130,1
2026-04-20,44,1,ST2,二車単,4-2,260,2
2026-04-20,44,1,RH3,三連複,1=2=4,100,1
2026-04-20,44,1,RT3,三連単,4-2-1,330,2
2026-04-20,44,1,W,ワイド,2=4,100,1
2026-04-20,44,1,W,ワイド,1=4,100,2
2026-04-20,44,1,W,ワイド,1=2,100,3
2026-04-20,44,2,SH2,二車複,3=5,470,4
2026-04-20,44,2,ST2,二車単,5-3,760,4
2026-04-20,44,2,RH3,三連複,3=5=6,2790,11
2026-04-20,44,2,RT3,三連単,5-3-6,5850,22
2026-04-20,44,2,W,ワイド,3=5,350,5
2026-04-20,44,2,W,ワイド,5=6,1080,13
2026-04-20,44,2,W,ワイド,3=6,1670,15
2026-04-20,44,3,SH2,二車複,2=4,510,2
2026-04-20,44,3,ST2,二車単,2-4,750,3
2026-04-20,44,3,RH3,三連複,2=4=6,3110,10
2026-04-20,44,3,RT3,三連単,2-4-6,7160,21
2026-04-20,44,3,W,ワイド,2=4,250,3
2026-04-20,44,3,W,ワイド,2=6,690,7
2026-04-20,44,3,W,ワイド,4=6,1990,16
2026-04-20,44,4,SH2,二車複,1=2,210,1
2026-04-20,44,4,ST2,二車単,1-2,290,1
2026-04-20,44,4,RH3,三連複,1=2=5,610,2
2026-04-20,44,4,RT3,三連単,1-2-5,1340,3
2026-04-20,44,4,W,ワイド,1=2,140,1
2026-04-20,44,4,W,ワイド,1=5,290,5
2026-04-20,44,4,W,ワイド,2=5,570,7
2026-04-20,44,5,SH2,二車複,3=4,1710,6
2026-04-20,44,5,ST2,二車単,3-4,3540,10
2026-04-20,44,5,RH3,三連複,1=3=4,530,2
2026-04-20,44,5,RT3,三連単,3-4-1,6600,22
2026-04-20,44,5,W,ワイド,3=4,230,3
2026-04-20,44,5,W,ワイド,1=3,130,1
2026-04-20,44,5,W,ワイド,1=4,240,4
2026-04-20,44,6,SH2,二車複,3=4,2360,8
2026-04-20,44,6,ST2,二車単,3-4,3420,12
2026-04-20,44,6,RH3,三連複,3=4=5,1220,5
2026-04-20,44,6,RT3,三連単,3-4-5,10340,37
2026-04-20,44,6,W,ワイド,3=4,650,8
2026-04-20,44,6,W,ワイド,3=5,310,3
2026-04-20,44,6,W,ワイド,4=5,860,10
2026-04-20,44,7,SH2,二車複,1=2,310,1
2026-04-20,44,7,ST2,二車単,1-2,800,2
2026-04-20,44,7,RH3,三連複,1=2=3,590,2
2026-04-20,44,7,RT3,三連単,1-2-3,2550,5
2026-04-20,44,7,W,ワイド,1=2,180,1
2026-04-20,44,7,W,ワイド,1=3,410,8
2026-04-20,44,7,W,ワイド,2=3,500,10
2026-04-20,44,8,SH2,二車複,2=4,380,2
2026-04-20,44,8,ST2,二車単,4-2,950,5
2026-04-20,44,8,RH3,三連複,2=4=5,1760,6
2026-04-20,44,8,RT3,三連単,4-2-5,5870,20
2026-04-20,44,8,W,ワイド,2=4,290,4
2026-04-20,44,8,W,ワイド,4=5,900,9
2026-04-20,44,8,W,ワイド,2=5,1740,12
2026-04-20,44,9,SH2,二車複,1=2,140,1
2026-04-20,44,9,ST2,二車単,2-1,260,2
2026-04-20,44,9,RH3,三連複,1=2=5,610,3
2026-04-20,44,9,RT3,三連単,2-1-5,1390,6
2026-04-20,44,9,W,ワイド,1=2,120,1
2026-04-20,44,9,W,ワイド,2=5,410,7
2026-04-20,44,9,W,ワイド,1=5,510,8
2026-04-20,53,1,SH2,二車複,1=3,210,1
2026-04-20,53,1,ST2,二車単,1-3,270,1
2026-04-20,53,1,RH3,三連複,1=3=5,130,1
2026-04-20,53,1,RT3,三連単,1-3-5,330,1
2026-04-20,53,1,W,ワイド,1=3,100,1
2026-04-20,53,1,W,ワイド,1=5,100,2
2026-04-20,53,1,W,ワイド,3=5,140,3
2026-04-20,53,2,SH2,二車複,2=5,1110,4
2026-04-20,53,2,ST2,二車単,5-2,1790,6
2026-04-20,53,2,RH3,三連複,2=5=7,2750,11
2026-04-20,53,2,RT3,三連単,5-2-7,12120,40
2026-04-20,53,2,W,ワイド,2=5,300,5
2026-04-20,53,2,W,ワイド,5=7,270,3
2026-04-20,53,2,W,ワイド,2=7,750,11
2026-04-20,53,3,SH2,二車複,1=3,390,2
2026-04-20,53,3,ST2,二車単,3-1,550,2
2026-04-20,53,3,RH3,三連複,1=3=5,510,2
2026-04-20,53,3,RT3,三連単,3-1-5,1590,3
2026-04-20,53,3,W,ワイド,1=3,110,1
2026-04-20,53,3,W,ワイド,3=5,180,2
2026-04-20,53,3,W,ワイド,1=5,280,6
2026-04-20,53,4,SH2,二車複,1=3,500,2
2026-04-20,53,4,ST2,二車単,3-1,620,2
2026-04-20,53,4,RH3,三連複,1=3=5,190,1
2026-04-20,53,4,RT3,三連単,3-1-5,860,2
2026-04-20,53,4,W,ワイド,1=3,180,3
2026-04-20,53,4,W,ワイド,3=5,100,1
2026-04-20,53,4,W,ワイド,1=5,160,2
2026-04-20,53,5,SH2,二車複,4=5,510,3
2026-04-20,53,5,ST2,二車単,4-5,1360,7
2026-04-20,53,5,RH3,三連複,3=4=5,200,1
2026-04-20,53,5,RT3,三連単,4-5-3,2150,7
2026-04-20,53,5,W,ワイド,4=5,140,3
2026-04-20,53,5,W,ワイド,3=4,140,2
2026-04-20,53,5,W,ワイド,3=5,110,1
2026-04-20,53,6,SH2,二車複,2=3,420,2
2026-04-20,53,6,ST2,二車単,2-3,1920,6
2026-04-20,53,6,RH3,三連複,2=3=5,440,2
2026-04-20,53,6,RT3,三連単,2-3-5,4920,12
2026-04-20,53,6,W,ワイド,2=3,160,2
2026-04-20,53,6,W,ワイド,2=5,410,8
2026-04-20,53,6,W,ワイド,3=5,120,1
2026-04-20,53,7,SH2,二車複,4=6,650,3
2026-04-20,53,7,ST2,二車単,4-6,1470,7
2026-04-20,53,7,RH3,三連複,1=4=6,140,1
2026-04-20,53,7,RT3,三連単,4-6-1,1630,5
2026-04-20,53,7,W,ワイド,4=6,110,3
2026-04-20,53,7,W,ワイド,1=4,100,2
2026-04-20,53,7,W,ワイド,1=6,100,1
2026-04-20,53,8,SH2,二車複,1=5,140,1
2026-04-20,53,8,ST2,二車単,5-1,200,1
2026-04-20,53,8,RH3,三連複,1=5=7,150,1
2026-04-20,53,8,RT3,三連単,5-1-7,260,1
2026-04-20,53,8,W,ワイド,1=5,100,1
2026-04-20,53,8,W,ワイド,5=7,110,2
2026-04-20,53,8,W,ワイド,1=7,150,3
2026-04-20,53,9,SH2,二車複,2=7,260,1
2026-04-20,53,9,ST2,二車単,7-2,650,4
2026-04-20,53,9,RH3,三連複,1=2=7,390,1
2026-04-20,53,9,RT3,三連単,7-2-1,1520,5
2026-04-20,53,9,W,ワイド,2=7,190,2
2026-04-20,53,9,W,ワイド,1=7,170,1
2026-04-20,53,9,W,ワイド,1=2,410,8
2026-04-20,53,10,SH2,二車複,4=5,2940,8
2026-04-20,53,10,ST2,二車単,4-5,4450,13
2026-04-20,53,10,RH3,三連複,1=4=5,1490,6
2026-04-20,53,10,RT3,三連単,4-5-1,12030,40
2026-04-20,53,10,W,ワイド,4=5,580,7
2026-04-20,53,10,W,ワイド,1=4,150,1
2026-04-20,53,10,W,ワイド,1=5,590,8
2026-04-20,53,11,SH2,二車複,1=6,1580,7
2026-04-20,53,11,ST2,二車単,1-6,2270,11
2026-04-20,53,11,RH3,三連複,1=4=6,2560,13
2026-04-20,53,11,RT3,三連単,1-6-4,9280,37
2026-04-20,53,11,W,ワイド,1=6,680,11
2026-04-20,53,11,W,ワイド,1=4,920,14
2026-04-20,53,11,W,ワイド,4=6,690,12
2026-04-20,73,1,SH2,二車複,1=3,1220,5
2026-04-20,73,1,ST2,二車単,3-1,2270,6
2026-04-20,73,1,RH3,三連複,1=3=7,3490,7
2026-04-20,73,1,RT3,三連単,3-1-7,8010,20
2026-04-20,73,1,W,ワイド,1=3,540,9
2026-04-20,73,1,W,ワイド,3=7,160,2
2026-04-20,73,1,W,ワイド,1=7,1480,13
2026-04-20,73,2,SH2,二車複,2=3,3790,7
2026-04-20,73,2,ST2,二車単,3-2,4890,10
2026-04-20,73,2,RH3,三連複,2=3=7,8020,17
2026-04-20,73,2,RT3,三連単,3-2-7,35590,58
2026-04-20,73,2,W,ワイド,2=3,430,6
2026-04-20,73,2,W,ワイド,3=7,690,8
2026-04-20,73,2,W,ワイド,2=7,3240,17
2026-04-20,73,3,SH2,二車複,3=5,140,1
2026-04-20,73,3,ST2,二車単,5-3,170,1
2026-04-20,73,3,RH3,三連複,2=3=5,200,1
2026-04-20,73,3,RT3,三連単,5-3-2,390,1
2026-04-20,73,3,W,ワイド,3=5,130,1
2026-04-20,73,3,W,ワイド,2=5,160,2
2026-04-20,73,3,W,ワイド,2=3,210,4
2026-04-20,73,4,SH2,二車複,1=7,100,1
2026-04-20,73,4,ST2,二車単,1-7,130,1
2026-04-20,73,4,RH3,三連複,1=5=7,140,1
2026-04-20,73,4,RT3,三連単,1-7-5,170,1
2026-04-20,73,4,W,ワイド,1=7,100,1
2026-04-20,73,4,W,ワイド,1=5,130,2
2026-04-20,73,4,W,ワイド,5=7,160,3
2026-04-20,73,5,SH2,二車複,2=3,100,1
2026-04-20,73,5,ST2,二車単,2-3,120,1
2026-04-20,73,5,RH3,三連複,2=3=7,120,1
2026-04-20,73,5,RT3,三連単,2-3-7,150,1
2026-04-20,73,5,W,ワイド,2=3,100,1
2026-04-20,73,5,W,ワイド,2=7,110,2
2026-04-20,73,5,W,ワイド,3=7,130,3
2026-04-20,73,6,SH2,二車複,1=7,100,1
2026-04-20,73,6,ST2,二車単,1-7,260,2
2026-04-20,73,6,RH3,三連複,1=5=7,970,3
2026-04-20,73,6,RT3,三連単,1-7-5,2850,8
2026-04-20,73,6,W,ワイド,1=7,110,1
2026-04-20,73,6,W,ワイド,1=5,820,10
2026-04-20,73,6,W,ワイド,5=7,500,7
2026-04-20,73,7,SH2,二車複,2=5,1250,5
2026-04-20,73,7,ST2,二車単,5-2,4020,16
2026-04-20,73,7,RH3,三連複,2=4=5,750,5
2026-04-20,73,7,RT3,三連単,5-2-4,11140,35
2026-04-20,73,7,W,ワイド,2=5,380,8
2026-04-20,73,7,W,ワイド,4=5,370,7
2026-04-20,73,7,W,ワイド,2=4,180,1
2026-04-20,73,8,SH2,二車複,3=4,220,1
2026-04-20,73,8,ST2,二車単,3-4,400,2
2026-04-20,73,8,RH3,三連複,3=4=7,1780,7
2026-04-20,73,8,RT3,三連単,3-4-7,4220,13
2026-04-20,73,8,W,ワイド,3=4,160,1
2026-04-20,73,8,W,ワイド,3=7,670,8
2026-04-20,73,8,W,ワイド,4=7,970,13
2026-04-20,73,9,SH2,二車複,3=7,120,1
2026-04-20,73,9,ST2,二車単,7-3,210,1
2026-04-20,73,9,RH3,三連複,3=4=7,820,3
2026-04-20,73,9,RT3,三連単,7-3-4,2160,6
2026-04-20,73,9,W,ワイド,3=7,110,1
2026-04-20,73,9,W,ワイド,4=7,640,8
2026-04-20,73,9,W,ワイド,3=4,440,7
2026-04-20,73,10,SH2,二車複,2=5,110,1
2026-04-20,73,10,ST2,二車単,5-2,140,1
2026-04-20,73,10,RH3,三連複,1=2=5,160,1
2026-04-20,73,10,RT3,三連単,5-2-1,230,1
2026-04-20,73,10,W,ワイド,2=5,100,1
2026-04-20,73,10,W,ワイド,1=5,140,2
2026-04-20,73,10,W,ワイド,1=2,140,3
2026-04-20,73,11,SH2,二車複,2=5,1790,6
2026-04-20,73,11,ST2,二車単,5-2,6130,19
2026-04-20,73,11,RH3,三連複,1=2=5,1470,5
2026-04-20,73,11,RT3,三連単,5-2-1,14770,54
2026-04-20,73,11,W,ワイド,2=5,390,6
2026-04-20,73,11,W,ワイド,1=5,450,7
2026-04-20,73,11,W,ワイド,1=2,170,2
2026-04-20,75,1,SH2,二車複,2=7,400,1
2026-04-20,75,1,ST2,二車単,2-7,1000,4
2026-04-20,75,1,RH3,三連複,1=2=7,700,3
2026-04-20,75,1,RT3,三連単,2-7-1,4060,11
2026-04-20,75,1,W,ワイド,2=7,170,1
2026-04-20,75,1,W,ワイド,1=2,580,9
2026-04-20,75,1,W,ワイド,1=7,240,3
2026-04-20,75,2,SH2,二車複,2=5,750,4
2026-04-20,75,2,ST2,二車単,2-5,900,3
2026-04-20,75,2,RH3,三連複,1=2=5,3330,13
2026-04-20,75,2,RT3,三連単,2-5-1,6030,18
2026-04-20,75,2,W,ワイド,2=5,260,2
2026-04-20,75,2,W,ワイド,1=2,1360,16
2026-04-20,75,2,W,ワイド,1=5,1650,19
2026-04-20,75,3,SH2,二車複,3=5,610,3
2026-04-20,75,3,ST2,二車単,5-3,690,2
2026-04-20,75,3,RH3,三連複,3=5=6,2180,7
2026-04-20,75,3,RT3,三連単,5-3-6,3220,9
2026-04-20,75,3,W,ワイド,3=5,340,3
2026-04-20,75,3,W,ワイド,5=6,1820,10
2026-04-20,75,3,W,ワイド,3=6,2140,12
2026-04-20,75,4,SH2,二車複,1=4,140,1
2026-04-20,75,4,ST2,二車単,1-4,170,1
2026-04-20,75,4,RH3,三連複,1=2=4,570,3
2026-04-20,75,4,RT3,三連単,1-4-2,810,3
2026-04-20,75,4,W,ワイド,1=4,120,1
2026-04-20,75,4,W,ワイド,1=2,260,3
2026-04-20,75,4,W,ワイド,2=4,560,8
2026-04-20,75,5,SH2,二車複,1=5,3700,10
2026-04-20,75,5,ST2,二車単,1-5,5860,17
2026-04-20,75,5,RH3,三連複,1=5=7,2200,7
2026-04-20,75,5,RT3,三連単,1-5-7,21510,56
2026-04-20,75,5,W,ワイド,1=5,430,4
2026-04-20,75,5,W,ワイド,1=7,540,7
2026-04-20,75,5,W,ワイド,5=7,330,3
2026-04-20,75,6,SH2,二車複,1=3,1620,5
2026-04-20,75,6,ST2,二車単,1-3,2440,9
2026-04-20,75,6,RH3,三連複,1=3=7,1470,6
2026-04-20,75,6,RT3,三連単,1-3-7,5940,19
2026-04-20,75,6,W,ワイド,1=3,640,7
2026-04-20,75,6,W,ワイド,1=7,250,2
2026-04-20,75,6,W,ワイド,3=7,1100,14
2026-04-20,75,7,SH2,二車複,5=7,1320,3
2026-04-20,75,7,ST2,二車単,7-5,4470,11
2026-04-20,75,7,RH3,三連複,2=5=7,1030,4
2026-04-20,75,7,RT3,三連単,7-5-2,12800,32
2026-04-20,75,7,W,ワイド,5=7,350,5
2026-04-20,75,7,W,ワイド,2=7,420,7
2026-04-20,75,7,W,ワイド,2=5,170,2
2026-04-20,75,8,SH2,二車複,1=4,2550,8
2026-04-20,75,8,ST2,二車単,1-4,7010,18
2026-04-20,75,8,RH3,三連複,1=2=4,660,3
2026-04-20,75,8,RT3,三連単,1-4-2,14240,41
2026-04-20,75,8,W,ワイド,1=4,570,9
2026-04-20,75,8,W,ワイド,1=2,400,7
2026-04-20,75,8,W,ワイド,2=4,160,1
2026-04-20,75,9,SH2,二車複,1=4,310,1
2026-04-20,75,9,ST2,二車単,1-4,670,4
2026-04-20,75,9,RH3,三連複,1=3=4,1120,5
2026-04-20,75,9,RT3,三連単,1-4-3,3150,11
2026-04-20,75,9,W,ワイド,1=4,190,2
2026-04-20,75,9,W,ワイド,1=3,680,9
2026-04-20,75,9,W,ワイド,3=4,620,8
2026-04-20,75,10,SH2,二車複,1=7,120,1
2026-04-20,75,10,ST2,二車単,1-7,360,2
2026-04-20,75,10,RH3,三連複,1=4=7,480,3
2026-04-20,75,10,RT3,三連単,1-7-4,1530,7
2026-04-20,75,10,W,ワイド,1=7,120,1
2026-04-20,75,10,W,ワイド,1=4,420,9
2026-04-20,75,10,W,ワイド,4=7,290,4
2026-04-20,75,11,SH2,二車複,1=4,110,1
2026-04-20,75,11,ST2,二車単,4-1,140,1
2026-04-20,75,11,RH3,三連複,1=4=5,180,1
2026-04-20,75,11,RT3,三連単,4-1-5,270,1
2026-04-20,75,11,W,ワイド,1=4,100,1
2026-04-20,75,11,W,ワイド,4=5,170,2
2026-04-20,75,11,W,ワイド,1=5,200,4
2026-04-20,75,12,SH2,二車複,1=3,2610,11
2026-04-20,75,12,ST2,二車単,3-1,5070,19
2026-04-20,75,12,RH3,三連複,1=3=7,640,3
2026-04-20,75,12,RT3,三連単,3-1-7,8020,23
2026-04-20,75,12,W,ワイド,1=3,510,12
2026-04-20,75,12,W,ワイド,3=7,150,1
2026-04-20,75,12,W,ワイド,1=7,240,2
2026-04-20,84,1,WH2,枠複,1=6,770,4
2026-04-20,84,1,WT2,枠単,1-6,1370,4
2026-04-20,84,1,SH2,二車複,1=7,1030,4
2026-04-20,84,1,ST2,二車単,1-7,2180,8
2026-04-20,84,1,RH3,三連複,1=2=7,2080,7
2026-04-20,84,1,RT3,三連単,1-7-2,16750,60
2026-04-20,84,1,W,ワイド,1=7,400,7
2026-04-20,84,1,W,ワイド,1=2,390,5
2026-04-20,84,1,W,ワイド,2=7,770,12
2026-04-20,84,2,WH2,枠複,3=4,490,2
2026-04-20,84,2,WT2,枠単,4-3,710,2
2026-04-20,84,2,SH2,二車複,3=4,510,2
2026-04-20,84,2,ST2,二車単,4-3,650,1
2026-04-20,84,2,RH3,三連複,3=4=5,950,3
2026-04-20,84,2,RT3,三連単,4-3-5,2300,6
2026-04-20,84,2,W,ワイド,3=4,260,2
2026-04-20,84,2,W,ワイド,4=5,260,3
2026-04-20,84,2,W,ワイド,3=5,860,11
2026-04-20,84,3,WH2,枠複,1=6,2630,11
2026-04-20,84,3,WT2,枠単,1-6,8620,24
2026-04-20,84,3,SH2,二車複,1=9,4340,16
2026-04-20,84,3,ST2,二車単,1-9,9360,27
2026-04-20,84,3,RH3,三連複,1=7=9,750,2
2026-04-20,84,3,RT3,三連単,1-9-7,20360,58
2026-04-20,84,3,W,ワイド,1=9,580,8
2026-04-20,84,3,W,ワイド,1=7,170,1
2026-04-20,84,3,W,ワイド,7=9,230,2
2026-04-20,84,4,WH2,枠複,1=5,740,4
2026-04-20,84,4,WT2,枠単,1-5,1640,10
2026-04-20,84,4,SH2,二車複,1=7,730,2
2026-04-20,84,4,ST2,二車単,1-7,1390,4
2026-04-20,84,4,RH3,三連複,1=2=7,2180,5
2026-04-20,84,4,RT3,三連単,1-7-2,10200,30
2026-04-20,84,4,W,ワイド,1=7,340,3
2026-04-20,84,4,W,ワイド,1=2,1020,16
2026-04-20,84,4,W,ワイド,2=7,600,7
2026-04-20,84,5,WH2,枠複,1=5,390,1
2026-04-20,84,5,WT2,枠単,1-5,560,1
2026-04-20,84,5,SH2,二車複,1=7,340,1
2026-04-20,84,5,ST2,二車単,1-7,660,1
2026-04-20,84,5,RH3,三連複,1=4=7,660,2
2026-04-20,84,5,RT3,三連単,1-7-4,1560,1
2026-04-20,84,5,W,ワイド,1=7,180,1
2026-04-20,84,5,W,ワイド,1=4,560,8
2026-04-20,84,5,W,ワイド,4=7,450,5
2026-04-20,84,6,WH2,枠複,5=6,1020,5
2026-04-20,84,6,WT2,枠単,6-5,2680,14
2026-04-20,84,6,SH2,二車複,7=8,2780,11
2026-04-20,84,6,ST2,二車単,8-7,9430,28
2026-04-20,84,6,RH3,三連複,2=7=8,2000,7
2026-04-20,84,6,RT3,三連単,8-7-2,33750,96
2026-04-20,84,6,W,ワイド,7=8,900,11
2026-04-20,84,6,W,ワイド,2=8,970,12
2026-04-20,84,6,W,ワイド,2=7,210,1
2026-04-20,84,7,WH2,枠複,4=6,1190,7
2026-04-20,84,7,WT2,枠単,6-4,2480,15
2026-04-20,84,7,SH2,二車複,5=9,4820,17
2026-04-20,84,7,ST2,二車単,9-5,11530,34
2026-04-20,84,7,RH3,三連複,1=5=9,3240,13
2026-04-20,84,7,RT3,三連単,9-5-1,48090,140
2026-04-20,84,7,W,ワイド,5=9,1290,18
2026-04-20,84,7,W,ワイド,1=9,900,13
2026-04-20,84,7,W,ワイド,1=5,260,2
2026-04-20,84,8,WH2,枠複,2=4,1060,2
2026-04-20,84,8,WT2,枠単,2-4,2660,8
2026-04-20,84,8,SH2,二車複,2=4,3630,13
2026-04-20,84,8,ST2,二車単,2-4,5720,17
2026-04-20,84,8,RH3,三連複,2=4=9,2570,8
2026-04-20,84,8,RT3,三連単,2-4-9,15080,36
2026-04-20,84,8,W,ワイド,2=4,820,13
2026-04-20,84,8,W,ワイド,2=9,490,5
2026-04-20,84,8,W,ワイド,4=9,2140,21
2026-04-20,84,9,WH2,枠複,1=6,440,1
2026-04-20,84,9,WT2,枠単,1-6,500,1
2026-04-20,84,9,SH2,二車複,1=9,430,1
2026-04-20,84,9,ST2,二車単,1-9,460,1
2026-04-20,84,9,RH3,三連複,1=4=9,960,1
2026-04-20,84,9,RT3,三連単,1-9-4,1410,1
2026-04-20,84,9,W,ワイド,1=9,220,1
2026-04-20,84,9,W,ワイド,1=4,410,5
2026-04-20,84,9,W,ワイド,4=9,600,11
2026-04-20,84,10,WH2,枠複,3=4,1540,7
2026-04-20,84,10,WT2,枠単,4-3,2810,11
2026-04-20,84,10,SH2,二車複,3=5,1660,6
2026-04-20,84,10,ST2,二車単,5-3,2860,8
2026-04-20,84,10,RH3,三連複,2=3=5,3550,13
2026-04-20,84,10,RT3,三連単,5-3-2,12930,37
2026-04-20,84,10,W,ワイド,3=5,480,5
2026-04-20,84,10,W,ワイド,2=5,680,8
2026-04-20,84,10,W,ワイド,2=3,1790,17
2026-04-20,84,11,WH2,枠複,1=6,460,2
2026-04-20,84,11,WT2,枠単,6-1,1370,5
2026-04-20,84,11,SH2,二車複,1=9,450,2
2026-04-20,84,11,ST2,二車単,9-1,1380,4
2026-04-20,84,11,RH3,三連複,1=3=9,1980,8
2026-04-20,84,11,RT3,三連単,9-1-3,8870,25
2026-04-20,84,11,W,ワイド,1=9,190,2
2026-04-20,84,11,W,ワイド,3=9,840,12
2026-04-20,84,11,W,ワイド,1=3,520,7
2026-04-20,84,12,WH2,枠複,5=6,2150,10
2026-04-20,84,12,WT2,枠単,5-6,6320,24
2026-04-20,84,12,SH2,二車複,7=9,4770,13
2026-04-20,84,12,ST2,二車単,7-9,12760,32
2026-04-20,84,12,RH3,三連複,1=7=9,1500,4
2026-04-20,84,12,RT3,三連単,7-9-1,46650,108
2026-04-20,84,12,W,ワイド,7=9,790,12
2026-04-20,84,12,W,ワイド,1=7,660,11
2026-04-20,84,12,W,ワイド,1=9,140,1
2026-04-21,38,1,SH2,二車複,4=5,1270,6
2026-04-21,38,1,ST2,二車単,4-5,2550,10
2026-04-21,38,1,RH3,三連複,3=4=5,1920,8
2026-04-21,38,1,RT3,三連単,4-5-3,12100,40
2026-04-21,38,1,W,ワイド,4=5,620,6
2026-04-21,38,1,W,ワイド,3=4,750,9
2026-04-21,38,1,W,ワイド,3=5,380,5
2026-04-21,38,2,SH2,二車複,4=5,890,4
2026-04-21,38,2,ST2,二車単,5-4,2980,10
2026-04-21,38,2,RH3,三連複,4=5=7,4510,12
2026-04-21,38,2,RT3,三連単,5-4-7,24500,58
2026-04-21,38,2,W,ワイド,4=5,290,4
2026-04-21,38,2,W,ワイド,5=7,1350,14
2026-04-21,38,2,W,ワイド,4=7,820,9
2026-04-21,38,3,SH2,二車複,3=7,1060,3
2026-04-21,38,3,ST2,二車単,3-7,3050,13
2026-04-21,38,3,RH3,三連複,2=3=7,1920,7
2026-04-21,38,3,RT3,三連単,3-7-2,12000,44
2026-04-21,38,3,W,ワイド,3=7,560,8
2026-04-21,38,3,W,ワイド,2=3,550,5
2026-04-21,38,3,W,ワイド,2=7,550,5
2026-04-21,38,4,SH2,二車複,1=7,770,2
2026-04-21,38,4,ST2,二車単,7-1,1050,3
2026-04-21,38,4,RH3,三連複,1=2=7,240,2
2026-04-21,38,4,RT3,三連単,7-1-2,1970,7
2026-04-21,38,4,W,ワイド,1=7,190,2
2026-04-21,38,4,W,ワイド,2=7,100,1
2026-04-21,38,4,W,ワイド,1=2,250,5
2026-04-21,38,5,SH2,二車複,1=6,440,1
2026-04-21,38,5,ST2,二車単,1-6,580,1
2026-04-21,38,5,RH3,三連複,1=6=7,1460,5
2026-04-21,38,5,RT3,三連単,1-6-7,3250,7
2026-04-21,38,5,W,ワイド,1=6,250,1
2026-04-21,38,5,W,ワイド,1=7,320,5
2026-04-21,38,5,W,ワイド,6=7,1100,19
2026-04-21,38,6,SH2,二車複,3=4,270,1
2026-04-21,38,6,ST2,二車単,4-3,660,3
2026-04-21,38,6,RH3,三連複,3=4=6,720,3
2026-04-21,38,6,RT3,三連単,4-3-6,1570,2
2026-04-21,38,6,W,ワイド,3=4,180,1
2026-04-21,38,6,W,ワイド,4=6,460,7
2026-04-21,38,6,W,ワイド,3=6,460,8
2026-04-21,38,7,SH2,二車複,2=4,1180,4
2026-04-21,38,7,ST2,二車単,2-4,1510,5
2026-04-21,38,7,RH3,三連複,2=3=4,3100,10
2026-04-21,38,7,RT3,三連単,2-4-3,5450,17
2026-04-21,38,7,W,ワイド,2=4,600,9
2026-04-21,38,7,W,ワイド,2=3,510,7
2026-04-21,38,7,W,ワイド,3=4,1140,12
2026-04-21,38,8,SH2,二車複,3=5,1110,4
2026-04-21,38,8,ST2,二車単,5-3,1780,5
2026-04-21,38,8,RH3,三連複,3=5=7,3360,14
2026-04-21,38,8,RT3,三連単,5-3-7,12060,45
2026-04-21,38,8,W,ワイド,3=5,580,7
2026-04-21,38,8,W,ワイド,5=7,670,10
2026-04-21,38,8,W,ワイド,3=7,1100,16
2026-04-21,38,9,SH2,二車複,2=5,140,1
2026-04-21,38,9,ST2,二車単,2-5,190,1
2026-04-21,38,9,RH3,三連複,2=5=6,440,2
2026-04-21,38,9,RT3,三連単,2-5-6,870,2
2026-04-21,38,9,W,ワイド,2=5,110,1
2026-04-21,38,9,W,ワイド,2=6,360,6
2026-04-21,38,9,W,ワイド,5=6,530,10
2026-04-21,38,10,SH2,二車複,3=4,970,3
2026-04-21,38,10,ST2,二車単,4-3,2930,7
2026-04-21,38,10,RH3,三連複,3=4=7,320,2
2026-04-21,38,10,RT3,三連単,4-3-7,5590,13
2026-04-21,38,10,W,ワイド,3=4,250,5
2026-04-21,38,10,W,ワイド,4=7,100,1
2026-04-21,38,10,W,ワイド,3=7,220,4
2026-04-21,38,11,SH2,二車複,3=4,4460,11
2026-04-21,38,11,ST2,二車単,4-3,14130,29
2026-04-21,38,11,RH3,三連複,3=4=6,25010,33
2026-04-21,38,11,RT3,三連単,4-3-6,175100,167
2026-04-21,38,11,W,ワイド,3=4,1180,13
2026-04-21,38,11,W,ワイド,4=6,3160,21
2026-04-21,38,11,W,ワイド,3=6,710,9
2026-04-21,38,12,SH2,二車複,2=7,300,1
2026-04-21,38,12,ST2,二車単,2-7,620,1
2026-04-21,38,12,RH3,三連複,2=3=7,750,2
2026-04-21,38,12,RT3,三連単,2-7-3,2500,5
2026-04-21,38,12,W,ワイド,2=7,150,1
2026-04-21,38,12,W,ワイド,2=3,370,4
2026-04-21,38,12,W,ワイド,3=7,410,5
2026-04-21,44,1,SH2,二車複,1=2,250,1
2026-04-21,44,1,ST2,二車単,1-2,530,2
2026-04-21,44,1,RH3,三連複,1=2=3,600,2
2026-04-21,44,1,RT3,三連単,1-2-3,1950,6
2026-04-21,44,1,W,ワイド,1=2,130,1
2026-04-21,44,1,W,ワイド,1=3,200,5
2026-04-21,44,1,W,ワイド,2=3,250,6
2026-04-21,44,2,SH2,二車複,2=4,790,3
2026-04-21,44,2,ST2,二車単,2-4,840,3
2026-04-21,44,2,RH3,三連複,1=2=4,450,3
2026-04-21,44,2,RT3,三連単,2-4-1,3030,10
2026-04-21,44,2,W,ワイド,2=4,190,3
2026-04-21,44,2,W,ワイド,1=2,100,1
2026-04-21,44,2,W,ワイド,1=4,270,7
2026-04-21,44,3,SH2,二車複,1=5,1060,4
2026-04-21,44,3,ST2,二車単,1-5,1220,4
2026-04-21,44,3,RH3,三連複,1=3=5,2730,10
2026-04-21,44,3,RT3,三連単,1-5-3,4470,13
2026-04-21,44,3,W,ワイド,1=5,320,4
2026-04-21,44,3,W,ワイド,1=3,250,3
2026-04-21,44,3,W,ワイド,3=5,1090,13
2026-04-21,44,4,SH2,二車複,4=7,1190,5
2026-04-21,44,4,ST2,二車単,7-4,3860,18
2026-04-21,44,4,RH3,三連複,4=5=7,3120,15
2026-04-21,44,4,RT3,三連単,7-4-5,15490,63
2026-04-21,44,4,W,ワイド,4=7,620,9
2026-04-21,44,4,W,ワイド,5=7,1910,20
2026-04-21,44,4,W,ワイド,4=5,1060,16
2026-04-21,44,5,SH2,二車複,1=2,120,1
2026-04-21,44,5,ST2,二車単,2-1,160,1
2026-04-21,44,5,RH3,三連複,1=2=3,130,1
2026-04-21,44,5,RT3,三連単,2-1-3,210,1
2026-04-21,44,5,W,ワイド,1=2,100,1
2026-04-21,44,5,W,ワイド,2=3,130,3
2026-04-21,44,5,W,ワイド,1=3,120,2
2026-04-21,44,6,SH2,二車複,1=3,450,3
2026-04-21,44,6,ST2,二車単,3-1,720,3
2026-04-21,44,6,RH3,三連複,1=3=7,4660,12
2026-04-21,44,6,RT3,三連単,3-1-7,10430,25
2026-04-21,44,6,W,ワイド,1=3,210,2
2026-04-21,44,6,W,ワイド,3=7,1640,13
2026-04-21,44,6,W,ワイド,1=7,1320,11
2026-04-21,44,7,SH2,二車複,1=3,520,3
2026-04-21,44,7,ST2,二車単,1-3,710,3
2026-04-21,44,7,RH3,三連複,1=2=3,750,4
2026-04-21,44,7,RT3,三連単,1-3-2,3460,12
2026-04-21,44,7,W,ワイド,1=3,240,4
2026-04-21,44,7,W,ワイド,1=2,180,2
2026-04-21,44,7,W,ワイド,2=3,430,7
2026-04-21,44,8,SH2,二車複,1=2,420,2
2026-04-21,44,8,ST2,二車単,1-2,640,3
2026-04-21,44,8,RH3,三連複,1=2=3,350,1
2026-04-21,44,8,RT3,三連単,1-2-3,1400,2
2026-04-21,44,8,W,ワイド,1=2,150,1
2026-04-21,44,8,W,ワイド,1=3,160,2
2026-04-21,44,8,W,ワイド,2=3,220,4
2026-04-21,44,9,SH2,二車複,1=3,3560,11
2026-04-21,44,9,ST2,二車単,1-3,6210,21
2026-04-21,44,9,RH3,三連複,1=2=3,730,3
2026-04-21,44,9,RT3,三連単,1-3-2,12340,40
2026-04-21,44,9,W,ワイド,1=3,320,6
2026-04-21,44,9,W,ワイド,1=2,140,1
2026-04-21,44,9,W,ワイド,2=3,260,3
2026-04-21,75,1,SH2,二車複,2=4,2880,10
2026-04-21,75,1,ST2,二車単,4-2,2330,10
2026-04-21,75,1,RH3,三連複,2=3=4,3440,9
2026-04-21,75,1,RT3,三連単,4-2-3,16140,45
2026-04-21,75,1,W,ワイド,2=4,1320,15
2026-04-21,75,1,W,ワイド,3=4,250,3
2026-04-21,75,1,W,ワイド,2=3,770,9
2026-04-21,75,2,SH2,二車複,4=5,1020,5
2026-04-21,75,2,ST2,二車単,5-4,6220,16
2026-04-21,75,2,RH3,三連複,4=5=7,1530,6
2026-04-21,75,2,RT3,三連単,5-4-7,22840,57
2026-04-21,75,2,W,ワイド,4=5,360,5
2026-04-21,75,2,W,ワイド,5=7,530,7
2026-04-21,75,2,W,ワイド,4=7,270,4
2026-04-21,75,3,SH2,二車複,4=5,3210,7
2026-04-21,75,3,ST2,二車単,5-4,6530,14
2026-04-21,75,3,RH3,三連複,3=4=5,820,3
2026-04-21,75,3,RT3,三連単,5-4-3,11540,36
2026-04-21,75,3,W,ワイド,4=5,840,11
2026-04-21,75,3,W,ワイド,3=5,200,2
2026-04-21,75,3,W,ワイド,3=4,410,8
2026-04-21,75,4,SH2,二車複,1=2,4820,11
2026-04-21,75,4,ST2,二車単,2-1,6330,17
2026-04-21,75,4,RH3,三連複,1=2=5,740,2
2026-04-21,75,4,RT3,三連単,2-1-5,11930,31
2026-04-21,75,4,W,ワイド,1=2,390,6
2026-04-21,75,4,W,ワイド,2=5,140,1
2026-04-21,75,4,W,ワイド,1=5,330,4
2026-04-21,75,5,SH2,二車複,1=7,150,1
2026-04-21,75,5,ST2,二車単,7-1,220,1
2026-04-21,75,5,RH3,三連複,1=5=7,240,1
2026-04-21,75,5,RT3,三連単,7-1-5,480,1
2026-04-21,75,5,W,ワイド,1=7,130,1
2026-04-21,75,5,W,ワイド,5=7,260,5
2026-04-21,75,5,W,ワイド,1=5,260,4
2026-04-21,75,6,SH2,二車複,1=3,890,4
2026-04-21,75,6,ST2,二車単,3-1,1240,5
2026-04-21,75,6,RH3,三連複,1=3=5,1210,6
2026-04-21,75,6,RT3,三連単,3-1-5,3820,11
2026-04-21,75,6,W,ワイド,1=3,210,3
2026-04-21,75,6,W,ワイド,3=5,530,8
2026-04-21,75,6,W,ワイド,1=5,190,2
2026-04-21,75,7,SH2,二車複,5=7,2850,7
2026-04-21,75,7,ST2,二車単,7-5,3290,11
2026-04-21,75,7,RH3,三連複,2=5=7,5280,15
2026-04-21,75,7,RT3,三連単,7-5-2,22560,59
2026-04-21,75,7,W,ワイド,5=7,630,9
2026-04-21,75,7,W,ワイド,2=7,1070,12
2026-04-21,75,7,W,ワイド,2=5,1730,15
2026-04-21,75,8,SH2,二車複,1=7,5430,15
2026-04-21,75,8,ST2,二車単,7-1,8640,26
2026-04-21,75,8,RH3,三連複,1=2=7,10000,23
2026-04-21,75,8,RT3,三連単,7-1-2,72230,133
2026-04-21,75,8,W,ワイド,1=7,1050,16
2026-04-21,75,8,W,ワイド,2=7,1490,17
2026-04-21,75,8,W,ワイド,1=2,660,11
2026-04-21,75,9,SH2,二車複,3=7,250,1
2026-04-21,75,9,ST2,二車単,3-7,330,2
2026-04-21,75,9,ST2,二車単,7-3,190,1
2026-04-21,75,9,RH3,三連複,2=3=7,2880,12
2026-04-21,75,9,RT3,三連単,3-7-2,5600,41
2026-04-21,75,9,RT3,三連単,7-3-2,2930,18
2026-04-21,75,9,W,ワイド,3=7,180,1
2026-04-21,75,9,W,ワイド,2=3,1740,17
2026-04-21,75,9,W,ワイド,2=7,900,15
2026-04-21,75,10,SH2,二車複,1=6,2390,9
2026-04-21,75,10,ST2,二車単,1-6,4180,14
2026-04-21,75,10,RH3,三連複,1=4=6,3380,16
2026-04-21,75,10,RT3,三連単,1-6-4,15380,51
2026-04-21,75,10,W,ワイド,1=6,560,8
2026-04-21,75,10,W,ワイド,1=4,230,2
2026-04-21,75,10,W,ワイド,4=6,1410,15
2026-04-21,75,11,SH2,二車複,3=4,250,1
2026-04-21,75,11,ST2,二車単,4-3,450,1
2026-04-21,75,11,RH3,三連複,3=4=7,740,3
2026-04-21,75,11,RT3,三連単,4-3-7,2910,8
2026-04-21,75,11,W,ワイド,3=4,150,1
2026-04-21,75,11,W,ワイド,4=7,360,8
2026-04-21,75,11,W,ワイド,3=7,300,4
2026-04-21,75,12,SH2,二車複,4=7,860,3
2026-04-21,75,12,ST2,二車単,4-7,1590,4
2026-04-21,75,12,RH3,三連複,4=5=7,6030,14
2026-04-21,75,12,RT3,三連単,4-7-5,14970,36
2026-04-21,75,12,W,ワイド,4=7,350,4
2026-04-21,75,12,W,ワイド,4=5,360,5
2026-04-21,75,12,W,ワイド,5=7,2060,15
2026-04-22,22,1,SH2,二車複,1=7,230,1
2026-04-22,22,1,ST2,二車単,7-1,420,1
2026-04-22,22,1,RH3,三連複,1=2=7,160,1
2026-04-22,22,1,RT3,三連単,7-1-2,610,2
2026-04-22,22,1,W,ワイド,1=7,130,2
2026-04-22,22,1,W,ワイド,2=7,140,3
2026-04-22,22,1,W,ワイド,1=2,110,1
2026-04-22,22,2,SH2,二車複,3=5,760,3
2026-04-22,22,2,ST2,二車単,3-5,1040,4
2026-04-22,22,2,RH3,三連複,2=3=5,1560,7
2026-04-22,22,2,RT3,三連単,3-5-2,3370,10
2026-04-22,22,2,W,ワイド,3=5,220,2
2026-04-22,22,2,W,ワイド,2=3,550,7
2026-04-22,22,2,W,ワイド,2=5,700,9
2026-04-22,22,3,SH2,二車複,1=2,930,5
2026-04-22,22,3,ST2,二車単,2-1,2390,10
2026-04-22,22,3,RH3,三連複,1=2=4,730,3
2026-04-22,22,3,RT3,三連単,2-1-4,5110,17
2026-04-22,22,3,W,ワイド,1=2,310,5
2026-04-22,22,3,W,ワイド,2=4,360,6
2026-04-22,22,3,W,ワイド,1=4,240,2
2026-04-22,22,4,SH2,二車複,2=5,150,1
2026-04-22,22,4,ST2,二車単,2-5,230,1
2026-04-22,22,4,RH3,三連複,2=5=7,180,1
2026-04-22,22,4,RT3,三連単,2-5-7,330,1
2026-04-22,22,4,W,ワイド,2=5,110,1
2026-04-22,22,4,W,ワイド,2=7,170,2
2026-04-22,22,4,W,ワイド,5=7,180,3
2026-04-22,22,5,SH2,二車複,5=7,310,1
2026-04-22,22,5,ST2,二車単,7-5,310,1
2026-04-22,22,5,RH3,三連複,2=5=7,2870,13
2026-04-22,22,5,RT3,三連単,7-5-2,3220,11
2026-04-22,22,5,W,ワイド,5=7,190,2
2026-04-22,22,5,W,ワイド,2=7,280,3
2026-04-22,22,5,W,ワイド,2=5,1470,18
2026-04-22,22,6,SH2,二車複,3=5,1310,5
2026-04-22,22,6,ST2,二車単,5-3,4460,13
2026-04-22,22,6,RH3,三連複,1=3=5,320,1
2026-04-22,22,6,RT3,三連単,5-3-1,5880,21
2026-04-22,22,6,W,ワイド,3=5,200,3
2026-04-22,22,6,W,ワイド,1=5,130,1
2026-04-22,22,6,W,ワイド,1=3,160,2
2026-04-22,22,7,SH2,二車複,1=7,380,1
2026-04-22,22,7,ST2,二車単,1-7,1510,6
2026-04-22,22,7,RH3,三連複,1=2=7,490,1
2026-04-22,22,7,RT3,三連単,1-7-2,4540,19
2026-04-22,22,7,W,ワイド,1=7,170,1
2026-04-22,22,7,W,ワイド,1=2,320,5
2026-04-22,22,7,W,ワイド,2=7,170,2
2026-04-22,22,8,SH2,二車複,3=5,140,1
2026-04-22,22,8,ST2,二車単,3-5,190,1
2026-04-22,22,8,RH3,三連複,3=4=5,250,1
2026-04-22,22,8,RT3,三連単,3-5-4,370,1
2026-04-22,22,8,W,ワイド,3=5,110,1
2026-04-22,22,8,W,ワイド,3=4,210,4
2026-04-22,22,8,W,ワイド,4=5,200,3
2026-04-22,22,9,SH2,二車複,3=6,6910,19
2026-04-22,22,9,SH2,二車複,5=6,5840,18
2026-04-22,22,9,ST2,二車単,6-3,25720,39
2026-04-22,22,9,ST2,二車単,6-5,18630,37
2026-04-22,22,9,RH3,三連複,3=5=6,9000,21
2026-04-22,22,9,RT3,三連単,6-3-5,98890,169
2026-04-22,22,9,RT3,三連単,6-5-3,95820,167
2026-04-22,22,9,W,ワイド,3=6,1990,18
2026-04-22,22,9,W,ワイド,5=6,1330,14
2026-04-22,22,9,W,ワイド,3=5,290,4
2026-04-22,22,10,SH2,二車複,2=4,5290,13
2026-04-22,22,10,ST2,二車単,2-4,7370,19
2026-04-22,22,10,RH3,三連複,1=2=4,9680,23
2026-04-22,22,10,RT3,三連単,2-4-1,48650,89
2026-04-22,22,10,W,ワイド,2=4,1030,12
2026-04-22,22,10,W,ワイド,1=2,520,8
2026-04-22,22,10,W,ワイド,1=4,1940,18
2026-04-22,22,11,SH2,二車複,4=5,2050,5
2026-04-22,22,11,ST2,二車単,5-4,4260,8
2026-04-22,22,11,RH3,三連複,4=5=6,15400,27
2026-04-22,22,11,RT3,三連単,5-4-6,67740,101
2026-04-22,22,11,W,ワイド,4=5,340,2
2026-04-22,22,11,W,ワイド,5=6,1370,16
2026-04-22,22,11,W,ワイド,4=6,1180,12
2026-04-22,22,12,SH2,二車複,6=7,2090,8
2026-04-22,22,12,ST2,二車単,7-6,4240,19
2026-04-22,22,12,RH3,三連複,1=6=7,1040,3
2026-04-22,22,12,RT3,三連単,7-6-1,8150,26
2026-04-22,22,12,W,ワイド,6=7,550,9
2026-04-22,22,12,W,ワイド,1=7,140,1
2026-04-22,22,12,W,ワイド,1=6,430,5
2026-04-22,73,1,SH2,二車複,3=7,430,3
2026-04-22,73,1,ST2,二車単,3-7,860,4
2026-04-22,73,1,RH3,三連複,3=5=7,430,2
2026-04-22,73,1,RT3,三連単,3-7-5,1560,4
2026-04-22,73,1,W,ワイド,3=7,200,3
2026-04-22,73,1,W,ワイド,3=5,220,5
2026-04-22,73,1,W,ワイド,5=7,170,1
2026-04-22,73,2,SH2,二車複,3=6,7250,18
2026-04-22,73,2,ST2,二車単,6-3,10420,30
2026-04-22,73,2,RH3,三連複,3=5=6,13930,29
2026-04-22,73,2,RT3,三連単,6-3-5,68240,144
2026-04-22,73,2,W,ワイド,3=6,1740,15
2026-04-22,73,2,W,ワイド,5=6,1760,16
2026-04-22,73,2,W,ワイド,3=5,2930,20
2026-04-22,73,3,SH2,二車複,1=4,1070,4
2026-04-22,73,3,ST2,二車単,1-4,3170,10
2026-04-22,73,3,RH3,三連複,1=4=7,1530,7
2026-04-22,73,3,RT3,三連単,1-4-7,5340,14
2026-04-22,73,3,W,ワイド,1=4,570,5
2026-04-22,73,3,W,ワイド,1=7,1500,16
2026-04-22,73,3,W,ワイド,4=7,700,8
2026-04-22,73,4,SH2,二車複,1=4,100,1
2026-04-22,73,4,ST2,二車単,1-4,240,2
2026-04-22,73,4,RH3,三連複,1=4=6,140,1
2026-04-22,73,4,RT3,三連単,1-4-6,320,2
2026-04-22,73,4,W,ワイド,1=4,100,1
2026-04-22,73,4,W,ワイド,1=6,130,3
2026-04-22,73,4,W,ワイド,4=6,120,2
2026-04-22,73,5,SH2,二車複,1=7,1590,6
2026-04-22,73,5,ST2,二車単,7-1,2580,8
2026-04-22,73,5,RH3,三連複,1=3=7,3180,12
2026-04-22,73,5,RT3,三連単,7-1-3,13180,38
2026-04-22,73,5,W,ワイド,1=7,610,8
2026-04-22,73,5,W,ワイド,3=7,650,9
2026-04-22,73,5,W,ワイド,1=3,1090,14
2026-04-22,73,6,SH2,二車複,5=6,1250,5
2026-04-22,73,6,ST2,二車単,5-6,1590,4
2026-04-22,73,6,RH3,三連複,1=5=6,4550,17
2026-04-22,73,6,RT3,三連単,5-6-1,11690,39
2026-04-22,73,6,W,ワイド,5=6,320,2
2026-04-22,73,6,W,ワイド,1=5,420,5
2026-04-22,73,6,W,ワイド,1=6,1530,18
2026-04-22,73,7,SH2,二車複,2=4,4570,11
2026-04-22,73,7,ST2,二車単,2-4,7830,21
2026-04-22,73,7,RH3,三連複,2=4=5,9290,22
2026-04-22,73,7,RT3,三連単,2-4-5,60190,99
2026-04-22,73,7,W,ワイド,2=4,1730,15
2026-04-22,73,7,W,ワイド,2=5,800,10
2026-04-22,73,7,W,ワイド,4=5,500,5
2026-04-22,73,8,SH2,二車複,2=7,820,2
2026-04-22,73,8,ST2,二車単,2-7,1210,3
2026-04-22,73,8,RH3,三連複,2=5=7,300,1
2026-04-22,73,8,RT3,三連単,2-7-5,1940,3
2026-04-22,73,8,W,ワイド,2=7,220,3
2026-04-22,73,8,W,ワイド,2=5,150,1
2026-04-22,73,8,W,ワイド,5=7,170,2
2026-04-22,73,9,SH2,二車複,3=5,1540,6
2026-04-22,73,9,ST2,二車単,3-5,6420,21
2026-04-22,73,9,RH3,三連複,1=3=5,1880,7
2026-04-22,73,9,RT3,三連単,3-5-1,23010,69
2026-04-22,73,9,W,ワイド,3=5,540,10
2026-04-22,73,9,W,ワイド,1=3,550,11
2026-04-22,73,9,W,ワイド,1=5,280,3
2026-04-22,73,10,SH2,二車複,2=3,180,1
2026-04-22,73,10,ST2,二車単,2-3,430,2
2026-04-22,73,10,RH3,三連複,1=2=3,210,1
2026-04-22,73,10,RT3,三連単,2-3-1,1150,4
2026-04-22,73,10,W,ワイド,2=3,120,1
2026-04-22,73,10,W,ワイド,1=2,210,5
2026-04-22,73,10,W,ワイド,1=3,180,2
2026-04-22,73,11,SH2,二車複,4=7,580,2
2026-04-22,73,11,ST2,二車単,7-4,1150,4
2026-04-22,73,11,RH3,三連複,1=4=7,690,3
2026-04-22,73,11,RT3,三連単,7-4-1,3140,7
2026-04-22,73,11,W,ワイド,4=7,290,4
2026-04-22,73,11,W,ワイド,1=7,200,2
2026-04-22,73,11,W,ワイド,1=4,350,5
2026-04-23,35,1,SH2,二車複,1=3,170,1
2026-04-23,35,1,ST2,二車単,3-1,320,2
2026-04-23,35,1,RH3,三連複,1=3=4,550,3
2026-04-23,35,1,RT3,三連単,3-1-4,2370,7
2026-04-23,35,1,W,ワイド,1=3,120,1
2026-04-23,35,1,W,ワイド,3=4,310,7
2026-04-23,35,1,W,ワイド,1=4,250,5
2026-04-23,35,2,SH2,二車複,2=4,540,3
2026-04-23,35,2,ST2,二車単,2-4,880,4
2026-04-23,35,2,RH3,三連複,2=4=6,1890,9
2026-04-23,35,2,RT3,三連単,2-4-6,3080,8
2026-04-23,35,2,W,ワイド,2=4,140,1
2026-04-23,35,2,W,ワイド,2=6,1180,14
2026-04-23,35,2,W,ワイド,4=6,2200,17
2026-04-23,35,3,SH2,二車複,3=7,120,1
2026-04-23,35,3,ST2,二車単,3-7,160,1
2026-04-23,35,3,RH3,三連複,2=3=7,190,1
2026-04-23,35,3,RT3,三連単,3-7-2,250,1
2026-04-23,35,3,W,ワイド,3=7,100,1
2026-04-23,35,3,W,ワイド,2=3,170,2
2026-04-23,35,3,W,ワイド,2=7,180,3
2026-04-23,35,4,SH2,二車複,1=4,100,1
2026-04-23,35,4,ST2,二車単,4-1,100,1
2026-04-23,35,4,RH3,三連複,1=3=4,120,1
2026-04-23,35,4,RT3,三連単,4-1-3,130,1
2026-04-23,35,4,W,ワイド,1=4,100,1
2026-04-23,35,4,W,ワイド,3=4,110,2
2026-04-23,35,4,W,ワイド,1=3,130,3
2026-04-23,35,5,SH2,二車複,2=5,200,1
2026-04-23,35,5,ST2,二車単,5-2,170,1
2026-04-23,35,5,RH3,三連複,2=3=5,310,2
2026-04-23,35,5,RT3,三連単,5-2-3,480,2
2026-04-23,35,5,W,ワイド,2=5,110,1
2026-04-23,35,5,W,ワイド,3=5,160,3
2026-04-23,35,5,W,ワイド,2=3,210,5
2026-04-23,35,6,SH2,二車複,4=6,190,1
2026-04-23,35,6,ST2,二車単,6-4,220,1
2026-04-23,35,6,RH3,三連複,4=6=7,230,1
2026-04-23,35,6,RT3,三連単,6-4-7,460,1
2026-04-23,35,6,W,ワイド,4=6,100,1
2026-04-23,35,6,W,ワイド,6=7,110,2
2026-04-23,35,6,W,ワイド,4=7,200,4
2026-04-23,35,7,SH2,二車複,1=3,230,1
2026-04-23,35,7,ST2,二車単,1-3,580,3
2026-04-23,35,7,RH3,三連複,1=3=5,780,5
2026-04-23,35,7,RT3,三連単,1-3-5,2570,12
2026-04-23,35,7,W,ワイド,1=3,210,2
2026-04-23,35,7,W,ワイド,1=5,760,9
2026-04-23,35,7,W,ワイド,3=5,1020,11
2026-04-23,35,8,SH2,二車複,1=4,140,1
2026-04-23,35,8,ST2,二車単,4-1,280,2
2026-04-23,35,8,RH3,三連複,1=4=7,630,3
2026-04-23,35,8,RT3,三連単,4-1-7,2360,7
2026-04-23,35,8,W,ワイド,1=4,140,1
2026-04-23,35,8,W,ワイド,4=7,230,4
2026-04-23,35,8,W,ワイド,1=7,410,9
2026-04-23,35,9,SH2,二車複,3=6,690,2
2026-04-23,35,9,ST2,二車単,6-3,1360,3
2026-04-23,35,9,RH3,三連複,3=5=6,2890,7
2026-04-23,35,9,RT3,三連単,6-3-5,8960,18
2026-04-23,35,9,W,ワイド,3=6,280,3
2026-04-23,35,9,W,ワイド,5=6,330,5
2026-04-23,35,9,W,ワイド,3=5,1110,9
2026-04-23,35,10,SH2,二車複,2=3,1220,4
2026-04-23,35,10,ST2,二車単,3-2,3030,9
2026-04-23,35,10,RH3,三連複,2=3=7,480,2
2026-04-23,35,10,RT3,三連単,3-2-7,13410,36
2026-04-23,35,10,W,ワイド,2=3,230,4
2026-04-23,35,10,W,ワイド,3=7,330,6
2026-04-23,35,10,W,ワイド,2=7,130,1
2026-04-23,35,11,SH2,二車複,1=4,1400,6
2026-04-23,35,11,ST2,二車単,4-1,1970,9
2026-04-23,35,11,RH3,三連複,1=4=7,1690,7
2026-04-23,35,11,RT3,三連単,4-1-7,8600,35
2026-04-23,35,11,W,ワイド,1=4,370,6
2026-04-23,35,11,W,ワイド,4=7,170,1
2026-04-23,35,11,W,ワイド,1=7,690,10
2026-04-23,38,1,SH2,二車複,5=6,13690,19
2026-04-23,38,1,ST2,二車単,6-5,47120,40
2026-04-23,38,1,RH3,三連複,1=5=6,9300,19
2026-04-23,38,1,RT3,三連単,6-5-1,144750,160
2026-04-23,38,1,W,ワイド,5=6,1320,14
2026-04-23,38,1,W,ワイド,1=6,2050,19
2026-04-23,38,1,W,ワイド,1=5,2340,21
2026-04-23,38,2,SH2,二車複,2=4,190,1
2026-04-23,38,2,ST2,二車単,4-2,220,1
2026-04-23,38,2,RH3,三連複,1=2=4,230,1
2026-04-23,38,2,RT3,三連単,4-2-1,760,2
2026-04-23,38,2,W,ワイド,2=4,130,1
2026-04-23,38,2,W,ワイド,1=4,160,2
2026-04-23,38,2,W,ワイド,1=2,260,5
2026-04-23,38,3,SH2,二車複,3=6,1240,6
2026-04-23,38,3,ST2,二車単,6-3,2040,10
2026-04-23,38,3,RH3,三連複,3=6=7,1380,4
2026-04-23,38,3,RT3,三連単,6-3-7,8030,28
2026-04-23,38,3,W,ワイド,3=6,560,8
2026-04-23,38,3,W,ワイド,6=7,790,12
2026-04-23,38,3,W,ワイド,3=7,420,6
2026-04-23,38,4,SH2,二車複,4=5,510,2
2026-04-23,38,4,ST2,二車単,5-4,1140,4
2026-04-23,38,4,RH3,三連複,2=4=5,3010,15
2026-04-23,38,4,RT3,三連単,5-4-2,8480,34
2026-04-23,38,4,W,ワイド,4=5,260,2
2026-04-23,38,4,W,ワイド,2=5,540,10
2026-04-23,38,4,W,ワイド,2=4,1100,15
2026-04-23,38,5,SH2,二車複,2=5,140,1
2026-04-23,38,5,ST2,二車単,2-5,180,1
2026-04-23,38,5,RH3,三連複,2=4=5,170,1
2026-04-23,38,5,RT3,三連単,2-5-4,300,1
2026-04-23,38,5,W,ワイド,2=5,100,1
2026-04-23,38,5,W,ワイド,2=4,160,2
2026-04-23,38,5,W,ワイド,4=5,170,3
2026-04-23,38,6,SH2,二車複,3=4,270,1
2026-04-23,38,6,ST2,二車単,3-4,350,1
2026-04-23,38,6,RH3,三連複,1=3=4,320,1
2026-04-23,38,6,RT3,三連単,3-4-1,710,1
2026-04-23,38,6,W,ワイド,3=4,120,1
2026-04-23,38,6,W,ワイド,1=3,170,2
2026-04-23,38,6,W,ワイド,1=4,300,5
2026-04-23,38,7,SH2,二車複,1=3,710,4
2026-04-23,38,7,ST2,二車単,3-1,1540,7
2026-04-23,38,7,RH3,三連複,1=3=7,400,1
2026-04-23,38,7,RT3,三連単,3-1-7,2740,10
2026-04-23,38,7,W,ワイド,1=3,240,4
2026-04-23,38,7,W,ワイド,3=7,190,2
2026-04-23,38,7,W,ワイド,1=7,190,3
2026-04-23,38,8,SH2,二車複,3=7,210,1
2026-04-23,38,8,ST2,二車単,7-3,270,1
2026-04-23,38,8,RH3,三連複,2=3=7,940,2
2026-04-23,38,8,RT3,三連単,7-3-2,2170,5
2026-04-23,38,8,W,ワイド,3=7,130,1
2026-04-23,38,8,W,ワイド,2=7,250,4
2026-04-23,38,8,W,ワイド,2=3,350,5
2026-04-23,38,9,SH2,二車複,3=7,260,1
2026-04-23,38,9,ST2,二車単,7-3,590,1
2026-04-23,38,9,RH3,三連複,3=4=7,470,2
2026-04-23,38,9,RT3,三連単,7-3-4,1060,1
2026-04-23,38,9,W,ワイド,3=7,150,1
2026-04-23,38,9,W,ワイド,4=7,320,5
2026-04-23,38,9,W,ワイド,3=4,460,8
2026-04-23,38,10,SH2,二車複,1=6,310,1
2026-04-23,38,10,ST2,二車単,6-1,1190,5
2026-04-23,38,10,RH3,三連複,1=3=6,460,1
2026-04-23,38,10,RT3,三連単,6-1-3,3570,12
2026-04-23,38,10,W,ワイド,1=6,150,1
2026-04-23,38,10,W,ワイド,3=6,400,7
2026-04-23,38,10,W,ワイド,1=3,170,2
2026-04-23,38,11,SH2,二車複,1=5,420,2
2026-04-23,38,11,ST2,二車単,1-5,910,4
2026-04-23,38,11,RH3,三連複,1=5=7,460,1
2026-04-23,38,11,RT3,三連単,1-5-7,2390,4
2026-04-23,38,11,W,ワイド,1=5,170,1
2026-04-23,38,11,W,ワイド,1=7,170,2
2026-04-23,38,11,W,ワイド,5=7,250,3
2026-04-23,38,12,SH2,二車複,5=7,1480,5
2026-04-23,38,12,ST2,二車単,7-5,1590,5
2026-04-23,38,12,RH3,三連複,1=5=7,1050,5
2026-04-23,38,12,RT3,三連単,7-5-1,3470,9
2026-04-23,38,12,W,ワイド,5=7,440,6
2026-04-23,38,12,W,ワイド,1=7,180,2
2026-04-23,38,12,W,ワイド,1=5,450,7
2026-04-23,42,1,WH2,枠複,3=4,2380,8
2026-04-23,42,1,WT2,枠単,4-3,3290,11
2026-04-23,42,1,SH2,二車複,3=5,1790,5
2026-04-23,42,1,ST2,二車単,5-3,2510,8
2026-04-23,42,1,RH3,三連複,3=5=8,1180,5
2026-04-23,42,1,RT3,三連単,5-3-8,4960,13
2026-04-23,42,1,W,ワイド,3=5,570,7
2026-04-23,42,1,W,ワイド,5=8,310,2
2026-04-23,42,1,W,ワイド,3=8,580,8
2026-04-23,42,2,WH2,枠複,3=5,910,5
2026-04-23,42,2,WT2,枠単,5-3,1270,4
2026-04-23,42,2,SH2,二車複,3=7,630,2
2026-04-23,42,2,ST2,二車単,7-3,910,3
2026-04-23,42,2,RH3,三連複,2=3=7,1340,4
2026-04-23,42,2,RT3,三連単,7-3-2,3460,7
2026-04-23,42,2,W,ワイド,3=7,410,4
2026-04-23,42,2,W,ワイド,2=7,350,3
2026-04-23,42,2,W,ワイド,2=3,820,12
2026-04-23,42,3,WH2,枠複,2=4,510,2
2026-04-23,42,3,WT2,枠単,4-2,1290,4
2026-04-23,42,3,SH2,二車複,2=5,630,2
2026-04-23,42,3,ST2,二車単,5-2,1590,4
2026-04-23,42,3,RH3,三連複,1=2=5,1090,4
2026-04-23,42,3,RT3,三連単,5-2-1,5760,15
2026-04-23,42,3,W,ワイド,2=5,340,4
2026-04-23,42,3,W,ワイド,1=5,460,5
2026-04-23,42,3,W,ワイド,1=2,340,3
2026-04-23,42,4,WH2,枠複,1=6,640,3
2026-04-23,42,4,WT2,枠単,1-6,1110,2
2026-04-23,42,4,SH2,二車複,1=9,610,3
2026-04-23,42,4,ST2,二車単,1-9,1120,3
2026-04-23,42,4,RH3,三連複,1=5=9,2550,12
2026-04-23,42,4,RT3,三連単,1-9-5,6260,13
2026-04-23,42,4,W,ワイド,1=9,390,4
2026-04-23,42,4,W,ワイド,1=5,670,9
2026-04-23,42,4,W,ワイド,5=9,690,10
2026-04-23,42,5,WH2,枠複,1=6,190,1
2026-04-23,42,5,WT2,枠単,6-1,310,1
2026-04-23,42,5,SH2,二車複,1=9,250,1
2026-04-23,42,5,ST2,二車単,9-1,320,1
2026-04-23,42,5,RH3,三連複,1=4=9,2890,9
2026-04-23,42,5,RT3,三連単,9-1-4,5910,12
2026-04-23,42,5,W,ワイド,1=9,220,2
2026-04-23,42,5,W,ワイド,4=9,630,8
2026-04-23,42,5,W,ワイド,1=4,1850,23
2026-04-23,42,6,WH2,枠複,1=4,520,2
2026-04-23,42,6,WT2,枠単,4-1,710,3
2026-04-23,42,6,SH2,二車複,1=5,520,2
2026-04-23,42,6,ST2,二車単,5-1,720,3
2026-04-23,42,6,RH3,三連複,1=5=9,980,3
2026-04-23,42,6,RT3,三連単,5-1-9,2900,11
2026-04-23,42,6,W,ワイド,1=5,330,4
2026-04-23,42,6,W,ワイド,5=9,290,3
2026-04-23,42,6,W,ワイド,1=9,400,5
2026-04-23,42,7,WH2,枠複,1=2,1510,9
2026-04-23,42,7,WT2,枠単,1-2,1680,6
2026-04-23,42,7,SH2,二車複,1=2,1230,5
2026-04-23,42,7,ST2,二車単,1-2,1940,6
2026-04-23,42,7,RH3,三連複,1=2=3,2160,10
2026-04-23,42,7,RT3,三連単,1-2-3,10500,37
2026-04-23,42,7,W,ワイド,1=2,390,4
2026-04-23,42,7,W,ワイド,1=3,250,2
2026-04-23,42,7,W,ワイド,2=3,670,10
2026-04-23,42,8,WH2,枠複,3=5,290,1
2026-04-23,42,8,WT2,枠単,3-5,420,1
2026-04-23,42,8,SH2,二車複,3=7,240,1
2026-04-23,42,8,ST2,二車単,3-7,360,1
2026-04-23,42,8,RH3,三連複,3=5=7,890,2
2026-04-23,42,8,RT3,三連単,3-7-5,2130,4
2026-04-23,42,8,W,ワイド,3=7,170,1
2026-04-23,42,8,W,ワイド,3=5,460,6
2026-04-23,42,8,W,ワイド,5=7,490,7
2026-04-23,42,9,WH2,枠複,1=4,330,1
2026-04-23,42,9,WT2,枠単,4-1,480,1
2026-04-23,42,9,SH2,二車複,1=5,300,1
2026-04-23,42,9,ST2,二車単,5-1,470,1
2026-04-23,42,9,RH3,三連複,1=5=8,1210,5
2026-04-23,42,9,RT3,三連単,5-1-8,2070,3
2026-04-23,42,9,W,ワイド,1=5,210,1
2026-04-23,42,9,W,ワイド,5=8,440,6
2026-04-23,42,9,W,ワイド,1=8,1020,12
2026-04-23,42,10,WH2,枠複,2=4,190,1
2026-04-23,42,10,WT2,枠単,2-4,380,2
2026-04-23,42,10,SH2,二車複,2=5,180,1
2026-04-23,42,10,ST2,二車単,2-5,370,2
2026-04-23,42,10,RH3,三連複,2=3=5,530,1
2026-04-23,42,10,RT3,三連単,2-5-3,1410,2
2026-04-23,42,10,W,ワイド,2=5,130,1
2026-04-23,42,10,W,ワイド,2=3,350,6
2026-04-23,42,10,W,ワイド,3=5,340,4
2026-04-23,42,11,WH2,枠複,3=5,150,1
2026-04-23,42,11,WT2,枠単,3-5,240,1
2026-04-23,42,11,SH2,二車複,3=7,140,1
2026-04-23,42,11,ST2,二車単,3-7,240,1
2026-04-23,42,11,RH3,三連複,3=4=7,370,1
2026-04-23,42,11,RT3,三連単,3-7-4,570,1
2026-04-23,42,11,W,ワイド,3=7,130,1
2026-04-23,42,11,W,ワイド,3=4,270,2
2026-04-23,42,11,W,ワイド,4=7,360,5
2026-04-23,42,12,WH2,枠複,4=6,410,1
2026-04-23,42,12,WT2,枠単,4-6,860,1
2026-04-23,42,12,SH2,二車複,4=9,450,1
2026-04-23,42,12,ST2,二車単,4-9,1050,2
2026-04-23,42,12,RH3,三連複,2=4=9,970,1
2026-04-23,42,12,RT3,三連単,4-9-2,3710,4
2026-04-23,42,12,W,ワイド,4=9,270,1
2026-04-23,42,12,W,ワイド,2=4,290,2
2026-04-23,42,12,W,ワイド,2=9,430,4
2026-04-23,61,1,SH2,二車複,5=6,1370,4
2026-04-23,61,1,ST2,二車単,5-6,3180,8
2026-04-23,61,1,RH3,三連複,3=5=6,740,4
2026-04-23,61,1,RT3,三連単,5-6-3,5830,15
2026-04-23,61,1,W,ワイド,5=6,590,8
2026-04-23,61,1,W,ワイド,3=5,170,1
2026-04-23,61,1,W,ワイド,3=6,660,10
2026-04-23,61,2,SH2,二車複,4=5,1740,5
2026-04-23,61,2,ST2,二車単,4-5,1900,6
2026-04-23,61,2,RH3,三連複,3=4=5,6580,13
2026-04-23,61,2,RT3,三連単,4-5-3,10520,21
2026-04-23,61,2,W,ワイド,4=5,630,7
2026-04-23,61,2,W,ワイド,3=4,330,2
2026-04-23,61,2,W,ワイド,3=5,1980,18
2026-04-23,61,3,SH2,二車複,2=7,1420,6
2026-04-23,61,3,ST2,二車単,7-2,4300,12
2026-04-23,61,3,RH3,三連複,2=3=7,710,2
2026-04-23,61,3,RT3,三連単,7-2-3,8310,29
2026-04-23,61,3,W,ワイド,2=7,690,8
2026-04-23,61,3,W,ワイド,3=7,480,6
2026-04-23,61,3,W,ワイド,2=3,290,4
2026-04-23,61,4,SH2,二車複,6=7,3550,10
2026-04-23,61,4,ST2,二車単,7-6,6810,20
2026-04-23,61,4,RH3,三連複,5=6=7,1640,8
2026-04-23,61,4,RT3,三連単,7-6-5,17140,54
2026-04-23,61,4,W,ワイド,6=7,630,9
2026-04-23,61,4,W,ワイド,5=7,330,5
2026-04-23,61,4,W,ワイド,5=6,710,11
2026-04-23,61,5,SH2,二車複,2=7,100,1
2026-04-23,61,5,ST2,二車単,7-2,120,1
2026-04-23,61,5,RH3,三連複,1=2=7,490,2
2026-04-23,61,5,RT3,三連単,7-2-1,640,2
2026-04-23,61,5,W,ワイド,2=7,100,1
2026-04-23,61,5,W,ワイド,1=7,200,4
2026-04-23,61,5,W,ワイド,1=2,340,6
2026-04-23,61,6,SH2,二車複,5=7,3220,9
2026-04-23,61,6,ST2,二車単,7-5,9120,14
2026-04-23,61,6,RH3,三連複,1=5=7,530,2
2026-04-23,61,6,RT3,三連単,7-5-1,20480,33
2026-04-23,61,6,W,ワイド,5=7,350,5
2026-04-23,61,6,W,ワイド,1=7,190,4
2026-04-23,61,6,W,ワイド,1=5,150,1
2026-04-23,61,7,SH2,二車複,3=5,130,1
2026-04-23,61,7,ST2,二車単,5-3,360,2
2026-04-23,61,7,RH3,三連複,1=3=5,140,1
2026-04-23,61,7,RT3,三連単,5-3-1,390,2
2026-04-23,61,7,W,ワイド,3=5,110,1
2026-04-23,61,7,W,ワイド,1=5,160,2
2026-04-23,61,7,W,ワイド,1=3,170,3
2026-04-23,61,8,SH2,二車複,1=4,1040,5
2026-04-23,61,8,ST2,二車単,1-4,1780,8
2026-04-23,61,8,RH3,三連複,1=4=5,420,2
2026-04-23,61,8,RT3,三連単,1-4-5,2560,11
2026-04-23,61,8,W,ワイド,1=4,320,5
2026-04-23,61,8,W,ワイド,1=5,190,2
2026-04-23,61,8,W,ワイド,4=5,400,7
2026-04-23,61,9,SH2,二車複,1=3,110,1
2026-04-23,61,9,ST2,二車単,3-1,150,1
2026-04-23,61,9,RH3,三連複,1=3=7,270,2
2026-04-23,61,9,RT3,三連単,3-1-7,520,2
2026-04-23,61,9,W,ワイド,1=3,110,1
2026-04-23,61,9,W,ワイド,3=7,140,2
2026-04-23,61,9,W,ワイド,1=7,170,3
2026-04-23,61,10,SH2,二車複,1=5,100,1
2026-04-23,61,10,ST2,二車単,1-5,280,2
2026-04-23,61,10,RH3,三連複,1=3=5,120,1
2026-04-23,61,10,RT3,三連単,1-5-3,410,2
2026-04-23,61,10,W,ワイド,1=5,100,1
2026-04-23,61,10,W,ワイド,1=3,120,3
2026-04-23,61,10,W,ワイド,3=5,120,2
2026-04-23,61,11,SH2,二車複,1=3,180,1
2026-04-23,61,11,ST2,二車単,1-3,280,1
2026-04-23,61,11,RH3,三連複,1=3=6,320,1
2026-04-23,61,11,RT3,三連単,1-3-6,550,1
2026-04-23,61,11,W,ワイド,1=3,150,1
2026-04-23,61,11,W,ワイド,1=6,340,7
2026-04-23,61,11,W,ワイド,3=6,290,4
2026-04-23,83,1,SH2,二車複,1=3,300,1
2026-04-23,83,1,ST2,二車単,1-3,440,1
2026-04-23,83,1,RH3,三連複,1=3=6,260,1
2026-04-23,83,1,RT3,三連単,1-3-6,590,1
2026-04-23,83,1,W,ワイド,1=3,150,1
2026-04-23,83,1,W,ワイド,1=6,210,3
2026-04-23,83,1,W,ワイド,3=6,260,5
2026-04-23,83,2,SH2,二車複,1=2,140,1
2026-04-23,83,2,ST2,二車単,2-1,360,2
2026-04-23,83,2,RH3,三連複,1=2=4,390,2
2026-04-23,83,2,RT3,三連単,2-1-4,1380,4
2026-04-23,83,2,W,ワイド,1=2,130,1
2026-04-23,83,2,W,ワイド,2=4,410,8
2026-04-23,83,2,W,ワイド,1=4,350,6
2026-04-23,83,3,SH2,二車複,1=6,2790,5
2026-04-23,83,3,ST2,二車単,1-6,3450,9
2026-04-23,83,3,RH3,三連複,1=3=6,5930,11
2026-04-23,83,3,RT3,三連単,1-6-3,16650,28
2026-04-23,83,3,W,ワイド,1=6,880,9
2026-04-23,83,3,W,ワイド,1=3,150,2
2026-04-23,83,3,W,ワイド,3=6,2490,13
2026-04-23,83,4,SH2,二車複,1=3,780,2
2026-04-23,83,4,ST2,二車単,3-1,2010,7
2026-04-23,83,4,RH3,三連複,1=2=3,570,2
2026-04-23,83,4,RT3,三連単,3-1-2,6310,21
2026-04-23,83,4,W,ワイド,1=3,210,2
2026-04-23,83,4,W,ワイド,2=3,470,10
2026-04-23,83,4,W,ワイド,1=2,110,1
2026-04-23,83,5,SH2,二車複,1=4,640,2
2026-04-23,83,5,ST2,二車単,1-4,1050,3
2026-04-23,83,5,RH3,三連複,1=2=4,590,2
2026-04-23,83,5,RT3,三連単,1-4-2,3970,9
2026-04-23,83,5,W,ワイド,1=4,190,3
2026-04-23,83,5,W,ワイド,1=2,130,1
2026-04-23,83,5,W,ワイド,2=4,460,8
2026-04-23,83,6,SH2,二車複,2=3,1380,5
2026-04-23,83,6,ST2,二車単,3-2,3480,8
2026-04-23,83,6,RH3,三連複,1=2=3,390,2
2026-04-23,83,6,RT3,三連単,3-2-1,7900,22
2026-04-23,83,6,W,ワイド,2=3,390,8
2026-04-23,83,6,W,ワイド,1=3,190,2
2026-04-23,83,6,W,ワイド,1=2,120,1
2026-04-23,83,7,SH2,二車複,1=5,890,4
2026-04-23,83,7,ST2,二車単,1-5,1120,5
2026-04-23,83,7,RH3,三連複,1=5=7,3460,10
2026-04-23,83,7,RT3,三連単,1-5-7,6800,18
2026-04-23,83,7,W,ワイド,1=5,460,6
2026-04-23,83,7,W,ワイド,1=7,1410,12
2026-04-23,83,7,W,ワイド,5=7,1870,14
2026-04-24,21,1,SH2,二車複,4=6,510,2
2026-04-24,21,1,ST2,二車単,6-4,890,3
2026-04-24,21,1,RH3,三連複,3=4=6,1570,7
2026-04-24,21,1,RT3,三連単,6-4-3,4710,14
2026-04-24,21,1,W,ワイド,4=6,330,4
2026-04-24,21,1,W,ワイド,3=6,710,13
2026-04-24,21,1,W,ワイド,3=4,620,9
2026-04-24,21,2,SH2,二車複,3=6,420,2
2026-04-24,21,2,ST2,二車単,3-6,630,2
2026-04-24,21,2,RH3,三連複,3=4=6,370,1
2026-04-24,21,2,RT3,三連単,3-6-4,1340,2
2026-04-24,21,2,W,ワイド,3=6,170,1
2026-04-24,21,2,W,ワイド,3=4,210,3
2026-04-24,21,2,W,ワイド,4=6,410,7
2026-04-24,21,3,SH2,二車複,5=6,15610,20
2026-04-24,21,3,ST2,二車単,5-6,22670,35
2026-04-24,21,3,RH3,三連複,4=5=6,15650,25
2026-04-24,21,3,RT3,三連単,5-6-4,181260,173
2026-04-24,21,3,W,ワイド,5=6,2560,16
2026-04-24,21,3,W,ワイド,4=5,1080,12
2026-04-24,21,3,W,ワイド,4=6,860,9
2026-04-24,21,4,SH2,二車複,1=2,590,3
2026-04-24,21,4,ST2,二車単,2-1,1140,4
2026-04-24,21,4,RH3,三連複,1=2=5,4530,17
2026-04-24,21,4,RT3,三連単,2-1-5,12440,40
2026-04-24,21,4,W,ワイド,1=2,250,2
2026-04-24,21,4,W,ワイド,2=5,780,10
2026-04-24,21,4,W,ワイド,1=5,1180,15
2026-04-24,21,5,SH2,二車複,2=4,1000,5
2026-04-24,21,5,ST2,二車単,4-2,2450,11
2026-04-24,21,5,RH3,三連複,2=3=4,1040,4
2026-04-24,21,5,RT3,三連単,4-2-3,7250,20
2026-04-24,21,5,W,ワイド,2=4,290,4
2026-04-24,21,5,W,ワイド,3=4,900,14
2026-04-24,21,5,W,ワイド,2=3,150,1
2026-04-24,21,6,SH2,二車複,1=4,280,2
2026-04-24,21,6,ST2,二車単,1-4,350,1
2026-04-24,21,6,RH3,三連複,1=2=4,1520,5
2026-04-24,21,6,RT3,三連単,1-4-2,3400,7
2026-04-24,21,6,W,ワイド,1=4,200,2
2026-04-24,21,6,W,ワイド,1=2,360,4
2026-04-24,21,6,W,ワイド,2=4,380,5
2026-04-24,21,7,SH2,二車複,1=2,250,1
2026-04-24,21,7,ST2,二車単,2-1,1020,4
2026-04-24,21,7,RH3,三連複,1=2=6,560,2
2026-04-24,21,7,RT3,三連単,2-1-6,4390,14
2026-04-24,21,7,W,ワイド,1=2,150,1
2026-04-24,21,7,W,ワイド,2=6,280,6
2026-04-24,21,7,W,ワイド,1=6,240,3
2026-04-24,35,1,SH2,二車複,3=5,1890,4
2026-04-24,35,1,ST2,二車単,5-3,2620,7
2026-04-24,35,1,RH3,三連複,1=3=5,220,1
2026-04-24,35,1,RT3,三連単,5-3-1,6670,17
2026-04-24,35,1,W,ワイド,3=5,220,4
2026-04-24,35,1,W,ワイド,1=5,140,2
2026-04-24,35,1,W,ワイド,1=3,100,1
2026-04-24,35,2,SH2,二車複,2=7,340,1
2026-04-24,35,2,ST2,二車単,2-7,290,1
2026-04-24,35,2,RH3,三連複,1=2=7,1760,7
2026-04-24,35,2,RT3,三連単,2-7-1,3310,5
2026-04-24,35,2,W,ワイド,2=7,190,2
2026-04-24,35,2,W,ワイド,1=2,600,7
2026-04-24,35,2,W,ワイド,1=7,970,11
2026-04-24,35,3,SH2,二車複,1=5,2000,4
2026-04-24,35,3,ST2,二車単,1-5,2320,6
2026-04-24,35,3,RH3,三連複,1=2=5,2250,5
2026-04-24,35,3,RT3,三連単,1-5-2,13530,23
2026-04-24,35,3,W,ワイド,1=5,550,8
2026-04-24,35,3,W,ワイド,1=2,100,1
2026-04-24,35,3,W,ワイド,2=5,1020,11
2026-04-24,35,4,SH2,二車複,4=7,450,2
2026-04-24,35,4,ST2,二車単,7-4,470,2
2026-04-24,35,4,RH3,三連複,4=5=7,5360,11
2026-04-24,35,4,RT3,三連単,7-4-5,8400,19
2026-04-24,35,4,W,ワイド,4=7,300,2
2026-04-24,35,4,W,ワイド,5=7,370,6
2026-04-24,35,4,W,ワイド,4=5,2250,18
2026-04-24,35,5,SH2,二車複,1=3,920,4
2026-04-24,35,5,ST2,二車単,1-3,1050,3
2026-04-24,35,5,RH3,三連複,1=3=4,1550,6
2026-04-24,35,5,RT3,三連単,1-3-4,3780,12
2026-04-24,35,5,W,ワイド,1=3,730,6
2026-04-24,35,5,W,ワイド,1=4,180,2
2026-04-24,35,5,W,ワイド,3=4,1750,10
2026-04-24,35,6,SH2,二車複,3=5,170,1
2026-04-24,35,6,ST2,二車単,3-5,160,1
2026-04-24,35,6,RH3,三連複,2=3=5,240,1
2026-04-24,35,6,RT3,三連単,3-5-2,430,1
2026-04-24,35,6,W,ワイド,3=5,100,1
2026-04-24,35,6,W,ワイド,2=3,160,3
2026-04-24,35,6,W,ワイド,2=5,220,5
2026-04-24,35,7,SH2,二車複,2=3,710,4
2026-04-24,35,7,ST2,二車単,2-3,1260,6
2026-04-24,35,7,RH3,三連複,1=2=3,1100,6
2026-04-24,35,7,RT3,三連単,2-3-1,4470,20
2026-04-24,35,7,W,ワイド,2=3,200,1
2026-04-24,35,7,W,ワイド,1=2,350,8
2026-04-24,35,7,W,ワイド,1=3,400,10
2026-04-24,35,8,SH2,二車複,2=7,1300,4
2026-04-24,35,8,ST2,二車単,2-7,1640,4
2026-04-24,35,8,RH3,三連複,2=5=7,6420,15
2026-04-24,35,8,RT3,三連単,2-7-5,21420,46
2026-04-24,35,8,W,ワイド,2=7,190,2
2026-04-24,35,8,W,ワイド,2=5,490,6
2026-04-24,35,8,W,ワイド,5=7,1260,13
2026-04-24,35,9,SH2,二車複,2=5,4680,9
2026-04-24,35,9,ST2,二車単,2-5,8380,19
2026-04-24,35,9,RH3,三連複,1=2=5,1920,8
2026-04-24,35,9,RT3,三連単,2-5-1,28130,70
2026-04-24,35,9,W,ワイド,2=5,430,7
2026-04-24,35,9,W,ワイド,1=2,460,8
2026-04-24,35,9,W,ワイド,1=5,320,4
2026-04-24,35,10,SH2,二車複,6=7,740,2
2026-04-24,35,10,ST2,二車単,6-7,1120,3
2026-04-24,35,10,RH3,三連複,2=6=7,640,3
2026-04-24,35,10,RT3,三連単,6-7-2,2570,7
2026-04-24,35,10,W,ワイド,6=7,220,2
2026-04-24,35,10,W,ワイド,2=6,350,6
2026-04-24,35,10,W,ワイド,2=7,380,7
2026-04-24,35,11,SH2,二車複,2=5,1080,4
2026-04-24,35,11,ST2,二車単,2-5,3260,7
2026-04-24,35,11,RH3,三連複,2=5=7,3900,9
2026-04-24,35,11,RT3,三連単,2-5-7,17210,39
2026-04-24,35,11,W,ワイド,2=5,340,4
2026-04-24,35,11,W,ワイド,2=7,1870,11
2026-04-24,35,11,W,ワイド,5=7,760,8
2026-04-24,42,1,WH2,枠複,1=2,3290,13
2026-04-24,42,1,WT2,枠単,1-2,3550,15
2026-04-24,42,1,SH2,二車複,1=2,2340,9
2026-04-24,42,1,ST2,二車単,1-2,4680,20
2026-04-24,42,1,RH3,三連複,1=2=4,3900,16
2026-04-24,42,1,RT3,三連単,1-2-4,19920,80
2026-04-24,42,1,W,ワイド,1=2,850,14
2026-04-24,42,1,W,ワイド,1=4,300,2
2026-04-24,42,1,W,ワイド,2=4,1610,19
2026-04-24,42,2,WH2,枠複,1=5,670,3
2026-04-24,42,2,WT2,枠単,5-1,1740,6
2026-04-24,42,2,SH2,二車複,1=5,660,4
2026-04-24,42,2,ST2,二車単,5-1,1530,6
2026-04-24,42,2,RH3,三連複,1=4=5,1190,4
2026-04-24,42,2,RT3,三連単,5-1-4,4740,12
2026-04-24,42,2,W,ワイド,1=5,320,4
2026-04-24,42,2,W,ワイド,4=5,750,12
2026-04-24,42,2,W,ワイド,1=4,680,10
2026-04-24,42,3,WH2,枠複,5=6,490,2
2026-04-24,42,3,WT2,枠単,5-6,670,2
2026-04-24,42,3,SH2,二車複,5=7,470,2
2026-04-24,42,3,ST2,二車単,5-7,820,3
2026-04-24,42,3,RH3,三連複,3=5=7,4450,14
2026-04-24,42,3,RT3,三連単,5-7-3,11500,33
2026-04-24,42,3,W,ワイド,5=7,220,2
2026-04-24,42,3,W,ワイド,3=5,860,12
2026-04-24,42,3,W,ワイド,3=7,1130,15
2026-04-24,42,4,WH2,枠複,3=4,5990,15
2026-04-24,42,4,WT2,枠単,4-3,10410,27
2026-04-24,42,4,SH2,二車複,3=4,3960,11
2026-04-24,42,4,ST2,二車単,4-3,7460,21
2026-04-24,42,4,RH3,三連複,1=3=4,1010,5
2026-04-24,42,4,RT3,三連単,4-3-1,13920,41
2026-04-24,42,4,W,ワイド,3=4,720,11
2026-04-24,42,4,W,ワイド,1=4,130,1
2026-04-24,42,4,W,ワイド,1=3,470,8
2026-04-24,42,5,WH2,枠複,4=5,1300,6
2026-04-24,42,5,WT2,枠単,5-4,3110,13
2026-04-24,42,5,SH2,二車複,5=7,1900,7
2026-04-24,42,5,ST2,二車単,7-5,6370,23
2026-04-24,42,5,RH3,三連複,1=5=7,1070,3
2026-04-24,42,5,RT3,三連単,7-5-1,13030,43
2026-04-24,42,5,W,ワイド,5=7,610,9
2026-04-24,42,5,W,ワイド,1=7,540,6
2026-04-24,42,5,W,ワイド,1=5,230,2
2026-04-24,42,6,WH2,枠複,1=4,600,3
2026-04-24,42,6,WT2,枠単,4-1,1360,5
2026-04-24,42,6,SH2,二車複,1=5,480,1
2026-04-24,42,6,ST2,二車単,5-1,1400,6
2026-04-24,42,6,RH3,三連複,1=4=5,3990,19
2026-04-24,42,6,RT3,三連単,5-1-4,14580,59
2026-04-24,42,6,W,ワイド,1=5,260,1
2026-04-24,42,6,W,ワイド,4=5,1280,19
2026-04-24,42,6,W,ワイド,1=4,1250,18
2026-04-24,42,7,WH2,枠複,1=4,700,3
2026-04-24,42,7,WT2,枠単,1-4,1370,5
2026-04-24,42,7,SH2,二車複,1=5,1140,4
2026-04-24,42,7,ST2,二車単,1-5,1380,4
2026-04-24,42,7,RH3,三連複,1=5=9,1950,8
2026-04-24,42,7,RT3,三連単,1-5-9,5520,10
2026-04-24,42,7,W,ワイド,1=5,550,7
2026-04-24,42,7,W,ワイド,1=9,300,3
2026-04-24,42,7,W,ワイド,5=9,690,11
2026-04-24,42,8,WH2,枠複,1=6,210,1
2026-04-24,42,8,WT2,枠単,1-6,450,2
2026-04-24,42,8,SH2,二車複,1=9,230,1
2026-04-24,42,8,ST2,二車単,1-9,400,1
2026-04-24,42,8,RH3,三連複,1=2=9,1180,4
2026-04-24,42,8,RT3,三連単,1-9-2,3980,8
2026-04-24,42,8,W,ワイド,1=9,200,2
2026-04-24,42,8,W,ワイド,1=2,670,8
2026-04-24,42,8,W,ワイド,2=9,780,9
2026-04-24,42,9,WH2,枠複,1=6,810,4
2026-04-24,42,9,WT2,枠単,1-6,910,3
2026-04-24,42,9,SH2,二車複,1=9,740,4
2026-04-24,42,9,ST2,二車単,1-9,730,2
2026-04-24,42,9,RH3,三連複,1=2=9,960,2
2026-04-24,42,9,RT3,三連単,1-9-2,2180,4
2026-04-24,42,9,W,ワイド,1=9,200,2
2026-04-24,42,9,W,ワイド,1=2,220,3
2026-04-24,42,9,W,ワイド,2=9,630,10
2026-04-24,42,10,WH2,枠複,1=5,240,1
2026-04-24,42,10,WT2,枠単,1-5,510,2
2026-04-24,42,10,SH2,二車複,1=7,210,1
2026-04-24,42,10,ST2,二車単,1-7,510,2
2026-04-24,42,10,RH3,三連複,1=5=7,2210,8
2026-04-24,42,10,RT3,三連単,1-7-5,6950,21
2026-04-24,42,10,W,ワイド,1=7,140,1
2026-04-24,42,10,W,ワイド,1=5,890,15
2026-04-24,42,10,W,ワイド,5=7,800,13
2026-04-24,42,11,WH2,枠複,2=4,140,1
2026-04-24,42,11,WT2,枠単,4-2,200,1
2026-04-24,42,11,SH2,二車複,2=5,150,1
2026-04-24,42,11,ST2,二車単,5-2,200,1
2026-04-24,42,11,RH3,三連複,2=5=6,450,2
2026-04-24,42,11,RT3,三連単,5-2-6,600,1
2026-04-24,42,11,W,ワイド,2=5,130,1
2026-04-24,42,11,W,ワイド,5=6,410,4
2026-04-24,42,11,W,ワイド,2=6,460,6
2026-04-24,42,12,WH2,枠複,2=5,2530,8
2026-04-24,42,12,WT2,枠単,5-2,2320,6
2026-04-24,42,12,SH2,二車複,2=7,1580,3
2026-04-24,42,12,ST2,二車単,7-2,2510,4
2026-04-24,42,12,RH3,三連複,2=7=9,2180,7
2026-04-24,42,12,RT3,三連単,7-2-9,8870,22
2026-04-24,42,12,W,ワイド,2=7,690,7
2026-04-24,42,12,W,ワイド,7=9,620,6
2026-04-24,42,12,W,ワイド,2=9,1230,15
2026-04-24,55,1,SH2,二車複,1=7,2270,9
2026-04-24,55,1,ST2,二車単,7-1,1690,7
2026-04-24,55,1,RH3,三連複,1=4=7,1710,7
2026-04-24,55,1,RT3,三連単,7-1-4,9600,35
2026-04-24,55,1,W,ワイド,1=7,310,4
2026-04-24,55,1,W,ワイド,4=7,200,2
2026-04-24,55,1,W,ワイド,1=4,1210,15
2026-04-24,55,2,SH2,二車複,5=6,1660,6
2026-04-24,55,2,ST2,二車単,5-6,4110,9
2026-04-24,55,2,RH3,三連複,2=5=6,1470,5
2026-04-24,55,2,RT3,三連単,5-6-2,9510,28
2026-04-24,55,2,W,ワイド,5=6,470,8
2026-04-24,55,2,W,ワイド,2=5,180,1
2026-04-24,55,2,W,ワイド,2=6,830,12
2026-04-24,55,3,SH2,二車複,3=5,160,1
2026-04-24,55,3,ST2,二車単,3-5,330,1
2026-04-24,55,3,RH3,三連複,1=3=5,390,1
2026-04-24,55,3,RT3,三連単,3-5-1,1180,1
2026-04-24,55,3,W,ワイド,3=5,190,3
2026-04-24,55,3,W,ワイド,1=3,150,1
2026-04-24,55,3,W,ワイド,1=5,380,7
2026-04-24,55,4,SH2,二車複,3=4,5840,13
2026-04-24,55,4,ST2,二車単,4-3,11760,23
2026-04-24,55,4,RH3,三連複,3=4=5,2700,11
2026-04-24,55,4,RT3,三連単,4-3-5,34770,96
2026-04-24,55,4,W,ワイド,3=4,1260,15
2026-04-24,55,4,W,ワイド,4=5,510,8
2026-04-24,55,4,W,ワイド,3=5,590,10
2026-04-24,55,5,SH2,二車複,3=7,870,3
2026-04-24,55,5,ST2,二車単,3-7,3160,8
2026-04-24,55,5,RH3,三連複,2=3=7,1360,6
2026-04-24,55,5,RT3,三連単,3-7-2,13700,36
2026-04-24,55,5,W,ワイド,3=7,280,5
2026-04-24,55,5,W,ワイド,2=3,460,8
2026-04-24,55,5,W,ワイド,2=7,150,1
2026-04-24,55,6,SH2,二車複,1=5,490,2
2026-04-24,55,6,ST2,二車単,1-5,1070,3
2026-04-24,55,6,RH3,三連複,1=3=5,290,1
2026-04-24,55,6,RT3,三連単,1-5-3,4350,14
2026-04-24,55,6,W,ワイド,1=5,200,4
2026-04-24,55,6,W,ワイド,1=3,160,2
2026-04-24,55,6,W,ワイド,3=5,110,1
2026-04-24,55,7,SH2,二車複,1=5,150,1
2026-04-24,55,7,ST2,二車単,1-5,230,1
2026-04-24,55,7,RH3,三連複,1=4=5,660,2
2026-04-24,55,7,RT3,三連単,1-5-4,1270,3
2026-04-24,55,7,W,ワイド,1=5,110,1
2026-04-24,55,7,W,ワイド,1=4,220,4
2026-04-24,55,7,W,ワイド,4=5,420,6
2026-04-24,81,1,SH2,二車複,1=7,1380,5
2026-04-24,81,1,ST2,二車単,1-7,2860,6
2026-04-24,81,1,RH3,三連複,1=2=7,2960,6
2026-04-24,81,1,RT3,三連単,1-7-2,11260,24
2026-04-24,81,1,W,ワイド,1=7,560,6
2026-04-24,81,1,W,ワイド,1=2,420,5
2026-04-24,81,1,W,ワイド,2=7,1280,11
2026-04-24,81,2,SH2,二車複,1=4,1090,4
2026-04-24,81,2,ST2,二車単,4-1,2090,7
2026-04-24,81,2,RH3,三連複,1=2=4,610,3
2026-04-24,81,2,RT3,三連単,4-1-2,6990,24
2026-04-24,81,2,W,ワイド,1=4,230,4
2026-04-24,81,2,W,ワイド,2=4,230,3
2026-04-24,81,2,W,ワイド,1=2,130,1
2026-04-24,81,3,SH2,二車複,1=2,160,1
2026-04-24,81,3,ST2,二車単,1-2,150,1
2026-04-24,81,3,RH3,三連複,1=2=3,360,2
2026-04-24,81,3,RT3,三連単,1-2-3,430,2
2026-04-24,81,3,W,ワイド,1=2,100,1
2026-04-24,81,3,W,ワイド,1=3,150,2
2026-04-24,81,3,W,ワイド,2=3,240,5
2026-04-24,81,4,SH2,二車複,1=3,560,4
2026-04-24,81,4,SH2,二車複,3=5,370,2
2026-04-24,81,4,ST2,二車単,3-1,880,6
2026-04-24,81,4,ST2,二車単,3-5,490,3
2026-04-24,81,4,RH3,三連複,1=3=5,1480,3
2026-04-24,81,4,RT3,三連単,3-1-5,3270,18
2026-04-24,81,4,RT3,三連単,3-5-1,2330,12
2026-04-24,81,4,W,ワイド,1=3,310,5
2026-04-24,81,4,W,ワイド,3=5,160,2
2026-04-24,81,4,W,ワイド,1=5,460,6
2026-04-24,81,5,SH2,二車複,1=4,160,1
2026-04-24,81,5,ST2,二車単,4-1,530,2
2026-04-24,81,5,RH3,三連複,1=4=5,230,1
2026-04-24,81,5,RT3,三連単,4-1-5,970,3
2026-04-24,81,5,W,ワイド,1=4,140,1
2026-04-24,81,5,W,ワイド,4=5,260,5
2026-04-24,81,5,W,ワイド,1=5,190,4
2026-04-24,81,6,SH2,二車複,1=4,1000,4
2026-04-24,81,6,ST2,二車単,1-4,1640,6
2026-04-24,81,6,RH3,三連複,1=2=4,750,3
2026-04-24,81,6,RT3,三連単,1-4-2,4690,12
2026-04-24,81,6,W,ワイド,1=4,260,4
2026-04-24,81,6,W,ワイド,1=2,130,1
2026-04-24,81,6,W,ワイド,2=4,550,8
2026-04-24,81,7,SH2,二車複,3=4,2330,6
2026-04-24,81,7,ST2,二車単,4-3,3700,10
2026-04-24,81,7,RH3,三連複,2=3=4,3190,10
2026-04-24,81,7,RT3,三連単,4-3-2,15820,45
2026-04-24,81,7,W,ワイド,3=4,440,7
2026-04-24,81,7,W,ワイド,2=4,380,6
2026-04-24,81,7,W,ワイド,2=3,330,5
2026-04-25,11,1,SH2,二車複,1=2,110,1
2026-04-25,11,1,ST2,二車単,1-2,420,2
2026-04-25,11,1,RH3,三連複,1=2=3,290,2
2026-04-25,11,1,RT3,三連単,1-2-3,990,3
2026-04-25,11,1,W,ワイド,1=2,100,1
2026-04-25,11,1,W,ワイド,1=3,180,2
2026-04-25,11,1,W,ワイド,2=3,220,5
2026-04-25,11,2,SH2,二車複,1=4,3050,7
2026-04-25,11,2,ST2,二車単,1-4,4140,13
2026-04-25,11,2,RH3,三連複,1=3=4,1130,5
2026-04-25,11,2,RT3,三連単,1-4-3,7230,26
2026-04-25,11,2,W,ワイド,1=4,510,7
2026-04-25,11,2,W,ワイド,1=3,220,2
2026-04-25,11,2,W,ワイド,3=4,260,4
2026-04-25,11,4,SH2,二車複,1=5,610,3
2026-04-25,11,4,ST2,二車単,1-5,1110,3
2026-04-25,11,4,RH3,三連複,1=3=5,500,2
2026-04-25,11,4,RT3,三連単,1-5-3,2050,8
2026-04-25,11,4,W,ワイド,1=5,310,4
2026-04-25,11,4,W,ワイド,1=3,160,2
2026-04-25,11,4,W,ワイド,3=5,400,7
2026-04-25,11,5,SH2,二車複,1=4,240,1
2026-04-25,11,5,ST2,二車単,1-4,310,1
2026-04-25,11,5,RH3,三連複,1=4=5,230,1
2026-04-25,11,5,RT3,三連単,1-4-5,470,1
2026-04-25,11,5,W,ワイド,1=4,140,1
2026-04-25,11,5,W,ワイド,1=5,200,4
2026-04-25,11,5,W,ワイド,4=5,220,5
2026-04-25,11,6,SH2,二車複,2=3,160,1
2026-04-25,11,6,ST2,二車単,3-2,280,1
2026-04-25,11,6,RH3,三連複,1=2=3,200,1
2026-04-25,11,6,RT3,三連単,3-2-1,620,1
2026-04-25,11,6,W,ワイド,2=3,110,2
2026-04-25,11,6,W,ワイド,1=3,140,3
2026-04-25,11,6,W,ワイド,1=2,110,1
2026-04-25,11,7,SH2,二車複,1=2,120,1
2026-04-25,11,7,SH2,二車複,1=5,710,8
2026-04-25,11,7,ST2,二車単,1-2,180,1
2026-04-25,11,7,ST2,二車単,1-5,1390,12
2026-04-25,11,7,RH3,三連複,1=2=5,1070,5
2026-04-25,11,7,RT3,三連単,1-2-5,1430,8
2026-04-25,11,7,RT3,三連単,1-5-2,3550,22
2026-04-25,11,7,W,ワイド,1=2,140,1
2026-04-25,11,7,W,ワイド,1=5,620,10
2026-04-25,11,7,W,ワイド,2=5,350,8
2026-04-25,11,8,SH2,二車複,1=3,110,1
2026-04-25,11,8,ST2,二車単,1-3,240,2
2026-04-25,11,8,RH3,三連複,1=3=6,130,1
2026-04-25,11,8,RT3,三連単,1-3-6,380,2
2026-04-25,11,8,W,ワイド,1=3,100,1
2026-04-25,11,8,W,ワイド,1=6,140,2
2026-04-25,11,8,W,ワイド,3=6,150,3
2026-04-25,11,9,SH2,二車複,2=3,700,4
2026-04-25,11,9,ST2,二車単,3-2,1170,4
2026-04-25,11,9,RH3,三連複,1=2=3,380,1
2026-04-25,11,9,RT3,三連単,3-2-1,3460,9
2026-04-25,11,9,W,ワイド,2=3,220,3
2026-04-25,11,9,W,ワイド,1=3,170,2
2026-04-25,11,9,W,ワイド,1=2,240,4
2026-04-25,35,1,SH2,二車複,1=4,230,1
2026-04-25,35,1,ST2,二車単,4-1,500,2
2026-04-25,35,1,RH3,三連複,1=3=4,120,1
2026-04-25,35,1,RT3,三連単,4-1-3,640,2
2026-04-25,35,1,W,ワイド,1=4,100,1
2026-04-25,35,1,W,ワイド,3=4,130,2
2026-04-25,35,1,W,ワイド,1=3,130,3
2026-04-25,35,2,SH2,二車複,2=4,130,1
2026-04-25,35,2,ST2,二車単,4-2,180,1
2026-04-25,35,2,RH3,三連複,2=4=7,600,2
2026-04-25,35,2,RT3,三連単,4-2-7,1180,2
2026-04-25,35,2,W,ワイド,2=4,130,1
2026-04-25,35,2,W,ワイド,4=7,180,3
2026-04-25,35,2,W,ワイド,2=7,370,7
2026-04-25,35,3,SH2,二車複,5=7,210,1
2026-04-25,35,3,ST2,二車単,7-5,600,2
2026-04-25,35,3,RH3,三連複,1=5=7,2230,7
2026-04-25,35,3,RT3,三連単,7-5-1,8270,26
2026-04-25,35,3,W,ワイド,5=7,130,1
2026-04-25,35,3,W,ワイド,1=7,740,9
2026-04-25,35,3,W,ワイド,1=5,1050,13
2026-04-25,35,4,SH2,二車複,1=7,1170,5
2026-04-25,35,4,ST2,二車単,7-1,1170,4
2026-04-25,35,4,RH3,三連複,1=3=7,3540,10
2026-04-25,35,4,RT3,三連単,7-1-3,6910,26
2026-04-25,35,4,W,ワイド,1=7,540,6
2026-04-25,35,4,W,ワイド,3=7,720,8
2026-04-25,35,4,W,ワイド,1=3,1710,15
2026-04-25,35,5,SH2,二車複,2=3,5130,12
2026-04-25,35,5,ST2,二車単,2-3,14670,27
2026-04-25,35,5,RH3,三連複,2=3=4,1360,5
2026-04-25,35,5,RT3,三連単,2-3-4,38370,74
2026-04-25,35,5,W,ワイド,2=3,1090,10
2026-04-25,35,5,W,ワイド,2=4,690,9
2026-04-25,35,5,W,ワイド,3=4,410,7
2026-04-25,35,6,SH2,二車複,3=5,1820,7
2026-04-25,35,6,ST2,二車単,5-3,3800,15
2026-04-25,35,6,RH3,三連複,3=4=5,7210,24
2026-04-25,35,6,RT3,三連単,5-3-4,49310,144
2026-04-25,35,6,W,ワイド,3=5,390,5
2026-04-25,35,6,W,ワイド,4=5,1290,17
2026-04-25,35,6,W,ワイド,3=4,800,11
2026-04-25,35,7,SH2,二車複,1=7,270,1
2026-04-25,35,7,ST2,二車単,7-1,920,4
2026-04-25,35,7,RH3,三連複,1=3=7,580,2
2026-04-25,35,7,RT3,三連単,7-1-3,3060,8
2026-04-25,35,7,W,ワイド,1=7,170,2
2026-04-25,35,7,W,ワイド,3=7,300,4
2026-04-25,35,7,W,ワイド,1=3,350,5
2026-04-25,35,8,SH2,二車複,6=7,3160,12
2026-04-25,35,8,ST2,二車単,7-6,8330,24
2026-04-25,35,8,RH3,三連複,5=6=7,6240,21
2026-04-25,35,8,RT3,三連単,7-6-5,55170,135
2026-04-25,35,8,W,ワイド,6=7,440,6
2026-04-25,35,8,W,ワイド,5=7,650,8
2026-04-25,35,8,W,ワイド,5=6,670,9
2026-04-25,35,9,SH2,二車複,1=5,150,1
2026-04-25,35,9,ST2,二車単,1-5,160,1
2026-04-25,35,9,RH3,三連複,1=4=5,230,1
2026-04-25,35,9,RT3,三連単,1-5-4,300,1
2026-04-25,35,9,W,ワイド,1=5,110,1
2026-04-25,35,9,W,ワイド,1=4,150,2
2026-04-25,35,9,W,ワイド,4=5,210,5
2026-04-25,35,10,SH2,二車複,3=6,110,1
2026-04-25,35,10,ST2,二車単,6-3,140,1
2026-04-25,35,10,RH3,三連複,3=5=6,220,1
2026-04-25,35,10,RT3,三連単,6-3-5,370,1
2026-04-25,35,10,W,ワイド,3=6,100,1
2026-04-25,35,10,W,ワイド,5=6,150,2
2026-04-25,35,10,W,ワイド,3=5,200,3
2026-04-25,35,11,SH2,二車複,2=6,580,2
2026-04-25,35,11,ST2,二車単,6-2,830,3
2026-04-25,35,11,RH3,三連複,1=2=6,1330,6
2026-04-25,35,11,RT3,三連単,6-2-1,4610,12
2026-04-25,35,11,W,ワイド,2=6,190,1
2026-04-25,35,11,W,ワイド,1=6,220,2
2026-04-25,35,11,W,ワイド,1=2,350,7
2026-04-25,42,1,SH2,二車複,2=6,570,2
2026-04-25,42,1,ST2,二車単,2-6,1380,5
2026-04-25,42,1,RH3,三連複,1=2=6,1760,8
2026-04-25,42,1,RT3,三連単,2-6-1,8460,35
2026-04-25,42,1,W,ワイド,2=6,210,2
2026-04-25,42,1,W,ワイド,1=2,470,8
2026-04-25,42,1,W,ワイド,1=6,440,7
2026-04-25,42,2,WH2,枠複,3=6,530,2
2026-04-25,42,2,WT2,枠単,3-6,1030,5
2026-04-25,42,2,SH2,二車複,3=6,1680,9
2026-04-25,42,2,ST2,二車単,3-6,2300,9
2026-04-25,42,2,RH3,三連複,3=5=6,430,1
2026-04-25,42,2,RT3,三連単,3-6-5,3690,10
2026-04-25,42,2,W,ワイド,3=6,340,5
2026-04-25,42,2,W,ワイド,3=5,150,1
2026-04-25,42,2,W,ワイド,5=6,300,4
2026-04-25,42,3,WH2,枠複,1=5,150,1
2026-04-25,42,3,WT2,枠単,1-5,280,1
2026-04-25,42,3,SH2,二車複,1=5,170,1
2026-04-25,42,3,ST2,二車単,1-5,260,1
2026-04-25,42,3,RH3,三連複,1=3=5,540,2
2026-04-25,42,3,RT3,三連単,1-5-3,1220,2
2026-04-25,42,3,W,ワイド,1=5,140,1
2026-04-25,42,3,W,ワイド,1=3,260,3
2026-04-25,42,3,W,ワイド,3=5,410,6
2026-04-25,42,4,WH2,枠複,1=2,2600,10
2026-04-25,42,4,WT2,枠単,1-2,7140,21
2026-04-25,42,4,SH2,二車複,1=2,2580,10
2026-04-25,42,4,ST2,二車単,1-2,6940,17
2026-04-25,42,4,RH3,三連複,1=2=5,3500,10
2026-04-25,42,4,RT3,三連単,1-2-5,28180,70
2026-04-25,42,4,W,ワイド,1=2,560,6
2026-04-25,42,4,W,ワイド,1=5,780,10
2026-04-25,42,4,W,ワイド,2=5,810,11
2026-04-25,42,5,WH2,枠複,4=5,750,5
2026-04-25,42,5,WT2,枠単,4-5,1730,8
2026-04-25,42,5,SH2,二車複,4=7,1690,8
2026-04-25,42,5,ST2,二車単,4-7,2460,11
2026-04-25,42,5,RH3,三連複,1=4=7,8240,32
2026-04-25,42,5,RT3,三連単,4-7-1,27610,102
2026-04-25,42,5,W,ワイド,4=7,900,12
2026-04-25,42,5,W,ワイド,1=4,2240,25
2026-04-25,42,5,W,ワイド,1=7,1360,17
2026-04-25,42,6,WH2,枠複,2=4,270,1
2026-04-25,42,6,WT2,枠単,4-2,800,2
2026-04-25,42,6,SH2,二車複,2=5,310,1
2026-04-25,42,6,ST2,二車単,5-2,790,2
2026-04-25,42,6,RH3,三連複,2=5=8,7620,22
2026-04-25,42,6,RT3,三連単,5-2-8,23080,68
2026-04-25,42,6,W,ワイド,2=5,160,1
2026-04-25,42,6,W,ワイド,5=8,2130,22
2026-04-25,42,6,W,ワイド,2=8,2850,25
2026-04-25,42,7,WH2,枠複,4=5,370,2
2026-04-25,42,7,WT2,枠単,5-4,720,2
2026-04-25,42,7,SH2,二車複,5=7,420,1
2026-04-25,42,7,ST2,二車単,7-5,820,2
2026-04-25,42,7,RH3,三連複,5=7=8,5060,18
2026-04-25,42,7,RT3,三連単,7-5-8,14310,43
2026-04-25,42,7,W,ワイド,5=7,290,2
2026-04-25,42,7,W,ワイド,7=8,1100,16
2026-04-25,42,7,W,ワイド,5=8,1710,23
2026-04-25,42,8,WH2,枠複,1=4,530,2
2026-04-25,42,8,WT2,枠単,4-1,1030,3
2026-04-25,42,8,SH2,二車複,1=5,520,2
2026-04-25,42,8,ST2,二車単,5-1,1010,3
2026-04-25,42,8,RH3,三連複,1=4=5,8790,26
2026-04-25,42,8,RT3,三連単,5-1-4,24520,88
2026-04-25,42,8,W,ワイド,1=5,470,4
2026-04-25,42,8,W,ワイド,4=5,4110,32
2026-04-25,42,8,W,ワイド,1=4,2230,21
2026-04-25,42,9,WH2,枠複,1=6,170,1
2026-04-25,42,9,WT2,枠単,6-1,320,1
2026-04-25,42,9,SH2,二車複,1=9,160,1
2026-04-25,42,9,ST2,二車単,9-1,350,1
2026-04-25,42,9,RH3,三連複,1=5=9,300,1
2026-04-25,42,9,RT3,三連単,9-1-5,620,1
2026-04-25,42,9,W,ワイド,1=9,130,1
2026-04-25,42,9,W,ワイド,5=9,260,2
2026-04-25,42,9,W,ワイド,1=5,300,5
2026-04-25,42,10,WH2,枠複,2=6,520,2
2026-04-25,42,10,WT2,枠単,2-6,1150,6
2026-04-25,42,10,SH2,二車複,2=9,520,2
2026-04-25,42,10,ST2,二車単,2-9,1200,5
2026-04-25,42,10,RH3,三連複,2=6=9,1530,5
2026-04-25,42,10,RT3,三連単,2-9-6,4240,12
2026-04-25,42,10,W,ワイド,2=9,330,4
2026-04-25,42,10,W,ワイド,2=6,910,12
2026-04-25,42,10,W,ワイド,6=9,1250,16
2026-04-25,42,11,WH2,枠複,1=3,1380,9
2026-04-25,42,11,WT2,枠単,1-3,3580,17
2026-04-25,42,11,SH2,二車複,1=3,1590,7
2026-04-25,42,11,ST2,二車単,1-3,3210,12
2026-04-25,42,11,RH3,三連複,1=3=4,3020,10
2026-04-25,42,11,RT3,三連単,1-3-4,21060,69
2026-04-25,42,11,W,ワイド,1=3,520,7
2026-04-25,42,11,W,ワイド,1=4,810,9
2026-04-25,42,11,W,ワイド,3=4,1350,15
2026-04-25,42,12,WH2,枠複,1=5,1760,8
2026-04-25,42,12,WT2,枠単,5-1,2700,13
2026-04-25,42,12,SH2,二車複,1=6,1960,7
2026-04-25,42,12,ST2,二車単,6-1,3600,13
2026-04-25,42,12,RH3,三連複,1=6=9,2600,10
2026-04-25,42,12,RT3,三連単,6-1-9,8890,21
2026-04-25,42,12,W,ワイド,1=6,530,6
2026-04-25,42,12,W,ワイド,6=9,880,13
2026-04-25,42,12,W,ワイド,1=9,520,4
2026-04-25,53,1,SH2,二車複,2=4,190,1
2026-04-25,53,1,ST2,二車単,4-2,750,3
2026-04-25,53,1,RH3,三連複,2=4=6,3320,11
2026-04-25,53,1,RT3,三連単,4-2-6,11800,40
2026-04-25,53,1,W,ワイド,2=4,140,1
2026-04-25,53,1,W,ワイド,4=6,1390,17
2026-04-25,53,1,W,ワイド,2=6,1220,14
2026-04-25,53,2,SH2,二車複,1=2,110,1
2026-04-25,53,2,ST2,二車単,2-1,1210,3
2026-04-25,53,2,RH3,三連複,1=2=7,190,1
2026-04-25,53,2,RT3,三連単,2-1-7,3460,7
2026-04-25,53,2,W,ワイド,1=2,100,1
2026-04-25,53,2,W,ワイド,2=7,210,4
2026-04-25,53,2,W,ワイド,1=7,180,2
2026-04-25,53,3,SH2,二車複,1=2,100,1
2026-04-25,53,3,ST2,二車単,1-2,100,1
2026-04-25,53,3,RH3,三連複,1=2=5,140,1
2026-04-25,53,3,RT3,三連単,1-2-5,140,1
2026-04-25,53,3,W,ワイド,1=2,100,1
2026-04-25,53,3,W,ワイド,1=5,130,3
2026-04-25,53,3,W,ワイド,2=5,130,2
2026-04-25,53,4,SH2,二車複,1=2,100,1
2026-04-25,53,4,ST2,二車単,1-2,140,1
2026-04-25,53,4,RH3,三連複,1=2=6,150,1
2026-04-25,53,4,RT3,三連単,1-2-6,210,1
2026-04-25,53,4,W,ワイド,1=2,100,1
2026-04-25,53,4,W,ワイド,1=6,150,3
2026-04-25,53,4,W,ワイド,2=6,120,2
2026-04-25,53,5,SH2,二車複,3=4,580,2
2026-04-25,53,5,ST2,二車単,3-4,840,3
2026-04-25,53,5,RH3,三連複,2=3=4,1060,4
2026-04-25,53,5,RT3,三連単,3-4-2,2110,5
2026-04-25,53,5,W,ワイド,3=4,350,7
2026-04-25,53,5,W,ワイド,2=3,200,3
2026-04-25,53,5,W,ワイド,2=4,680,8
2026-04-25,53,6,SH2,二車複,1=2,130,1
2026-04-25,53,6,ST2,二車単,2-1,200,1
2026-04-25,53,6,RH3,三連複,1=2=3,980,4
2026-04-25,53,6,RT3,三連単,2-1-3,2230,7
2026-04-25,53,6,W,ワイド,1=2,120,1
2026-04-25,53,6,W,ワイド,2=3,510,9
2026-04-25,53,6,W,ワイド,1=3,430,8
2026-04-25,53,7,SH2,二車複,1=2,140,1
2026-04-25,53,7,ST2,二車単,1-2,120,1
2026-04-25,53,7,RH3,三連複,1=2=3,860,2
2026-04-25,53,7,RT3,三連単,1-2-3,1260,3
2026-04-25,53,7,W,ワイド,1=2,100,1
2026-04-25,53,7,W,ワイド,1=3,210,4
2026-04-25,53,7,W,ワイド,2=3,300,5
2026-04-25,53,8,SH2,二車複,3=6,9200,11
2026-04-25,53,8,ST2,二車単,6-3,20310,18
2026-04-25,53,8,RH3,三連複,1=3=6,3420,6
2026-04-25,53,8,RT3,三連単,6-3-1,54470,42
2026-04-25,53,8,W,ワイド,3=6,3870,11
2026-04-25,53,8,W,ワイド,1=6,1850,6
2026-04-25,53,8,W,ワイド,1=3,1020,5
2026-04-25,53,9,SH2,二車複,1=4,1070,5
2026-04-25,53,9,ST2,二車単,4-1,1720,5
2026-04-25,53,9,RH3,三連複,1=4=6,1390,4
2026-04-25,53,9,RT3,三連単,4-1-6,6640,15
2026-04-25,53,9,W,ワイド,1=4,340,5
2026-04-25,53,9,W,ワイド,4=6,1090,17
2026-04-25,53,9,W,ワイド,1=6,290,3
2026-04-25,55,1,SH2,二車複,2=6,8260,15
2026-04-25,55,1,ST2,二車単,2-6,15420,25
2026-04-25,55,1,RH3,三連複,2=6=7,7000,17
2026-04-25,55,1,RT3,三連単,2-6-7,75790,102
2026-04-25,55,1,W,ワイド,2=6,1750,14
2026-04-25,55,1,W,ワイド,2=7,470,8
2026-04-25,55,1,W,ワイド,6=7,760,10
2026-04-25,55,2,SH2,二車複,2=7,200,1
2026-04-25,55,2,ST2,二車単,2-7,290,1
2026-04-25,55,2,RH3,三連複,2=4=7,330,1
2026-04-25,55,2,RT3,三連単,2-7-4,610,1
2026-04-25,55,2,W,ワイド,2=7,120,1
2026-04-25,55,2,W,ワイド,2=4,230,3
2026-04-25,55,2,W,ワイド,4=7,290,6
2026-04-25,55,3,SH2,二車複,4=6,3730,10
2026-04-25,55,3,ST2,二車単,4-6,5650,15
2026-04-25,55,3,RH3,三連複,4=5=6,15820,30
2026-04-25,55,3,RT3,三連単,4-6-5,89680,119
2026-04-25,55,3,W,ワイド,4=6,2740,16
2026-04-25,55,3,W,ワイド,4=5,390,5
2026-04-25,55,3,W,ワイド,5=6,5810,20
2026-04-25,55,4,SH2,二車複,4=7,2310,12
2026-04-25,55,4,ST2,二車単,4-7,4280,22
2026-04-25,55,4,RH3,三連複,3=4=7,3670,19
2026-04-25,55,4,RT3,三連単,4-7-3,17130,67
2026-04-25,55,4,W,ワイド,4=7,490,10
2026-04-25,55,4,W,ワイド,3=4,340,5
2026-04-25,55,4,W,ワイド,3=7,2030,21
2026-04-25,55,5,SH2,二車複,1=5,680,3
2026-04-25,55,5,ST2,二車単,1-5,970,4
2026-04-25,55,5,RH3,三連複,1=4=5,780,3
2026-04-25,55,5,RT3,三連単,1-5-4,3870,12
2026-04-25,55,5,W,ワイド,1=5,200,2
2026-04-25,55,5,W,ワイド,1=4,240,3
2026-04-25,55,5,W,ワイド,4=5,320,5
2026-04-25,55,6,SH2,二車複,3=5,430,2
2026-04-25,55,6,ST2,二車単,3-5,1050,4
2026-04-25,55,6,RH3,三連複,2=3=5,1080,5
2026-04-25,55,6,RT3,三連単,3-5-2,4550,12
2026-04-25,55,6,W,ワイド,3=5,270,2
2026-04-25,55,6,W,ワイド,2=3,430,7
2026-04-25,55,6,W,ワイド,2=5,430,8
2026-04-25,55,7,SH2,二車複,4=6,2100,9
2026-04-25,55,7,ST2,二車単,4-6,2420,11
2026-04-25,55,7,RH3,三連複,4=6=7,2840,15
2026-04-25,55,7,RT3,三連単,4-6-7,18650,75
2026-04-25,55,7,W,ワイド,4=6,510,7
2026-04-25,55,7,W,ワイド,4=7,330,3
2026-04-25,55,7,W,ワイド,6=7,790,13
2026-04-26,42,1,SH2,二車複,2=4,800,5
2026-04-26,42,1,ST2,二車単,4-2,830,5
2026-04-26,42,1,RH3,三連複,1=2=4,910,6
2026-04-26,42,1,RT3,三連単,4-2-1,3200,15
2026-04-26,42,1,W,ワイド,2=4,280,5
2026-04-26,42,1,W,ワイド,1=4,180,2
2026-04-26,42,1,W,ワイド,1=2,700,10
2026-04-26,42,2,SH2,二車複,1=5,210,1
2026-04-26,42,2,ST2,二車単,1-5,260,1
2026-04-26,42,2,RH3,三連複,1=3=5,570,2
2026-04-26,42,2,RT3,三連単,1-5-3,1210,6
2026-04-26,42,2,W,ワイド,1=5,120,1
2026-04-26,42,2,W,ワイド,1=3,280,5
2026-04-26,42,2,W,ワイド,3=5,370,6
2026-04-26,42,3,SH2,二車複,1=4,410,2
2026-04-26,42,3,ST2,二車単,1-4,740,2
2026-04-26,42,3,RH3,三連複,1=4=5,870,2
2026-04-26,42,3,RT3,三連単,1-4-5,2750,9
2026-04-26,42,3,W,ワイド,1=4,150,1
2026-04-26,42,3,W,ワイド,1=5,240,4
2026-04-26,42,3,W,ワイド,4=5,490,9
2026-04-26,42,4,WH2,枠複,1=6,470,2
2026-04-26,42,4,WT2,枠単,6-1,440,1
2026-04-26,42,4,SH2,二車複,1=9,360,2
2026-04-26,42,4,ST2,二車単,9-1,440,1
2026-04-26,42,4,RH3,三連複,1=8=9,3530,11
2026-04-26,42,4,RT3,三連単,9-1-8,4730,13
2026-04-26,42,4,W,ワイド,1=9,200,2
2026-04-26,42,4,W,ワイド,8=9,1260,14
2026-04-26,42,4,W,ワイド,1=8,2710,23
2026-04-26,42,5,WH2,枠複,1=6,550,2
2026-04-26,42,5,WT2,枠単,1-6,690,2
2026-04-26,42,5,SH2,二車複,1=9,500,2
2026-04-26,42,5,ST2,二車単,1-9,720,2
2026-04-26,42,5,RH3,三連複,1=6=9,1530,4
2026-04-26,42,5,RT3,三連単,1-9-6,2170,2
2026-04-26,42,5,W,ワイド,1=9,320,4
2026-04-26,42,5,W,ワイド,1=6,650,8
2026-04-26,42,5,W,ワイド,6=9,1600,21
2026-04-26,42,6,WH2,枠複,1=6,290,1
2026-04-26,42,6,WT2,枠単,1-6,410,1
2026-04-26,42,6,SH2,二車複,1=9,300,1
2026-04-26,42,6,ST2,二車単,1-9,410,1
2026-04-26,42,6,RH3,三連複,1=4=9,710,1
2026-04-26,42,6,RT3,三連単,1-9-4,890,1
2026-04-26,42,6,W,ワイド,1=9,230,1
2026-04-26,42,6,W,ワイド,1=4,420,5
2026-04-26,42,6,W,ワイド,4=9,750,9
2026-04-26,42,7,WH2,枠複,4=6,1010,5
2026-04-26,42,7,WT2,枠単,6-4,1480,6
2026-04-26,42,7,SH2,二車複,4=9,1740,6
2026-04-26,42,7,ST2,二車単,9-4,1730,6
2026-04-26,42,7,RH3,三連複,2=4=9,10350,32
2026-04-26,42,7,RT3,三連単,9-4-2,19970,61
2026-04-26,42,7,W,ワイド,4=9,540,5
2026-04-26,42,7,W,ワイド,2=9,1050,13
2026-04-26,42,7,W,ワイド,2=4,2270,32
2026-04-26,42,8,WH2,枠複,3=5,710,3
2026-04-26,42,8,WT2,枠単,3-5,910,3
2026-04-26,42,8,SH2,二車複,3=6,2410,6
2026-04-26,42,8,ST2,二車単,3-6,3860,10
2026-04-26,42,8,RH3,三連複,3=6=9,4630,15
2026-04-26,42,8,RT3,三連単,3-6-9,17250,50
2026-04-26,42,8,W,ワイド,3=6,870,10
2026-04-26,42,8,W,ワイド,3=9,290,2
2026-04-26,42,8,W,ワイド,6=9,1970,24
2026-04-26,86,1,SH2,二車複,5=6,2600,9
2026-04-26,86,1,ST2,二車単,6-5,6260,20
2026-04-26,86,1,RH3,三連複,3=5=6,9280,23
2026-04-26,86,1,RT3,三連単,6-5-3,37180,90
2026-04-26,86,1,W,ワイド,5=6,1050,12
2026-04-26,86,1,W,ワイド,3=6,1510,18
2026-04-26,86,1,W,ワイド,3=5,450,6
2026-04-26,86,2,SH2,二車複,4=5,480,3
2026-04-26,86,2,ST2,二車単,5-4,1320,7
2026-04-26,86,2,RH3,三連複,3=4=5,500,2
2026-04-26,86,2,RT3,三連単,5-4-3,3070,12
2026-04-26,86,2,W,ワイド,4=5,200,3
2026-04-26,86,2,W,ワイド,3=5,330,5
2026-04-26,86,2,W,ワイド,3=4,150,1
2026-04-26,86,3,SH2,二車複,2=7,230,1
2026-04-26,86,3,ST2,二車単,2-7,350,1
2026-04-26,86,3,RH3,三連複,2=6=7,1900,9
2026-04-26,86,3,RT3,三連単,2-7-6,4410,13
2026-04-26,86,3,W,ワイド,2=7,140,1
2026-04-26,86,3,W,ワイド,2=6,610,12
2026-04-26,86,3,W,ワイド,6=7,730,15
2026-04-26,86,4,SH2,二車複,1=4,280,1
2026-04-26,86,4,ST2,二車単,4-1,990,5
2026-04-26,86,4,RH3,三連複,1=3=4,1590,6
2026-04-26,86,4,RT3,三連単,4-1-3,10720,38
2026-04-26,86,4,W,ワイド,1=4,190,1
2026-04-26,86,4,W,ワイド,3=4,1520,14
2026-04-26,86,4,W,ワイド,1=3,570,9
2026-04-26,86,5,SH2,二車複,2=7,530,3
2026-04-26,86,5,ST2,二車単,2-7,1300,6
2026-04-26,86,5,RH3,三連複,2=5=7,3430,10
2026-04-26,86,5,RT3,三連単,2-7-5,11420,34
2026-04-26,86,5,W,ワイド,2=7,330,5
2026-04-26,86,5,W,ワイド,2=5,1390,12
2026-04-26,86,5,W,ワイド,5=7,1440,13
2026-04-26,86,6,SH2,二車複,4=5,1440,2
2026-04-26,86,6,ST2,二車単,5-4,1430,3
2026-04-26,86,6,RH3,三連複,4=5=6,12240,15
2026-04-26,86,6,RT3,三連単,5-4-6,23340,32
2026-04-26,86,6,W,ワイド,4=5,1470,5
2026-04-26,86,6,W,ワイド,5=6,8240,12
2026-04-26,86,6,W,ワイド,4=6,13020,16
2026-04-26,86,7,SH2,二車複,2=7,4000,14
2026-04-26,86,7,ST2,二車単,7-2,8910,28
2026-04-26,86,7,RH3,三連複,2=3=7,4440,21
2026-04-26,86,7,RT3,三連単,7-2-3,53020,153
2026-04-26,86,7,W,ワイド,2=7,770,13
2026-04-26,86,7,W,ワイド,3=7,700,9
2026-04-26,86,7,W,ワイド,2=3,1020,16
2026-04-26,87,1,SH2,二車複,1=3,630,4
2026-04-26,87,1,ST2,二車単,3-1,880,4
2026-04-26,87,1,RH3,三連複,1=3=4,350,1
2026-04-26,87,1,RT3,三連単,3-1-4,1490,2
2026-04-26,87,1,W,ワイド,1=3,150,3
2026-04-26,87,1,W,ワイド,3=4,150,2
2026-04-26,87,1,W,ワイド,1=4,130,1
2026-04-26,87,2,SH2,二車複,2=4,820,3
2026-04-26,87,2,ST2,二車単,4-2,1340,5
2026-04-26,87,2,RH3,三連複,1=2=4,1800,8
2026-04-26,87,2,RT3,三連単,4-2-1,6650,22
2026-04-26,87,2,W,ワイド,2=4,390,3
2026-04-26,87,2,W,ワイド,1=4,650,11
2026-04-26,87,2,W,ワイド,1=2,530,8
2026-04-26,87,3,SH2,二車複,2=4,720,3
2026-04-26,87,3,ST2,二車単,4-2,990,5
2026-04-26,87,3,RH3,三連複,2=4=7,2400,6
2026-04-26,87,3,RT3,三連単,4-2-7,3060,10
2026-04-26,87,3,W,ワイド,2=4,430,6
2026-04-26,87,3,W,ワイド,4=7,420,5
2026-04-26,87,3,W,ワイド,2=7,780,10
2026-04-26,87,4,SH2,二車複,1=4,140,1
2026-04-26,87,4,ST2,二車単,1-4,160,1
2026-04-26,87,4,RH3,三連複,1=4=5,340,2
2026-04-26,87,4,RT3,三連単,1-4-5,590,2
2026-04-26,87,4,W,ワイド,1=4,100,1
2026-04-26,87,4,W,ワイド,1=5,200,2
2026-04-26,87,4,W,ワイド,4=5,330,6
2026-04-26,87,5,SH2,二車複,1=2,1330,6
2026-04-26,87,5,ST2,二車単,1-2,3690,16
2026-04-26,87,5,RH3,三連複,1=2=4,1120,6
2026-04-26,87,5,RT3,三連単,1-2-4,11710,43
2026-04-26,87,5,W,ワイド,1=2,280,3
2026-04-26,87,5,W,ワイド,1=4,200,1
2026-04-26,87,5,W,ワイド,2=4,520,9
2026-04-26,87,6,SH2,二車複,3=4,830,4
2026-04-26,87,6,ST2,二車単,3-4,1370,6
2026-04-26,87,6,RH3,三連複,3=4=5,860,3
2026-04-26,87,6,RT3,三連単,3-4-5,4480,16
2026-04-26,87,6,W,ワイド,3=4,320,5
2026-04-26,87,6,W,ワイド,3=5,170,1
2026-04-26,87,6,W,ワイド,4=5,450,7
2026-04-26,87,7,SH2,二車複,1=2,2310,8
2026-04-26,87,7,ST2,二車単,1-2,5230,22
2026-04-26,87,7,RH3,三連複,1=2=4,6740,19
2026-04-26,87,7,RT3,三連単,1-2-4,54850,119
2026-04-26,87,7,W,ワイド,1=2,330,2
2026-04-26,87,7,W,ワイド,1=4,1340,17
2026-04-26,87,7,W,ワイド,2=4,780,12
2026-04-26,87,8,SH2,二車複,1=7,540,2
2026-04-26,87,8,ST2,二車単,7-1,1260,4
2026-04-26,87,8,RH3,三連複,1=4=7,1110,5
2026-04-26,87,8,RT3,三連単,7-1-4,4230,11
2026-04-26,87,8,W,ワイド,1=7,340,4
2026-04-26,87,8,W,ワイド,4=7,470,7
2026-04-26,87,8,W,ワイド,1=4,480,8
